year,place_id,right_type,from_holder,to_holder,event_type,en,fr,de,ja
1130,chemery,manorial_lord,,abbey-freistroff,cession,Chémery is given to Freistroff abbey.,Chémery est donné à l'abbaye de Freistroff.,Chémery wird der Abtei Freistroff geschenkt.,シェムリがフレストロフ修道院に寄進される。
1211,turquestein,suzerain,county-dabo,bishopric-metz,inheritance,"On the last count of Dabo's death, Bishop Conrad leaves Gertrude of Dabo only a life interest in Herrenstein, Turquestein, Sarrebourg and Sarralbe.","Le dernier comte de Dabo mort, l'évêque Conrad n'accorde à Gertrude de Dabo que l'usufruit à vie de Herrenstein, Turquestein, Sarrebourg et Sarralbe.","Nach dem Tod des letzten Grafen von Dagsburg belässt Bischof Konrad Gertrud von Dagsburg nur den lebenslangen Nießbrauch von Herrenstein, Türkstein, Saarburg und Saaralben.",最後のダボ伯の死後、司教コンラートはゲルトルート・ド・ダボにエランスタン、テュルクスタン、サールブール、サラルブの終身用益権のみを残す。
1234,county-sarrebruck,suzerain,bishopric-metz,,judgment,Bishop John of Apremont allows the county of Saarbrücken to pass through the female line.,L'évêque Jean d'Apremont permet la transmission du comté de Sarrebruck par les femmes.,Bischof Johann von Apremont lässt die weibliche Erbfolge in der Grafschaft Saarbrücken zu.,司教ジャン・ダプルモンがザールブリュッケン伯領の女系相続を認める。
1238,county-bliescastel,suzerain,bishopric-metz,,judgment,Bishop John of Apremont allows the county of Blieskastel to pass through the female line.,L'évêque Jean d'Apremont permet la transmission du comté de Bliescastel par les femmes.,Bischof Johann von Apremont lässt die weibliche Erbfolge in der Grafschaft Blieskastel zu.,司教ジャン・ダプルモンがブリースカステル伯領の女系相続を認める。
1302,county-bitche,,duchy-lorraine,house-deux-ponts-bitche,exchange,"By Hanau's later account, Bitche was exchanged in 1302 for Sarreguemines and Marimont.","D'après Hanau, Bitche aurait été échangé en 1302 contre Sarreguemines et Marimont.",Nach Hanauer Darstellung wurde Bitsch 1302 gegen Saargemünd und Mörsberg getauscht.,ハーナウ側の主張では、ビチェーは1302年にサルグミーヌおよびマリモンと交換された。
1307,neuviller,manorial_lord,bishopric-metz,county-hanau-lichtenberg,pledge,Neuviller is pledged to Hanau-Lichtenberg; the bishop of Metz later fails to recover it through the Imperial Chamber.,Neuviller est engagé aux Hanau-Lichtenberg ; l'évêque de Metz échoue plus tard à le récupérer devant la Chambre impériale.,Neuweiler wird an Hanau-Lichtenberg verpfändet; der Bischof von Metz scheitert später vor dem Reichskammergericht mit der Rückforderung.,ヌヴィレールがハーナウ＝リヒテンベルク家に担保として渡される。メス司教は後に帝国最高法院で取り戻そうとして失敗する。
1360,gueroldseck,manorial_lord,house-geroldseck,bishopric-metz,confiscation,"After John of Geroldseck dies, Bishop Adhémar takes his castle and fiefs back into the bishopric for the time being.","Jean de Guéroldseck mort, l'évêque Adémar reprend provisoirement son château et ses fiefs pour l'évêché.",Nach dem Tod Johanns von Geroldseck zieht Bischof Adhemar dessen Burg und Lehen vorläufig an das Bistum.,ジャン・ド・ゲロルトゼックの死後、司教アデマールがその城と封土を一時的に司教領に回収する。
1373,marmoutier,suzerain,bishopric-metz,,judgment,Bishop Dietrich of Boppard rules that fiefs between the upper Saar and Alsace pass only to male heirs.,L'évêque Thierry de Boppard décide qu'entre la Haute-Sarre et l'Alsace les fiefs ne passent qu'aux héritiers mâles.,"Bischof Dietrich von Boppard bestimmt, dass Lehen zwischen oberer Saar und Elsass nur an männliche Erben fallen.",司教ディートリヒ・フォン・ボッパルトが、上ザール地方とアルザスの間の封土は男子にのみ相続されると定める。
1390,gueroldseck,manorial_lord,bishopric-metz,house-geroldseck,judgment,Bishop Raoul of Coucy lets the Geroldseck fiefs pass through the female line.,L'évêque Raoul de Coucy admet la transmission des fiefs de Guéroldseck par les femmes.,Bischof Raoul von Coucy lässt die weibliche Erbfolge für die Geroldsecker Lehen zu.,司教ラウール・ド・クシーがゲロルトゼックの封土の女系相続を認める。
1408,county-sarrewerden,suzerain,bishopric-metz,,judgment,Bishop Raoul of Coucy claims that fiefs beyond the Saar revert to the bishopric when a vassal leaves no son.,L'évêque Raoul de Coucy soutient que les fiefs d'au-delà de la Sarre reviennent à l'évêché si le vassal meurt sans fils.,"Bischof Raoul von Coucy beansprucht, dass Lehen jenseits der Saar an das Bistum zurückfallen, wenn ein Vasall ohne Sohn stirbt.",司教ラウール・ド・クシーが、ザール川の向こうの封土は家臣が男子なく死ねば司教領に戻ると主張する。
1416,lordship-sarralbe,manorial_lord,county-salm,house-bayer-boppart,cession,John of Salm sells his rights as pledge holder of Sarralbe to Henry Bayer of Boppard.,Jean de Salm vend ses droits d'engagiste sur Sarralbe à Henri Bayer de Boppart.,Johann von Salm verkauft seine Pfandrechte an Saaralben an Heinrich Bayer von Boppard.,ジャン・ド・サルムがサラルブの担保権をハインリヒ・バイヤー・フォン・ボッパルトに売る。
1418,county-sarrewerden,manorial_lord,bishopric-metz,jean-ier-de-moers-sarrewerden,enfeoffment,"Bishop Conrad Bayer enfeoffs John I of Moers with Sarrewerden, to revert if the male line ends.","L'évêque Conrad Bayer inféode Sarrewerden à Jean Ier de Moers, avec retour si la lignée masculine s'éteint.","Bischof Konrad Bayer belehnt Johann I. von Moers mit Saarwerden, mit Heimfall beim Erlöschen des Mannesstamms.",司教コンラート・バイヤーがサールヴェルデンをヨハン1世・フォン・メールスに封じる。男系断絶の際は返還される。
1443,county-sarrewerden,suzerain,jean-de-fenetrange,county-nassau-saarbruecken,treaty,John of Fénétrange and the count of Nassau divide the Rosières inheritance along the Saar.,"Jean de Fénétrange et le comte de Nassau divisent l'héritage de Rosières, la Sarre servant de limite.",Johann von Finstingen und der Graf von Nassau teilen das Rosières-Erbe entlang der Saar.,ジャン・ド・フェネトランジュとナッサウ伯が、ロジエール家の遺産をザール川を境に分ける。
1460,county-petite-pierre,suzerain,bishopric-metz,county-la-petite-pierre,judgment,Bishop George of Baden lets the Metz fiefs of the counts of La Petite-Pierre pass through the female line.,L'évêque Georges de Bade accepte que les fiefs tenus de Metz par les comtes de La Petite-Pierre se transmettent aussi par les filles.,Bischof Georg von Baden lässt die weibliche Erbfolge für die Metzer Lehen der Grafen von Lützelstein zu.,司教ゲオルク・フォン・バーデンが、ラ・プティット＝ピエール伯のメス封土の女系相続を認める。
1481,county-sarrewerden,suzerain,bishopric-metz,,judgment,Bishop George of Baden reserves Sarrewerden's return to the bishopric should the house of Moers die out.,L'évêque Georges de Bade se réserve le retour de Sarrewerden à l'évêché si la maison de Moers s'éteint.,"Bischof Georg von Baden behält sich den Heimfall Saarwerdens an das Bistum vor, falls das Haus Moers ausstirbt.",司教ゲオルク・フォン・バーデンが、メールス家断絶の際のサールヴェルデンの司教領への返還を留保する。
1487,marmoutier,suzerain,house-ochsenstein,bishopric-metz,confiscation,"On George of Ochsenstein's death, the bishop takes his fiefs east of the Saar back into the bishopric.","Georges d'Ochsenstein décédé, ses fiefs à l'est de la Sarre font retour à l'évêché sur décision de l'évêque.",Nach dem Tod Georgs von Ochsenstein zieht der Bischof dessen Lehen östlich der Saar an das Bistum.,ゲオルク・フォン・オクセンシュタインの死後、司教がザール川以東のその封土を司教領に回収する。
1490,lordship-rechicourt,manorial_lord,sigismond-wecker-linange-rechicourt,bishopric-metz,purchase,Childless Sigismund Wecker of Leiningen sells his share of Réchicourt and his Metz fiefs to the bishop.,"Sans enfant, Sigismond-Wecker de Linange vend à l'évêque sa part de Réchicourt et ses fiefs messins.",Der kinderlose Sigismund Wecker von Leiningen verkauft seinen Anteil an Rixingen und seine Metzer Lehen dem Bischof.,子のないジギスムント・ヴェッカー・フォン・ライニンゲンが、レシクールの持分とメス封土を司教に売る。
1490,marmoutier,manorial_lord,bishopric-metz,henri-de-deux-ponts-bitche,enfeoffment,The bishop grants the Ochsenstein fiefs to Henry of Zweibrücken-Bitsch on the same terms.,L'évêque inféode les fiefs d'Ochsenstein à Henri de Deux-Ponts-Bitche aux mêmes conditions.,Der Bischof belehnt Heinrich von Zweibrücken-Bitsch zu denselben Bedingungen mit den Ochsensteiner Lehen.,司教がオクセンシュタインの封土を同じ条件でハインリヒ・フォン・ツヴァイブリュッケン＝ビッチュに与える。
1501,county-blamont,manorial_lord,bishopric-metz,duchy-lorraine,purchase,Lorraine acquires Blâmont from the bishopric of Metz.,La Lorraine acquiert Blâmont de l'évêché de Metz.,Lothringen erwirbt Blankenberg vom Bistum Metz.,ロレーヌがメス司教領からブラモンを取得する。
1527,county-sarrewerden,manorial_lord,bishopric-metz,duchy-lorraine,enfeoffment,Bishop John of Lorraine declares Sarrewerden returned to the bishopric and enfeoffs his brother Duke Antoine with it.,"L'évêque Jean de Lorraine déclare Sarrewerden revenu à l'évêché et en inféode son frère, le duc Antoine.","Bischof Johann von Lothringen erklärt Saarwerden für heimgefallen und belehnt damit seinen Bruder, Herzog Anton.",司教ジャン・ド・ロレーヌがサールヴェルデンの司教領への返還を宣し、弟のアントワーヌ公に封じる。
1527,county-sarrewerden,manorial_lord,house-moers-sarrewerden,duchy-lorraine,confiscation,"When John James of Moers dies, the bishop seizes Sarrewerden for Lorraine; Nassau occupies it and the case goes to the Imperial Chamber.","Jean-Jacques de Moers décédé, l'évêque confisque Sarrewerden au profit de la Lorraine ; Nassau s'en empare et le litige va à la Chambre impériale.","Nach dem Tod Johann Jakobs von Moers zieht der Bischof Saarwerden für Lothringen ein; Nassau besetzt es, und der Fall geht ans Reichskammergericht.",ヨハン・ヤーコプ・フォン・メールスの死後、司教がロレーヌのためにサールヴェルデンを没収する。ナッサウが占領し、事件は帝国最高法院へ。
1530,county-sarrewerden,manorial_lord,,county-nassau-saarbruecken,judgment,The diet of Augsburg confirms Nassau as owner of Sarrewerden.,La diète d'Augsbourg confirme Nassau comme propriétaire de Sarrewerden.,Der Augsburger Reichstag bestätigt Nassau als Besitzer Saarwerdens.,アウクスブルク帝国議会がナッサウをサールヴェルデンの所有者と認める。
1537,lordship-sarralbe,manorial_lord,house-bayer-boppart,duchy-lorraine,purchase,"Duke Antoine buys the Bayer of Boppard share of Sarralbe, but never pays for it.","Le duc Antoine achète la part des Bayer de Boppart à Sarralbe, sans jamais la payer.","Herzog Anton kauft den Anteil der Bayer von Boppard an Saaralben, ohne ihn je zu bezahlen.",アントワーヌ公がサラルブのバイヤー・フォン・ボッパルト家の持分を買うが、代金は支払わない。
1544,herbitzheim,manorial_lord,abbey-herbitzheim,county-nassau-saarbruecken,purchase,The counts of Nassau-Saarbrücken take full ownership of Herbitzheim convent's lands.,Les comtes de Nassau-Sarrebruck prennent la pleine propriété des biens du couvent de Herbitzheim.,Die Grafen von Nassau-Saarbrücken übernehmen den Besitz des Klosters Herbitzheim zu vollem Eigentum.,ナッサウ＝ザールブリュッケン伯がエルビッツェム修道院の所領を完全に所有する。
1550,wiesviller,manorial_lord,house-steinkallenfels,,cession,"The Steinkallenfels give up their rights to Wiesviller, Woelfling, Setting and Dieding.","Les Steinkallenfels abandonnent leurs droits sur Wiesviller, Woelfling, Setting et Dieding.","Die Steinkallenfels verzichten auf ihre Rechte an Wiesweiler, Wölfling, Settingen und Dieding.",シュタインカレンフェルス家がヴィースヴィレール、ヴェルフラン、セタン、ディーダンの権利を放棄する。
1551,metz,suzerain,bishopric-metz,kingdom-france,occupation,"France occupies Metz and, over the following decades, the bishop's temporal lands.","La France occupe Metz puis, au fil des décennies, les terres temporelles de l'évêque.",Frankreich besetzt Metz und in den folgenden Jahrzehnten die weltlichen Gebiete des Bischofs.,フランスがメスを占領し、その後数十年で司教の世俗領も占領する。
1551,office-hombourg-haut,manorial_lord,bishopric-metz,county-nassau-saarbruecken,pledge,"Bishop Robert of Lenoncourt pledges Hombourg to Philip II of Nassau, keeping the sovereign rights.","L'évêque Robert de Lenoncourt engage Hombourg à Philippe II de Nassau, en gardant les droits souverains.",Bischof Robert von Lenoncourt verpfändet Homburg an Philipp II. von Nassau und behält die Hoheitsrechte.,司教ロベール・ド・ルノンクールがオンブールをナッサウのフィリップ2世に担保として渡し、主権的権利は保持する。
1556,county-petite-pierre,manorial_lord,,county-la-petite-pierre,inheritance,Georg Johann I of Veldenz inherits La Petite-Pierre and Lutzelbourg.,Georges-Jean Ier de Veldenz hérite de La Petite-Pierre et de Lutzelbourg.,Georg Johann I. von Veldenz erbt Lützelstein und Lützelburg.,ゲオルク・ヨハン1世・フォン・フェルデンツがラ・プティット＝ピエールとリュッツェルブールを相続する。
1556,dillingen,manorial_lord,house-siersberg-dillingen,alexandre-de-braubach,enfeoffment,"When the Siersberg-Dillingen line ends, the duke grants Dillingen to Alexander of Braubach.","La lignée des Siersberg-Dillingen éteinte, le duc inféode Dillingen à Alexandre de Braubach.",Nach dem Erlöschen der Linie Siersberg-Dillingen belehnt der Herzog Alexander von Braubach mit Dillingen.,ジールスベルク＝ディリンゲン家の断絶後、公がディリンゲンをアレクサンダー・フォン・ブラウバッハに封じる。
1556,siersberg,manorial_lord,house-siersberg-dillingen,duchy-lorraine,inheritance,"Most of Siersberg, a fief for male heirs only, returns to Lorraine.","L'essentiel de Siersberg, fief réservé aux mâles, revient à la Lorraine.","Der größte Teil Siersburgs, ein Mannlehen, fällt an Lothringen zurück.",男子相続に限られた封土であるジールスベルクの大部分がロレーヌに戻る。
1558,calmesweiler,manorial_lord,electorate-trier,house-furbach,enfeoffment,The Furbach brothers take Calmesweiler in fief from the archbishop of Trier.,Les frères de Furbach reprennent Calmesweiler en fief de l'archevêque de Trèves.,Die Brüder von Furbach empfangen Calmesweiler als Lehen vom Erzbischof von Trier.,フルバッハ兄弟がトリーア大司教からカルメスヴァイラーを封土として受ける。
1558,eppelborn,manorial_lord,sebastien-de-daun,house-hagen,enfeoffment,Sebastian of Daun grants Eppelborn in fief to Henry of Hagen.,Sébastien de Daun inféode Eppelborn à Henri de Hagen.,Sebastian von Daun belehnt Heinrich von Hagen mit Eppelborn.,ゼバスティアン・フォン・ダウンがエッペルボルンをハインリヒ・フォン・ハーゲンに封じる。
1560,calmesweiler,manorial_lord,electorate-trier,house-dern,enfeoffment,The elector of Trier invests the Dern heirs with the farm of Calmesweiler.,L'électeur de Trèves investit les héritiers Dern de la cense de Calmesweiler.,Der Kurfürst von Trier belehnt die Dernschen Erben mit dem Hof Calmesweiler.,トリーア選帝侯がデルン家の相続人にカルメスヴァイラーの農場を授封する。
1561,advocacy-saint-avold,suzerain,bishopric-metz,county-nassau-saarbruecken,enfeoffment,Cardinal Charles of Lorraine invests Count Albert of Nassau with the advocacy of Saint-Avold and the Warndt.,Le cardinal Charles de Lorraine investit le comte Albert de Nassau de la vouerie de Saint-Avold et du Warndt.,Kardinal Karl von Lothringen belehnt Graf Albrecht von Nassau mit der Vogtei Sankt Avold und dem Warndt.,ロレーヌ枢機卿シャルルがナッサウ伯アルブレヒトにサンタヴォルの教会守護権とヴァルントを授封する。
1561,arriance,advocate,house-faust-stromberg,abbey-saint-pierre-metz,exchange,The canonesses of Saint-Pierre of Metz obtain the advocacy of Arriance from the Strombergs in an exchange.,Les chanoinesses de Saint-Pierre de Metz obtiennent des Stromberg la vouerie d'Arriance par échange.,Die Stiftsdamen von St. Peter zu Metz erhalten die Vogtei Argenchen im Tausch von den Strombergern.,メスのサン＝ピエール修道参事会の修道女たちが、交換によりシュトロムベルク家からアリアンスの教会守護権を得る。
1561,ebersviller,manorial_lord,abbey-saint-pierre-metz,house-faust-stromberg,exchange,The canonesses of Saint-Pierre of Metz give their Ebersviller property to the Strombergs.,Les chanoinesses de Saint-Pierre de Metz cèdent leurs biens d'Ebersviller aux Stromberg.,Die Stiftsdamen von St. Peter zu Metz überlassen ihren Besitz in Ebersviller den Strombergern.,メスのサン＝ピエールの修道女たちがエベルスヴィレールの所領をシュトロムベルク家に譲る。
1561,freistroff,manorial_lord,abbey-saint-pierre-metz,house-faust-stromberg,exchange,The canonesses of Saint-Pierre of Metz give their Freistroff property to the Strombergs.,Les chanoinesses de Saint-Pierre de Metz cèdent leurs biens de Freistroff aux Stromberg.,Die Stiftsdamen von St. Peter zu Metz überlassen ihren Besitz in Freisdorf den Strombergern.,メスのサン＝ピエールの修道女たちがフレストロフの所領をシュトロムベルク家に譲る。
1561,sarrehruck,manorial_lord,bishopric-metz,county-nassau-saarbruecken,enfeoffment,"Cardinal Charles of Lorraine invests Count Albert of Nassau with Saarbrücken castle, Völklingen and Quierschied.","Le cardinal Charles de Lorraine investit le comte Albert de Nassau du château de Sarrebruck, de Voelklingen et de Quierschied.","Kardinal Karl von Lothringen belehnt Graf Albrecht von Nassau mit der Burg Saarbrücken, Völklingen und Quierschied.",ロレーヌ枢機卿シャルルがナッサウ伯アルブレヒトにザールブリュッケン城、フェルクリンゲン、クヴィーアシートを授封する。
1562,county-blamont,suzerain,bishopric-metz,duchy-lorraine,purchase,Lorraine buys the county of Blâmont.,La Lorraine achète le comté de Blâmont.,Lothringen kauft die Grafschaft Blankenberg.,ロレーヌがブラモン伯領を購入する。
1562,office-hombourg-haut,suzerain,duchy-lorraine,bishopric-metz,cession,Charles III gives up his claims to the office of Hombourg and Saint-Avold in favour of the bishopric.,Charles III abandonne à l'évêché ses prétentions sur Hombourg et Saint-Avold.,Karl III. verzichtet zugunsten des Bistums auf seine Ansprüche auf das Amt Homburg und Sankt Avold.,シャルル3世がオンブールとサンタヴォルの管区への請求を司教領のために放棄する。
1562,office-sarralbe,suzerain,bishopric-metz,duchy-lorraine,purchase,"Charles III buys Sarralbe, Sarrebourg and Blâmont from Bishop Beaucaire with full sovereignty.","Charles III achète à l'évêque Beaucaire Sarralbe, Sarrebourg et Blâmont en pleine souveraineté.","Karl III. kauft von Bischof Beaucaire Saaralben, Saarburg und Blankenberg mit voller Landeshoheit.",シャルル3世が司教ボーケールからサラルブ、サールブール、ブラモンを完全な主権付きで購入する。
1562,office-sarralbe,suzerain,bishopric-metz,duchy-lorraine,cession,The bishop of Metz cedes Sarralbe to Lorraine (approved in 1609).,L'évêque de Metz cède Sarralbe à la Lorraine (approuvé en 1609).,Der Bischof von Metz tritt Saaralben an Lothringen ab (1609 bestätigt).,メス司教がサラルブをロレーヌに譲渡する（1609年に承認）。
1562,provostship-sarrebourg,suzerain,bishopric-metz,duchy-lorraine,purchase,Lorraine buys the office of Sarrebourg.,La Lorraine achète l'office de Sarrebourg.,Lothringen kauft das Amt Saarburg.,ロレーヌがサールブールの管区を購入する。
1562,provostship-sarrebourg,suzerain,bishopric-metz,duchy-lorraine,cession,The bishop of Metz cedes Sarrebourg to Lorraine (approved in 1609).,L'évêque de Metz cède Sarrebourg à la Lorraine (approuvé en 1609).,Der Bischof von Metz tritt Saarburg an Lothringen ab (1609 bestätigt).,メス司教がサールブールをロレーヌに譲渡する（1609年に承認）。
1563,ottonville,middle_low_justice,,primicier-metz,treaty,Under the Nomeny agreement the duke takes a third of the dues of Ottonville and Ricrange; the primicerius of Metz keeps the rest and the court.,"Selon l'accord de Nomeny, le duc prend un tiers des redevances d'Ottonville et de Ricrange ; le princier de Metz garde le reste et la justice.",Nach der Vereinbarung von Nomeny erhält der Herzog ein Drittel der Abgaben von Ottendorf und Rikringen; der Primizier von Metz behält den Rest und das Gericht.,ノメニーの協定により、公がオトンヴィルとリクランジュの賦課の3分の1を取り、メスの首席司祭が残りと裁判権を保持する。
1563,provostship-marche-de-chateau-salins,safeguard,,duchy-lorraine,treaty,"At Nomeny, France recognises Lorraine's rights over the imperial march of Château-Salins.","À Nomeny, la France reconnaît les droits de la Lorraine sur la marche d'Empire de Château-Salins.",In Nomeny erkennt Frankreich Lothringens Rechte an der Reichsmark Salzburgen an.,ノメニーでフランスが、シャトー＝サランの帝国辺境区に対するロレーヌの権利を認める。
1565,rissenthal,manorial_lord,house-cronenberg,,pledge,The lord of Cronenberg pledges half of Rissenthal.,Le sire de Cronenberg engage la moitié de Rissenthal.,Der Herr von Cronenberg verpfändet die Hälfte von Rissenthal.,クローネンベルク卿がリッセンタールの半分を担保に入れる。
1566,mettlach,spiritual_lord,duchy-lorraine,abbey-mettlach,judgment,Charles III orders the return to Mettlach abbey of the electors' arms taken from its church windows.,Charles III fait rendre à l'abbaye de Mettlach les armoiries des électeurs ôtées des vitraux de son église.,Karl III. lässt der Abtei Mettlach die aus den Kirchenfenstern entfernten Wappen der Kurfürsten zurückgeben.,シャルル3世が、教会のステンドグラスから外された選帝侯の紋章をメトラッハ修道院に返還させる。
1567,county-blamont,suzerain,holy-roman-empire,duchy-lorraine,enfeoffment,The dukes receive Blâmont in fief from the Empire (renewed 1609).,Les ducs reçoivent Blâmont en fief de l'Empire (renouvelé en 1609).,Die Herzöge empfangen Blankenberg als Reichslehen (1609 erneuert).,歴代公がブラモンを帝国から封土として受ける（1609年に更新）。
1567,marquisate-nomeny,suzerain,bishopric-metz,holy-roman-empire,enfeoffment,Maximilian II makes the Metz fief of Nomeny a marquisate for Nicholas of Vaudémont-Mercœur.,Maximilien II fait du fief messin de Nomeny un marquisat pour Nicolas de Vaudémont-Mercœur.,Maximilian II. erhebt das Metzer Lehen Nomeny für Nikolaus von Vaudémont-Mercœur zur Markgrafschaft.,マクシミリアン2世がメスの封土ノメニーをニコラ・ド・ヴォーデモン＝メルクールのために侯爵領とする。
1567,marquisate-pont-a-mousson,suzerain,holy-roman-empire,duchy-lorraine,enfeoffment,Charles III is invested with the marquisate of Pont-à-Mousson.,Charles III est investi du marquisat de Pont-à-Mousson.,Karl III. wird mit der Markgrafschaft Pont-à-Mousson belehnt.,シャルル3世がポンタ＝ムッソン侯爵領を授封される。
1568,marpingen,manorial_lord,house-hunolstein,duchy-lorraine,confiscation,"John of Hunolstein's Marpingen property is confiscated for misconduct, then returned.","Les biens de Jean de Hunolstein à Marpingen sont confisqués pour ses excès, puis rendus.",Der Besitz Johanns von Hunolstein in Marpingen wird wegen Übergriffen eingezogen und später zurückgegeben.,ジャン・ド・フノルシュタインのマルピンゲンの所領が乱行のため没収され、のちに返還される。
1568,principality-phalsbourg,suzerain,holy-roman-empire,jean-georges-i-veldenz,enfeoffment,Georg Johann I creates the principality of Phalsbourg with imperial consent.,Georges-Jean Ier crée la principauté de Phalsbourg avec l'accord de l'Empire.,Georg Johann I. gründet mit Zustimmung des Reiches das Fürstentum Pfalzburg.,ゲオルク・ヨハン1世が帝国の同意を得てファルスブール侯国を創設する。
1570,county-bitche,manorial_lord,house-deux-ponts-bitche,county-hanau-lichtenberg,inheritance,James of Zweibrücken-Bitsch dies without a son; Philipp V of Hanau-Lichtenberg occupies Bitche.,Jacques de Deux-Ponts-Bitche meurt sans fils ; Philippe V de Hanau-Lichtenberg occupe Bitche.,Jakob von Zweibrücken-Bitsch stirbt ohne Sohn; Philipp V. von Hanau-Lichtenberg besetzt Bitsch.,ヤーコプ・フォン・ツヴァイブリュッケン＝ビッチュが男子なく死に、フィリップ5世・フォン・ハーナウ＝リヒテンベルクがビチェーを占領する。
1570,lutzelbourg,manorial_lord,georges-jean-veldenz,chretien-de-savigny,pledge,Georg Johann pledges part of Lutzelbourg to Christian of Savigny and John of Beauvau.,Georges-Jean met en gage une partie de Lutzelbourg auprès de Chrétien de Savigny et de Jean de Beauvau.,Georg Johann verpfändet einen Teil Lützelburgs an Christian von Savigny und Johann von Beauvau.,ゲオルク・ヨハンがリュッツェルブールの一部をクレティアン・ド・サヴィニーとジャン・ド・ボーヴォーに担保として渡す。
1570,ohersteinbach,appeal_jurisdiction,,duchy-lorraine,judgment,Appeals from Obersteinbach's court now go to Bitche instead of Alsace.,Les appels de la cour d'Obersteinbach vont désormais à Bitche et non plus en Alsace.,Berufungen vom Gericht Obersteinbach gehen nun nach Bitsch statt ins Elsass.,オベルスタンバックの裁判所の上訴先が、アルザスではなくビチェーとなる。
1571,fief-hellimer,suzerain,duchy-lorraine,bishopric-metz,treaty,Charles III and the bishop of Metz agree that a quarter of Hellimer belongs to the bishopric.,Charles III et l'évêque de Metz conviennent qu'un quart de Hellimer appartient à l'évêché.,"Karl III. und der Bischof von Metz vereinbaren, dass ein Viertel von Hellimer dem Bistum gehört.",シャルル3世とメス司教が、エリメールの4分の1を司教領に属すると取り決める。
1571,marquisate-nomeny,high_justice,,nicolas-de-vaudemont,cession,"Nomeny gains judicial and fiscal sovereignty, except appeals and the imperial aid.","Nomeny obtient la souveraineté judiciaire et fiscale, sauf les appels et l'aide impériale.","Nomeny erhält die Gerichts- und Steuerhoheit, ausgenommen Berufungen und die Reichshilfe.",ノメニーが、上訴と帝国援助金を除く司法・財政上の主権を得る。
1571,marsal,manorial_lord,bishopric-metz,duchy-lorraine,enfeoffment,"Lorraine takes the saltworks of Marsal, Moyenvic and Vic in fief from the bishopric.","La Lorraine reçoit en fief de l'évêché les salines de Marsal, Moyenvic et Vic.","Lothringen empfängt die Salinen von Marsal, Mittelwich und Wich als Lehen vom Bistum.",ロレーヌがマルサル、モワイヤンヴィック、ヴィックの製塩所を司教領から封土として受ける。
1572,county-bitche,suzerain,duchy-zweibruecken,duchy-lorraine,confiscation,The duke joins the county of Bitche to the duchy.,Le duc réunit le comté de Bitche au duché.,Der Herzog vereinigt die Grafschaft Bitsch mit dem Herzogtum.,公がビチェー伯領を公国に統合する。
1572,county-bitche,suzerain,,duchy-lorraine,inheritance,Bitche is joined to Lorraine.,Bitche est réuni à la Lorraine.,Bitsch wird mit Lothringen vereinigt.,ビチェーがロレーヌに統合される。
1572,county-bitche,manorial_lord,county-hanau-lichtenberg,duchy-lorraine,occupation,Lorraine's troops occupy the castles and offices of Bitche and Lemberg.,Les troupes lorraines occupent les châteaux et offices de Bitche et de Lemberg.,Lothringische Truppen besetzen die Burgen und Ämter Bitsch und Lemberg.,ロレーヌ軍がビチェーとレンベルクの城と管区を占領する。
1572,county-bitche,manorial_lord,county-linange-westerburg,duchy-lorraine,purchase,"Charles III buys out the Leiningen, Sulz and Hohenlohe shares of Bitche.","Charles III rachète les parts des Linange, Sulz et Hohenlohe dans Bitche.","Karl III. kauft die Anteile der Leiningen, Sulz und Hohenlohe an Bitsch auf.",シャルル3世がビチェーにおけるライニンゲン、ズルツ、ホーエンローエ各家の持分を買い取る。
1572,county-bitche,suzerain,,county-hanau-lichtenberg,judgment,The Nancy assizes declare Philipp V of Hanau a disloyal vassal and deprive him of Bitche.,Les Assises de Nancy déclarent Philippe V de Hanau vassal déloyal et le privent de Bitche.,Die Nancyer Assisen erklären Philipp V. von Hanau zum treulosen Vasallen und entziehen ihm Bitsch.,ナンシーの巡回裁判所がハーナウのフィリップ5世を不忠の家臣と宣し、ビチェーを剥奪する。
1572,lemberg-pirmasens,manorial_lord,,duchy-lorraine,occupation,"Lorraine occupies Lemberg castle and office, though it was not a Lorraine fief.","La Lorraine occupe le château et l'office de Lemberg, qui n'était pourtant pas un fief lorrain.","Lothringen besetzt Burg und Amt Lemberg, obwohl es kein lothringisches Lehen war.",ロレーヌが、ロレーヌの封土ではなかったレンベルクの城と管区を占領する。
1572,lordship-lemberg-les-pirmasens,suzerain,county-hanau-lichtenberg,duchy-lorraine,occupation,Lorraine occupies seven villages of Lemberg as belonging to Bitche.,La Lorraine occupe sept villages de Lemberg comme relevant de Bitche.,Lothringen besetzt sieben Dörfer der Herrschaft Lemberg als zu Bitsch gehörig.,ロレーヌがビチェーに属するとしてレンベルクの7村を占領する。
1572,office-hombourg-haut,manorial_lord,county-nassau-saarbruecken,bishopric-metz,redemption,The bishop borrows from Henry of Guise to redeem the pledge of Hombourg from Nassau.,L'évêque emprunte à Henri de Guise pour racheter à Nassau l'engagement de Hombourg.,"Der Bischof leiht bei Heinrich von Guise, um die Verpfändung Homburgs von Nassau einzulösen.",司教がギーズ公アンリから借金し、ナッサウからオンブールの担保を請け戻す。
1572,office-hombourg-haut,manorial_lord,bishopric-metz,henri-i-de-guise,enfeoffment,The bishop grants the castellany of Hombourg-Haut to Henry of Guise as a family fief.,L'évêque cède à Henri de Guise la châtellenie de Hombourg-Haut comme fief familial.,Der Bischof überlässt Heinrich von Guise die Kellerei Oberhomburg als Familienlehen.,司教がオンブール＝オーの城代管区を家門の封土としてギーズ公アンリに与える。
1572,office-hombourg-haut,manorial_lord,bishopric-metz,henri-de-guise,purchase,Henry of Guise acquires the castellany of Hombourg-Haut.,Henri de Guise acquiert la châtellenie de Hombourg-Haut.,Heinrich von Guise erwirbt die Kellerei Oberhomburg.,ギーズ公アンリがオンブール＝オーの城代管区を取得する。
1573,calmesweiler,manorial_lord,house-furbach,house-dern,purchase,Philipp of Furbach sells the Calmesweiler farm to Elisabeth of Dern.,Élisabeth de Dern achète à Philippe de Furbach la ferme de Calmesweiler.,Philipp von Furbach verkauft den Hof Calmesweiler an Elisabeth von Dern.,フィリップ・フォン・フルバッハがカルメスヴァイラーの農場をエリーザベト・フォン・デルンに売る。
1574,condominium-merzig-saargau,tax_aide,duchy-lorraine,electorate-trier,treaty,Lorraine and Trier agree how to raise the imperial levy in Merzig-Saargau.,La Lorraine et Trèves s'accordent sur la levée de l'impôt d'Empire à Merzig-Saargau.,Lothringen und Trier einigen sich über die Erhebung der Reichssteuer in Merzig-Saargau.,ロレーヌとトリーアがメルツィヒ＝ザールガウでの帝国税の徴収について合意する。
1574,insming,appeal_jurisdiction,,,judgment,"Charles III keeps Insming's provost, mayors and court in their old form.","Charles III maintient le prévôt, les maires et la justice d'Insming dans leur forme ancienne.","Karl III. belässt Schultheiß, Meier und Gericht von Insmingen in ihrer alten Form.",シャルル3世がアンスマンの代官・村長・裁判所を旧来の形で存続させる。
1577,bouquenom,,county-nassau-saarbruecken,,boundary,Nassau marks the bounds of Bouquenom and Sarrewerden with boundary stones; Lorraine protests.,Nassau borne Bouquenom et Sarrewerden ; la Lorraine proteste.,Nassau setzt Grenzsteine um Bockenheim und Saarwerden; Lothringen protestiert.,ナッサウがブーケノムとサールヴェルデンに境界石を置き、ロレーヌが抗議する。
1577,dehlingen,,,,treaty,"Lorraine and the rhinegrave settle their dispute over Dehlingen, Diemeringen and Rahling.","La Lorraine et le rhingrave règlent leur différend sur Dehlingen, Diemeringen et Rahling.","Lothringen und der Rheingraf beenden ihren Streit um Dehlingen, Diemeringen und Rahlingen.",ロレーヌとライン伯がドゥランジャン、ディーメランジャン、ラランをめぐる争いを解決する。
1577,dordhal,manorial_lord,,nicolas-collet,enfeoffment,Dordhal is granted in fief to Nicholas Collet of the Marsal saltworks.,"Dordhal est inféodé à Nicolas Collet, des salines de Marsal.",Dordhal wird Nikolaus Collet von den Salinen Marsal als Lehen gegeben.,ドルダルがマルサル製塩所のニコラ・コレに封じられる。
1578,principality-phalsbourg,manorial_lord,jean-georges-i-veldenz,kingdom-france,purchase,Georg Johann I nearly sells Phalsbourg to France; the sale falls through.,Georges-Jean Ier manque de vendre Phalsbourg à la France ; la vente échoue.,Georg Johann I. hätte Pfalzburg fast an Frankreich verkauft; der Verkauf kommt nicht zustande.,ゲオルク・ヨハン1世がファルスブールをフランスに売りかけるが、売却は成立しない。
1580,county-bliescastel,manorial_lord,county-nassau-saarbruecken,electorate-trier,redemption,Trier redeems Blieskastel from its pledge to Nassau.,Trèves rachète Bliescastel engagé à Nassau.,Trier löst Blieskastel aus der Verpfändung an Nassau ein.,トリーアがナッサウへの担保からブリースカステルを請け戻す。
1580,county-falkenstein,manorial_lord,duchy-lorraine,house-daun-falkenstein,enfeoffment,Sebastian of Falkenstein takes the county of Falkenstein in fief from Charles III.,Sébastien de Falkenstein reprend le comté de Falkenstein en fief de Charles III.,Sebastian von Falkenstein empfängt die Grafschaft Falkenstein als Lehen von Karl III.,ゼバスティアン・フォン・ファルケンシュタインがファルケンシュタイン伯領をシャルル3世から封土として受ける。
1581,county-boulay,suzerain,county-nassau-saarbruecken,duchy-lorraine,cession,Nassau gives up its claims to Boulay.,Nassau renonce à ses prétentions sur Boulay.,Nassau verzichtet auf seine Ansprüche auf Bolchen.,ナッサウがブレへの請求を放棄する。
1581,fechingen,manorial_lord,,,treaty,Fechingen is to be held in equal halves by the two princes.,Fechingen sera tenu par moitié par les deux princes.,Fechingen soll den beiden Fürsten je zur Hälfte gehören.,フェヒンゲンを二人の君主が半分ずつ保有することになる。
1581,fraulautern,advocate,county-nassau-saarbruecken,duchy-lorraine,exchange,The duke obtains the advocacy of Fraulautern convent.,Le duc obtient la vouerie du couvent de Fraulautern.,Der Herzog erhält die Vogtei über das Kloster Fraulautern.,公がフラウラウテルン修道院の教会守護権を得る。
1581,fraulautern,advocate,county-nassau-saarbruecken,duchy-lorraine,treaty,Lorraine obtains the advocacy of Fraulautern convent.,La Lorraine obtient la vouerie du couvent de Fraulautern.,Lothringen erhält die Vogtei über das Kloster Fraulautern.,ロレーヌがフラウラウテルン修道院の教会守護権を得る。
1581,herbitzheim,advocate,duchy-lorraine,county-nassau-saarbruecken,exchange,Lorraine gives up high justice and advocacy over Herbitzheim abbey in return for Nassau's rights at Salzbronn.,La Lorraine abandonne haute justice et vouerie sur l'abbaye de Herbitzheim contre les droits de Nassau à Salzbronn.,Lothringen gibt Hochgericht und Vogtei über die Abtei Herbitzheim gegen Nassaus Rechte in Salzbronn auf.,ロレーヌが、ナッサウのザルツブロンの権利と引き換えにエルビッツェム修道院の上級裁判権と教会守護権を手放す。
1581,herbitzheim,high_justice,duchy-lorraine,county-nassau-saarbruecken,cession,Lorraine gives up advocacy and high justice over the old Herbitzheim convent lands.,La Lorraine abandonne vouerie et haute justice sur les terres de l'ancien couvent de Herbitzheim.,Lothringen gibt Vogtei und Hochgericht über die Güter des alten Klosters Herbitzheim auf.,ロレーヌが旧エルビッツェム修道院領の教会守護権と上級裁判権を手放す。
1581,longeville,advocate,county-nassau-saarbruecken,duchy-lorraine,exchange,The duke obtains the advocacy of Longeville abbey.,Le duc obtient la vouerie de l'abbaye de Longeville.,Der Herzog erhält die Vogtei über die Abtei Lubeln.,公がロンジュヴィル修道院の教会守護権を得る。
1581,longeville,advocate,county-nassau-saarbruecken,duchy-lorraine,treaty,"By the treaty of August 1581 with Nassau, Lorraine obtains the advocacy of Longeville abbey.","Par le traité d'août 1581 avec Nassau, la Lorraine obtient la vouerie de l'abbaye de Longeville.",Durch den Vertrag vom August 1581 mit Nassau erhält Lothringen die Vogtei über die Abtei Lubeln.,1581年8月のナッサウとの条約により、ロレーヌがロンジュヴィル修道院の教会守護権を得る。
1581,lordship-lixing,suzerain,duchy-lorraine,house-kerpen,cession,Lorraine and Nassau drop their claims to the lordship of Lixing.,La Lorraine et Nassau renoncent à leurs prétentions sur la seigneurie de Lixing.,Lothringen und Nassau verzichten auf ihre Ansprüche auf die Herrschaft Lixingen.,ロレーヌとナッサウがリクサン領への請求を放棄する。
1581,office-hombourg-haut,suzerain,bishopric-metz,duchy-lorraine,purchase,Lorraine buys the castellany of Hombourg and Saint-Avold.,La Lorraine achète la châtellenie de Hombourg et Saint-Avold.,Lothringen kauft die Kellerei Homburg und Sankt Avold.,ロレーヌがオンブールとサンタヴォルの城代管区を購入する。
1581,office-hombourg-haut,manorial_lord,bishopric-metz,duchy-lorraine,purchase,Lorraine buys most of the castellany of Hombourg-Haut and forms the office of Hombourg-Saint-Avold.,La Lorraine achète l'essentiel de la châtellenie de Hombourg-Haut et en fait l'office de Hombourg-Saint-Avold.,Lothringen kauft den größten Teil der Kellerei Oberhomburg und bildet daraus das Amt Homburg-Sankt Avold.,ロレーヌがオンブール＝オーの城代管区の大部分を購入し、オンブール＝サンタヴォル管区とする。
1581,office-hombourg-haut,manorial_lord,henri-i-de-guise,duchy-lorraine,purchase,Henry of Guise and his wife sell Hombourg to Charles III; Lorraine takes possession in 1582.,Henri de Guise et sa femme vendent Hombourg à Charles III ; la Lorraine en prend possession en 1582.,Heinrich von Guise und seine Frau verkaufen Homburg an Karl III.; Lothringen nimmt es 1582 in Besitz.,ギーズ公アンリと妻がオンブールをシャルル3世に売り、ロレーヌは1582年に占有する。
1581,office-hombourg-haut,manorial_lord,henri-de-guise,duchy-lorraine,cession,"Henry of Guise, after a revoked secret sale to France, cedes the office to Charles III.","Après une vente secrète à la France, révoquée, Henri de Guise cède l'office à Charles III.",Nach einem widerrufenen geheimen Verkauf an Frankreich tritt Heinrich von Guise das Amt an Karl III. ab.,フランスへの秘密売却を撤回した後、ギーズ公アンリが管区をシャルル3世に譲る。
1581,rouhling,manorial_lord,,county-nassau-saarbruecken,judgment,An agreement made at Saint-Avold settles the rights of the Kerpen and Nassau at Rouhling.,Un accord passé à Saint-Avold règle les droits des Kerpen et de Nassau à Rouhling.,Eine in Sankt Avold getroffene Vereinbarung regelt die Rechte der Kerpen und Nassaus in Ruhlingen.,サンタヴォルでの取り決めが、ルーランにおけるケルペン家とナッサウの権利を定める。
1581,saint-avold,manorial_lord,abbey-saint-avold,duchy-lorraine,purchase,"Lorraine acquires the former lands of Saint-Avold abbey, including the town.","La Lorraine acquiert les anciennes terres de l'abbaye de Saint-Avold, dont la ville.","Lothringen erwirbt die früheren Güter der Abtei Sankt Nabor, darunter die Stadt.",ロレーヌがサンタヴォル修道院の旧領を町も含めて取得する。
1581,saltzbronn,manorial_lord,county-nassau-saarbruecken,duchy-lorraine,cession,Lorraine obtains the Salzbronn saltworks with firewood rights.,La Lorraine obtient la saline de Salzbronn avec droit au bois de chauffage.,Lothringen erhält die Saline Salzbronn mit Brennholzrecht.,ロレーヌが薪の採取権付きでザルツブロンの製塩所を得る。
1581,varsberg,suzerain,county-nassau-saarbruecken,duchy-lorraine,cession,Nassau gives up its overlordship of the Varsberg lands.,Nassau renonce à sa suzeraineté sur les terres des Varsberg.,Nassau verzichtet auf die Lehnshoheit über die Güter der Warsberg.,ナッサウがヴァルスベルク家の所領に対する宗主権を放棄する。
1581,wadgassen,advocate,duchy-lorraine,county-nassau-saarbruecken,exchange,Lorraine cedes the advocacy of Wadgassen to Nassau for those of Longeville and Fraulautern.,La Lorraine cède à Nassau la vouerie de Wadgassen contre celles de Longeville et Fraulautern.,Lothringen tritt Nassau die Vogtei Wadgassen gegen die von Lubeln und Fraulautern ab.,ロレーヌがロンジュヴィルとフラウラウテルンの守護権と引き換えに、ヴァトガッセンの守護権をナッサウに譲る。
1581,wadgassen,suzerain,duchy-lorraine,county-nassau-saarbruecken,cession,Lorraine gives up sovereignty and the advocacy over Wadgassen convent.,La Lorraine renonce à la souveraineté et à la vouerie sur le couvent de Wadgassen.,Lothringen verzichtet auf Landeshoheit und Vogtei über das Kloster Wadgassen.,ロレーヌがヴァトガッセン修道院の主権と教会守護権を放棄する。
1582,calmesweiler,manorial_lord,electorate-trier,house-dern,enfeoffment,Calmesweiler is confirmed as a fief of the Dern family.,Calmesweiler est confirmé comme fief de la famille de Dern.,Calmesweiler wird als Lehen der Familie von Dern bestätigt.,カルメスヴァイラーがデルン家の封土として確認される。
1582,county-rechicourt-le-chateau,appeal_jurisdiction,bishopric-metz,imperial-chamber-speyer,judgment,The emperor forbids the lords of Réchicourt to appeal to the bishop's court; appeals go to the Imperial Chamber.,L'empereur interdit aux seigneurs de Réchicourt d'appeler à la cour de l'évêque ; les appels vont à la Chambre impériale.,Der Kaiser verbietet den Herren von Rixingen die Berufung an das bischöfliche Gericht; Berufungen gehen ans Reichskammergericht.,皇帝がレシクール領主に司教の法廷への上訴を禁じ、上訴先を帝国最高法院とする。
1582,hazelbourg,manorial_lord,georges-jean-veldenz,chretien-de-savigny,pledge,Hazelbourg village and castle are pledged to Christian of Savigny and John of Beauvau.,"Hazelbourg, village et château, est mis en gage auprès de Chrétien de Savigny et de Jean de Beauvau.",Dorf und Burg Hassenburg werden an Christian von Savigny und Johann von Beauvau verpfändet.,アゼルブールの村と城がクレティアン・ド・サヴィニーとジャン・ド・ボーヴォーに担保として渡される。
1582,ketternostern,suzerain,,duchy-lorraine,judgment,Charles III states that appeals to Oberstein's court do not affect Lorraine's sovereignty.,Charles III déclare que les appels à la cour d'Oberstein ne portent pas atteinte à la souveraineté lorraine.,"Karl III. erklärt, dass Berufungen an das Gericht Oberstein die lothringische Landeshoheit nicht berühren.",シャルル3世が、オーバーシュタインの法廷への上訴はロレーヌの主権を損なわないと宣言する。
1583,fraulautern,high_justice,abbey-fraulautern,duchy-lorraine,judgment,Lorraine's attorney general makes the abbess hand convicts over to the Vaudrevange court.,Le procureur général de Lorraine oblige l'abbesse à livrer les condamnés à la justice de Vaudrevange.,"Der lothringische Generalprokurator zwingt die Äbtissin, Verurteilte an das Gericht in Wallerfangen auszuliefern.",ロレーヌの検事総長が女子修道院長に、受刑者をヴァラーファンゲンの法廷に引き渡させる。
1583,lordship-bracs,manorial_lord,county-salm,charles-philippe-de-croy,purchase,The Salm sell their share of the Bracs to Charles Philippe of Croÿ.,Les Salm vendent leur part des Bracs à Charles-Philippe de Croy.,Die Salm verkaufen ihren Anteil an den Bracs an Karl Philipp von Croy.,サルム家がブラックの持分をシャルル＝フィリップ・ド・クロイに売る。
1583,office-phalsbourg,suzerain,georges-jean-veldenz,duchy-lorraine,purchase,"Georg Johann sells the bailiwick of Phalsbourg to Lorraine, with a four-year buy-back option.","Georges-Jean vend le bailliage de Phalsbourg à la Lorraine, avec faculté de rachat pendant quatre ans.","Georg Johann verkauft das Amt Pfalzburg an Lothringen, mit vierjährigem Rückkaufsrecht.",ゲオルク・ヨハンがファルスブールのバイイ管区を4年間の買戻し権付きでロレーヌに売る。
1583,principality-phalsbourg,manorial_lord,county-la-petite-pierre,duchy-lorraine,purchase,Lorraine buys the lordship of Phalsbourg from Georg Johann I of Veldenz.,La Lorraine achète la seigneurie de Phalsbourg à Georges-Jean Ier de Veldenz.,Lothringen kauft die Herrschaft Pfalzburg von Georg Johann I. von Veldenz.,ロレーヌがゲオルク・ヨハン1世・フォン・フェルデンツからファルスブール領を購入する。
1583,principality-phalsbourg,manorial_lord,jean-georges-i-veldenz,duchy-lorraine,purchase,Charles III acquires the principality of Phalsbourg.,Charles III acquiert la principauté de Phalsbourg.,Karl III. erwirbt das Fürstentum Pfalzburg.,シャルル3世がファルスブール侯国を取得する。
1584,office-phalsbourg,suzerain,,duchy-lorraine,purchase,Lorraine acquires the office of Phalsbourg and Einartshausen with a four-year buy-back option; it pays no general aid.,La Lorraine acquiert l'office de Phalsbourg et Einartshausen avec faculté de rachat pendant quatre ans ; il ne paie pas l'aide générale.,Lothringen erwirbt das Amt Pfalzburg und Einartshausen mit vierjährigem Rückkaufsrecht; es zahlt keine allgemeine Beihilfe.,ロレーヌがファルスブールとアイナルツハウゼンの管区を4年間の買戻し権付きで取得する。一般援助金は課されない。
1584,reding,,,,boundary,Bernard of Lutzelbourg marks the boundary of Réding towards Lixheim and Hilbesheim.,Bernard de Lutzelbourg borne Réding du côté de Lixheim et de Hilbesheim.,Bernhard von Lützelburg setzt die Grenze von Riedingen gegen Lixheim und Hilbesheim.,ベルンハルト・フォン・リュッツェルブールがレダンのリクサイム側とイルベセム側の境界を定める。
1585,county-sarrewerden,,,,boundary,The boundary between Nassau-Saarbrücken and the office of Sarreguemines is fixed.,La limite entre Nassau-Sarrebruck et l'office de Sarreguemines est fixée.,Die Grenze zwischen Nassau-Saarbrücken und dem Amt Saargemünd wird festgelegt.,ナッサウ＝ザールブリュッケンとサルグミーヌ管区の境界が確定する。
1585,elviller,manorial_lord,abbey-vergaville,hans-arnet,cession,Vergaville abbey's share of the Elviller fief goes to Hans Arnet of Saarbrücken.,"La part de l'abbaye de Vergaville dans le fief d'Elviller passe à Hans Arnet, de Sarrebruck.",Der Anteil der Abtei Widersdorf am Lehen Elviller geht an Hans Arnet aus Saarbrücken.,ヴェルガヴィル修道院のエルヴィレール封土の持分が、ザールブリュッケンのハンス・アルネトに移る。
1585,lordship-morhange,suzerain,,duchy-lorraine,enfeoffment,Morhange becomes a fief within the German Bailiwick.,Morhange devient un fief relevant du bailliage d'Allemagne.,Mörchingen wird ein Lehen innerhalb des Deutschen Bellistums.,モランジュがドイツ・バイイ管区内の封土となる。
1585,saargau,,,,treaty,Two economic treaties between Trier and Charles III: Merzig-Saargau must buy Lorraine salt only.,Deux traités économiques entre Trèves et Charles III : Merzig-Saargau ne doit acheter que du sel lorrain.,Zwei Wirtschaftsverträge zwischen Trier und Karl III.: Merzig-Saargau darf nur lothringisches Salz kaufen.,トリーアとシャルル3世の経済条約二件。メルツィヒ＝ザールガウはロレーヌの塩のみを買うこととされる。
1585,theley,suzerain,,duchy-lorraine,treaty,Sovereignty over Theley is divided between the duke and the elector of Trier.,La souveraineté sur Theley est partagée entre le duc et l'électeur de Trèves.,Die Landeshoheit über Theley wird zwischen dem Herzog und dem Kurfürsten von Trier geteilt.,テーライの主権が公とトリーア選帝侯の間で分けられる。
1585,theley,high_justice,,,judgment,Lorraine's officers are told to establish the shares of Lorraine and Trier in Theley's high justice.,Les officiers lorrains doivent déterminer ce qui revient à la Lorraine et à Trèves dans la haute justice à Theley.,Lothringische Beamte sollen die Anteile Lothringens und Triers am Hochgericht Theley feststellen.,ロレーヌの役人が、テーライの上級裁判権におけるロレーヌとトリーアの持分を確定するよう命じられる。
1586,county-rechicourt-le-chateau,manorial_lord,humbert-eberstein,duchy-lorraine,purchase,Charles III buys Humbert of Eberstein's quarter of Réchicourt and Marimont; the sale is cancelled for non-payment.,Charles III achète le quart de Réchicourt et Marimont d'Humbert d'Eberstein ; la vente est annulée faute de paiement.,Karl III. kauft Humbert von Ebersteins Viertel an Rixingen und Mörsberg; der Kauf wird mangels Zahlung aufgehoben.,シャルル3世がフンベルト・フォン・エーバーシュタインからレシクールとマリモンの4分の1を買うが、支払いがなく売買は取り消される。
1586,sarralbe,,,,boundary,The captain of Sarralbe buys boundary stones with Lorraine and Nassau arms for the border with Herbitzheim.,Le capitaine de Sarralbe achète des bornes aux armes de Lorraine et de Nassau pour la limite avec Herbitzheim.,Der Hauptmann von Saaralben kauft Grenzsteine mit den Wappen Lothringens und Nassaus für die Grenze zu Herbitzheim.,サラルブの隊長が、エルビッツェムとの境界用にロレーヌとナッサウの紋章入りの境界石を購入する。
1586,vaudrevange,,,,boundary,Five boundary stones of the office of Vaudrevange with Lorraine and Nassau arms are recorded.,Cinq bornes de l'office de Vaudrevange aux armes de Lorraine et de Nassau sont mentionnées.,Fünf Grenzsteine des Amtes Wallerfangen mit lothringischem und nassauischem Wappen werden verzeichnet.,ロレーヌとナッサウの紋章入りのヴァラーファンゲン管区の境界石5基が記録される。
1586,wiesviller,,,duchy-lorraine,boundary,An inquiry finds that Wiesviller and Woelfling lay within the old bounds of Bitche.,Une enquête établit que Wiesviller et Woelfling étaient dans l'ancien périmètre de Bitche.,"Eine Untersuchung ergibt, dass Wiesweiler und Wölfling im alten Bezirk von Bitsch lagen.",調査により、ヴィースヴィレールとヴェルフランがビチェーの旧範囲内にあったことが確認される。
1587,wiesviller,,,,boundary,Lorraine and Nassau commissioners set twenty boundary stones around Wiesviller and Woelfling.,Des commissaires lorrains et nassoviens posent vingt bornes autour de Wiesviller et Woelfling.,Lothringische und nassauische Kommissare setzen zwanzig Grenzsteine um Wiesweiler und Wölfling.,ロレーヌとナッサウの委員がヴィースヴィレールとヴェルフランの周囲に境界石20基を置く。
1588,principality-phalsbourg,,electorate-palatinate,duchy-lorraine,redemption,Charles III arranges to receive the buy-back price for Phalsbourg; the buy-back does not happen.,Charles III prévoit de recevoir le prix de rachat de Phalsbourg ; le rachat n'a pas lieu.,Karl III. lässt den Rückkaufpreis für Pfalzburg entgegennehmen; der Rückkauf findet nicht statt.,シャルル3世がファルスブールの買戻し代金の受領を手配するが、買戻しは行われない。
1589,county-bitche,manorial_lord,duchy-lorraine,jacques-de-bade,pledge,Charles III pledges Bitche and half of Lemberg to Margrave James of Baden.,Charles III engage Bitche et la moitié de Lemberg au margrave Jacques de Bade.,Karl III. verpfändet Bitsch und die Hälfte von Lemberg an Markgraf Jakob von Baden.,シャルル3世がビチェーとレンベルクの半分をバーデン辺境伯ヤーコプに担保として渡す。
1589,principality-phalsbourg,,electorate-palatinate,duchy-lorraine,cession,The Palatine princes protest in vain against the sale of Phalsbourg.,Les princes palatins protestent en vain contre la vente de Phalsbourg.,Die pfälzischen Fürsten protestieren vergeblich gegen den Verkauf Pfalzburgs.,プファルツの諸侯がファルスブールの売却に抗議するが、効果はない。
1589,volmerange,manorial_lord,duchy-lorraine,elisee-d-haraucourt,pledge,"Charles III pledges his rights in Volmerange to Élisée d'Haraucourt and his wife, keeping the sovereign rights.","Charles III engage ses droits à Volmerange à Élisée d'Haraucourt et à sa femme, en gardant les droits souverains.",Karl III. verpfändet seine Rechte in Wolmeringen an Elisäus von Haraucourt und seine Frau und behält die Hoheitsrechte.,シャルル3世がヴォルムランジュの権利をエリゼ・ダロークールとその妻に担保として渡し、主権的権利は保持する。
1590,eppelborn,manorial_lord,house-hagen,bernard-de-levenstein,inheritance,"Part of Eppelborn passes to Bernard of Löwenstein through his wife, a Hagen heiress.","Une partie d'Eppelborn passe à Bernard de Levenstein par sa femme, héritière des Hagen.","Ein Teil Eppelborns fällt über seine Frau, eine Hagener Erbin, an Bernhard von Löwenstein.",エッペルボルンの一部が、ハーゲン家の相続人である妻を通じてベルンハルト・フォン・レーヴェンシュタインに渡る。
1591,ebring,high_justice,martzloff-de-braubach,jean-de-kerpen,purchase,"Marzolf of Braubach sells all his rights in Ippling and Ebring, high justice included, to John of Kerpen.","Martzloff de Braubach vend à Jean de Kerpen l'ensemble de ses droits sur Ippling et Ebring, haute justice comprise.",Marzolf von Braubach verkauft Johann von Kerpen alle seine Rechte in Iplingen und Ebring einschließlich des Hochgerichts.,マルツォルフ・フォン・ブラウバッハが上級裁判権を含むイプランとエブランの全権利をヨハン・フォン・ケルペンに売る。
1591,ippling,high_justice,martzloff-de-braubach,jean-de-kerpen,purchase,Marzolf of Braubach sells all his rights in Ippling and Ebring to John of Kerpen.,Martzloff de Braubach vend à Jean de Kerpen l'ensemble de ses droits sur Ippling et Ebring.,Marzolf von Braubach verkauft Johann von Kerpen alle seine Rechte in Iplingen und Ebring.,マルツォルフ・フォン・ブラウバッハがイプランとエブランの全権利をヨハン・フォン・ケルペンに売る。
1591,ketternostern,,duchy-lorraine,house-daun-falkenstein,judgment,The duke lifts the confiscation of Ketternostern and Oberstein.,Le duc lève la confiscation de Ketternostern et d'Oberstein.,Der Herzog hebt die Einziehung von Ketternostern und Oberstein auf.,公がケッテルノステルンとオーバーシュタインの没収を解く。
1591,lordship-lixing,suzerain,,holy-roman-empire,cession,Lixing becomes an imperial fief held directly by the Kerpen.,Lixing devient un fief tenu directement de l'Empire par les Kerpen.,Lixingen wird ein reichsunmittelbares Lehen in der Hand der Kerpen.,リクサンがケルペン家の保有する帝国直属の封土となる。
1592,ketternostern,high_justice,duchy-lorraine,duchy-zweibruecken,occupation,Zweibrücken's officers seize land and the high justice at Ketternostern.,Les officiers de Deux-Ponts saisissent des terres et la haute justice de Ketternostern.,Zweibrücker Beamte bemächtigen sich der Ländereien und des Hochgerichts von Ketternostern.,ツヴァイブリュッケンの役人がケッテルノステルンの土地と上級裁判権を差し押さえる。
1592,welferding,,,,boundary,A boundary stone is set between Sarreguemines and Welferding.,Une borne est posée entre Sarreguemines et Welferding.,Zwischen Saargemünd und Welferding wird ein Grenzstein gesetzt.,サルグミーヌとヴェルフェルダンの間に境界石が置かれる。
1593,castellany-marsal,manorial_lord,bishopric-metz,duchy-lorraine,purchase,Lorraine acquires the castellany of Marsal from the bishopric of Metz.,La Lorraine acquiert la châtellenie de Marsal de l'évêché de Metz.,Lothringen erwirbt die Kellerei Marsal vom Bistum Metz.,ロレーヌがメス司教領からマルサルの城代管区を取得する。
1593,castellany-marsal,suzerain,charles-ii-de-lorraine,duchy-lorraine,exchange,The bishop cedes Marsal with its sovereign rights to Charles III in exchange for three villages near Nancy.,L'évêque cède Marsal avec ses droits souverains à Charles III contre trois villages près de Nancy.,Der Bischof tritt Marsal mit den Hoheitsrechten an Karl III. gegen drei Dörfer bei Nancy ab.,司教がナンシー近郊の3村と引き換えに、主権付きでマルサルをシャルル3世に譲る。
1593,county-rechicourt-le-chateau,suzerain,bishopric-metz,louis-leiningen-westerburg,enfeoffment,Louis of Leiningen-Westerburg takes his newly acquired parts of Réchicourt in fief from the bishop.,Louis de Linange-Westerburg reprend de l'évêque en fief les parts de Réchicourt qu'il vient d'acquérir.,Ludwig von Leiningen-Westerburg empfängt die neu erworbenen Teile Rixingens als Lehen vom Bischof.,ルートヴィヒ・フォン・ライニンゲン＝ヴェスターブルクが、新たに得たレシクールの持分を司教から封土として受ける。
1593,court-perl,high_justice,duchy-lorraine,electorate-trier,judgment,"The duke allows a gallows at Perl, while ordering the removal of Burgundian salt.","Le duc autorise un gibet à Perl, tout en ordonnant l'enlèvement du sel de Bourgogne.",Der Herzog erlaubt einen Galgen in Perl und ordnet zugleich die Entfernung des burgundischen Salzes an.,公がペルルに絞首台を認める一方、ブルゴーニュ産の塩の撤去を命じる。
1593,fraulautern,high_justice,electorate-trier,duchy-lorraine,judgment,Charles III forbids handing Fraulautern's convicts to Trier and keeps the right to execute or pardon them.,Charles III interdit de livrer les condamnés de Fraulautern à Trèves et se réserve exécution ou grâce.,"Karl III. verbietet, Verurteilte aus Fraulautern an Trier auszuliefern, und behält sich Hinrichtung oder Begnadigung vor.",シャルル3世がフラウラウテルンの受刑者をトリーアに引き渡すことを禁じ、処刑か恩赦かの決定権を留保する。
1593,guenviller,manorial_lord,duchy-lorraine,house-haraucourt,purchase,"Charles III sells Guenviller, Merlebach and Marienthal to the Haraucourt.","Charles III vend Guenviller, Merlebach et Marienthal aux Haraucourt.","Karl III. verkauft Genweiler, Merlebach und Marienthal an die Haraucourt.",シャルル3世がゲンヴィレール、メルルバック、マリエンタールをアロークール家に売る。
1593,marsal,manorial_lord,bishopric-metz,duchy-lorraine,purchase,Lorraine buys the fortress and office of Marsal from the bishopric.,La Lorraine achète à l'évêché la forteresse et l'office de Marsal.,Lothringen kauft dem Bistum Festung und Amt Marsal ab.,ロレーヌが司教領からマルサルの要塞と管区を購入する。
1594,bailliage-allemagne,tax_aide,duchy-lorraine,holy-roman-empire,treaty,"At the diet of Regensburg Lorraine agrees to pay 46,000 florins over six years towards the Turkish war.","À la diète de Ratisbonne, la Lorraine accepte de payer 46 000 florins en six ans pour la guerre contre les Turcs.",Auf dem Regensburger Reichstag sagt Lothringen 46 000 Gulden über sechs Jahre für den Türkenkrieg zu.,レーゲンスブルク帝国議会で、ロレーヌが対トルコ戦争のため6年で4万6000フローリンの支払いに同意する。
1594,ban-winterhauch,manorial_lord,house-daun-falkenstein,county-eberstein,judgment,The bailiwick's officers order Francis of Daun-Falkenstein to let the Eberstein enjoy their quarter of Winterhauch.,Les officiers du bailliage ordonnent à François de Daun-Falkenstein de laisser aux Eberstein leur quart de Winterhauch.,"Die Beamten des Bellistums befehlen Franz von Daun-Falkenstein, den Eberstein ihr Viertel am Winterhauch zu lassen.",バイイ管区の役人がフランツ・フォン・ダウン＝ファルケンシュタインに、ヴィンターハウホの4分の1をエーバーシュタイン家に委ねるよう命じる。
1594,county-bitche,,,,boundary,The receiver of Bitche reports that the county is not part of the German Bailiwick.,"Selon le receveur de Bitche, le comté est hors du bailliage d'Allemagne.","Der Einnehmer von Bitsch meldet, dass die Grafschaft nicht zum Deutschen Bellistum gehört.",ビチェーの収税吏が、同伯領はドイツ・バイイ管区に属さないと報告する。
1594,county-bitche,manorial_lord,jacques-de-bade,charles-de-hohenzollern-sigmaringen,inheritance,"The pledged lands pass to Count Charles of Hohenzollern-Sigmaringen, who married the margrave's widow.","Les terres engagées passent au comte Charles de Hohenzollern-Sigmaringen, qui a épousé la veuve du margrave.","Die verpfändeten Gebiete gehen an Graf Karl von Hohenzollern-Sigmaringen, der die Witwe des Markgrafen geheiratet hat.",担保に入った所領が、辺境伯の未亡人と結婚したホーエンツォレルン＝ジグマリンゲン伯カールに移る。
1594,insming,high_justice,house-helmstatt,house-braubach,purchase,John George of Helmstatt sells his inherited rights in Insming to the Braubach.,Jean-Georges d'Helmstatt vend aux Braubach les droits qu'il a hérités à Insming.,Johann Georg von Helmstatt verkauft seine ererbten Rechte in Insmingen an die Braubach.,ヨハン・ゲオルク・フォン・ヘルムシュタットが相続したアンスマンの権利をブラウバッハ家に売る。
1595,advocacy-saint-nabor,tax_aide,,duchy-lorraine,judgment,Charles III exempts the 24 aldermen of the advocacy of Saint-Nabor from the general aids.,Charles III dispense des aides générales les vingt-quatre échevins de la vouerie de Saint-Nabor.,Karl III. befreit die 24 Schöffen der Vogtei Sankt Nabor von den allgemeinen Beihilfen.,シャルル3世がサン＝ナボールの教会守護領の参審人24人を一般援助金から免除する。
1597,ebring,manorial_lord,chapter-speyer,chapter-worms,confiscation,The Worms chapter seizes Ebring for an unauthorised sale.,Le chapitre de Worms saisit Ebring pour une vente non autorisée.,Das Wormser Domkapitel beschlagnahmt Ebring wegen eines unerlaubten Verkaufs.,ヴォルムス司教座聖堂参事会が無許可の売却を理由にエブランを差し押さえる。
1597,ippling,manorial_lord,chapter-speyer,chapter-worms,confiscation,The Worms chapter seizes Ippling and Ebring; the case is still open in 1722.,Le chapitre de Worms saisit Ippling et Ebring ; l'affaire n'est toujours pas jugée en 1722.,Das Wormser Domkapitel beschlagnahmt Iplingen und Ebring; der Fall ist 1722 noch offen.,ヴォルムス司教座聖堂参事会がイプランとエブランを差し押さえる。1722年になっても未決のまま。
1597,saarwellingen-14,tax_aide,duchy-lorraine,,judgment,Saarwellingen obtains exemption from half the general aids of 1588–1594.,Saarwellingen est dispensé de payer la moitié des aides générales levées entre 1588 et 1594.,Saarwellingen erhält die Befreiung von der Hälfte der allgemeinen Beihilfen von 1588 bis 1594.,ザールヴェリンゲンが1588〜1594年の一般援助金の半額免除を得る。
1598,insming,high_justice,house-braubach,duchy-lorraine,purchase,Charles III buys the Hérange share of the high justice of Insming.,Charles III achète la part des Hérange dans la haute justice d'Insming.,Karl III. kauft den Heringer Anteil am Hochgericht Insmingen.,シャルル3世がアンスマンの上級裁判権のエランジュ家の持分を買う。
1599,county-salm,manorial_lord,,francois-ii-vaudemont,inheritance,Francis of Vaudémont becomes count of half the Salm lands (confirmed by the emperor in 1613).,François de Vaudémont devient comte pour moitié des terres de Salm (confirmé par l'empereur en 1613).,Franz von Vaudémont wird Graf über die Hälfte der Salmer Lande (1613 vom Kaiser bestätigt).,フランソワ・ド・ヴォーデモンがサルム領の半分の伯となる（1613年に皇帝が承認）。
1599,office-hombourg-haut,tax_aide,duchy-lorraine,,judgment,"Charles III confirms for ever the privileges and tax freedoms of Hombourg, Saint-Avold and the advocacy villages.","Charles III confirme à jamais les privilèges et exemptions fiscales de Hombourg, Saint-Avold et des villages de la vouerie.","Karl III. bestätigt auf ewig die Privilegien und Steuerfreiheiten von Homburg, Sankt Avold und den Dörfern der Vogtei.",シャルル3世がオンブール、サンタヴォルおよび守護領の村々の特権と免税を永久に確認する。
1599,office-hombourg-haut,suzerain,bishopric-metz,duchy-lorraine,enfeoffment,Charles III does homage to the bishop of Metz for Hombourg.,Charles III fait hommage pour Hombourg à l'évêque de Metz.,Karl III. leistet dem Bischof von Metz die Huldigung für Homburg.,シャルル3世がオンブールについてメス司教に臣従の礼をとる。
1599,theley,manorial_lord,house-schmittberg,house-schellart,cession,The manorial lordship of Theley passes from the Schmittberg to the Schellart.,La seigneurie foncière de Theley passe des Schmittberg aux Schellart.,Die Grundherrschaft Theley geht von den Schmittburg an die Schellart über.,テーライの土地領主権がシュミットブルク家からシェラルト家に移る。
1600,court-perl,suzerain,,,boundary,"Trier and Lorraine jointly survey the bounds of Perl, Apach, Bellmacher and Merschweiller.","Trèves et la Lorraine reconnaissent ensemble les limites de Perl, Apach, Bellmacher et Merschweiller.","Trier und Lothringen begehen gemeinsam die Grenzen von Perl, Apach, Bellmacher und Merschweiler.",トリーアとロレーヌがペルル、アパック、ベルマッハー、メルシュヴィレールの境界を共同で確認する。
1600,hornbach,,,,judgment,Baron Francis of Créhange arbitrates between Charles III and John I of Zweibrücken over Bitche and Hornbach.,Le baron François de Créhange arbitre entre Charles III et Jean Ier de Deux-Ponts au sujet de Bitche et de Hornbach.,Freiherr Franz von Kriechingen vermittelt zwischen Karl III. und Johann I. von Zweibrücken wegen Bitsch und Hornbach.,クレアンジュ男爵フランソワが、ビチェーとホルンバッハをめぐりシャルル3世とツヴァイブリュッケンのヨハン1世の間を仲裁する。
1600,huttersdorf,safeguard,,duchy-lorraine,boundary,A boundary dispute arises at Hüttersdorf.,Un différend de limites éclate à Huttersdorf.,In Hüttersdorf entsteht ein Grenzstreit.,ヒュッタースドルフで境界争いが起こる。
1600,office-schaumberg,suzerain,,duchy-lorraine,boundary,A survey finds Oberstein within the Empire and the Schaumberg fiefs dependent on Lorraine.,Un relevé situe Oberstein dans l'Empire et place les fiefs de Schaumberg sous la Lorraine.,Eine Vermessung verortet Oberstein im Reich und die Schaumberger Lehen unter Lothringen.,測量により、オーバーシュタインは帝国内、シャウムベルクの封土はロレーヌ配下とされる。
1600,office-schaumberg,,,,boundary,Boundary disputes between Schaumberg and Lichtenberg over four villages.,Différends de limites entre Schaumberg et Lichtenberg au sujet de quatre villages.,Grenzstreitigkeiten zwischen Schaumberg und Lichtenberg um vier Dörfer.,シャウムベルクとリヒテンベルクの間で4村をめぐる境界争い。
1601,calmesweiler,manorial_lord,electorate-trier,house-levenstein,enfeoffment,The elector of Trier invests Bernard of Löwenstein and Charles of Daun with Calmesweiler.,L'électeur de Trèves investit Bernard de Levenstein et Charles de Daun de Calmesweiler.,Der Kurfürst von Trier belehnt Bernhard von Löwenstein und Karl von Daun mit Calmesweiler.,トリーア選帝侯がベルンハルト・フォン・レーヴェンシュタインとカール・フォン・ダウンにカルメスヴァイラーを授封する。
1601,castellany-marsal,suzerain,kingdom-france,duchy-lorraine,treaty,Henry IV of France approves the Marsal exchange.,Henri IV de France approuve l'échange de Marsal.,Heinrich IV. von Frankreich billigt den Marsaler Tausch.,フランス王アンリ4世がマルサルの交換を承認する。
1601,county-bitche,,,,boundary,Lorraine and Zweibrücken agree on how to draw the border of Bitche.,La Lorraine et Deux-Ponts s'accordent sur le tracé de la frontière de Bitche.,Lothringen und Zweibrücken einigen sich über den Grenzverlauf um Bitsch.,ロレーヌとツヴァイブリュッケンがビチェーの境界線の引き方で合意する。
1601,county-bitche,,,,treaty,The treaty of Hornbach between Lorraine and Zweibrücken; 25 boundary stones are set.,Traité de Hornbach entre la Lorraine et Deux-Ponts ; 25 bornes sont posées.,Vertrag von Hornbach zwischen Lothringen und Zweibrücken; 25 Grenzsteine werden gesetzt.,ロレーヌとツヴァイブリュッケンのホルンバッハ条約。境界石25基が置かれる。
1601,hornbach,,duchy-lorraine,duchy-zweibruecken,treaty,Lorraine and Zweibrücken settle their common border in detail.,La Lorraine et Deux-Ponts règlent en détail leur frontière commune.,Lothringen und Zweibrücken regeln ihre gemeinsame Grenze im Einzelnen.,ロレーヌとツヴァイブリュッケンが共通の境界を詳細に定める。
1601,sarrebourg,tax_aide,holy-roman-empire,,judgment,"The Imperial Chamber stops pursuing Sarrebourg in Lorraine, having confused it with Saarburg near Trier.","La Chambre impériale cesse de poursuivre Sarrebourg en Lorraine, l'ayant confondu avec Sarrebourg près de Trèves.","Das Reichskammergericht stellt die Verfolgung des lothringischen Saarburg ein, das es mit Saarburg bei Trier verwechselt hatte.",帝国最高法院が、トリーア近郊のザールブルクと取り違えていたロレーヌのサールブールへの追及をやめる。
1601,wintrange,tax_aide,,,judgment,"Charles III confirms Vintrange's status as a free allod, exempt from general aids.",Charles III confirme Vintrange comme franc-alleu exempt des aides générales.,Karl III. bestätigt Wintringen als freies Allod ohne allgemeine Beihilfen.,シャルル3世がヴァントランジュを一般援助金免除の自由地と確認する。
1602,county-petite-pierre,,,,boundary,Palatine officers mark the bounds of La Petite-Pierre and Lixheim with Fénétrange and Sarreck.,Des officiers palatins bornent La Petite-Pierre et Lixheim avec Fénétrange et Sarreck.,Pfälzische Beamte versteinen Lützelstein und Lixheim gegen Finstingen und Sarreck.,プファルツの役人がラ・プティット＝ピエールとリクサイムの、フェネトランジュおよびサレックとの境界を定める。
1602,gudingen,manorial_lord,house-varsberg,county-nassau-saarbruecken,purchase,"Nassau buys the Varsberg, Stromberg and Löwenstein shares of Güdingen.","Nassau achète les parts des Varsberg, Stromberg et Levenstein à Güdingen.","Nassau kauft die Anteile der Warsberg, Stromberg und Löwenstein an Güdingen.",ナッサウがギューディンゲンのヴァルスベール、シュトロムベルク、レーヴェンシュタイン各家の持分を買う。
1602,principality-lixheim,manorial_lord,university-heidelberg,electorate-palatinate,purchase,The Elector Palatine definitively acquires the lands of Lixheim and Graufthal abbeys.,L'électeur palatin acquiert définitivement les terres des abbayes de Lixheim et du Graufthal.,Der Kurfürst von der Pfalz erwirbt endgültig die Güter der Abteien Lixheim und Krauftal.,プファルツ選帝侯がリクサイムとグラウフタールの修道院領を最終的に取得する。
1603,ban-rotte,suzerain,,duchy-lorraine,treaty,"After the Nomeny treaty, Lorraine still holds part of the Rotte, with no fixed boundary.","Après le traité de Nomeny, la Lorraine tient encore une partie de la Rotte, sans limite fixée.","Nach dem Vertrag von Nomeny hält Lothringen noch einen Teil der Rotte, ohne feste Grenze.",ノメニー条約の後も、ロレーヌは境界未定のままロットの一部を保持する。
1603,honzrath,,,,judgment,The baron of Braubach and John of Zandt sue Lorraine and Trier at the Imperial Chamber over seizures at Honzrath.,Jean de Zandt et le baron de Braubach attaquent la Lorraine et Trèves devant la Chambre impériale pour des saisies à Honzrath.,Freiherr von Braubach und Johann von Zandt verklagen Lothringen und Trier vor dem Reichskammergericht wegen Pfändungen in Honzrath.,ブラウバッハ男爵とヨハン・フォン・ツァントが、ホンツラートでの差押えをめぐりロレーヌとトリーアを帝国最高法院に訴える。
1603,insming,appeal_jurisdiction,,,judgment,The duke restores Insming's court in its old form.,Le duc rétablit la justice d'Insming dans sa forme ancienne.,Der Herzog stellt das Gericht von Insmingen in seiner alten Form wieder her.,公がアンスマンの裁判所を旧来の形に戻す。
1603,ottonville,suzerain,duchy-lorraine,pays-messin,treaty,The Nomeny treaty gives sovereignty over Ottonville to the Pays messin.,Le traité de Nomeny donne la souveraineté sur Ottonville au Pays messin.,Der Vertrag von Nomeny spricht die Landeshoheit über Ottendorf dem Metzer Land zu.,ノメニー条約がオトンヴィルの主権をメス地方に与える。
1603,principality-lixheim,,,electorate-palatinate,boundary,The principality of Lixheim is surveyed and bounded.,La principauté de Lixheim est arpentée et bornée.,Das Fürstentum Lixheim wird vermessen und versteint.,リクサイム侯国が測量され、境界が定められる。
1603,ricrange,suzerain,duchy-lorraine,pays-messin,treaty,The Nomeny treaty gives sovereignty over Ricrange to the Pays messin.,Le traité de Nomeny donne la souveraineté sur Ricrange au Pays messin.,Der Vertrag von Nomeny spricht die Landeshoheit über Rikringen dem Metzer Land zu.,ノメニー条約がリクランジュの主権をメス地方に与える。
1604,bambiderstroff,,abbey-longeville,duchy-luxembourg,confiscation,Luxembourg's attorney general seizes Longeville abbey's revenues at Bambiderstroff.,"À Bambiderstroff, le procureur général du Luxembourg met la main sur les revenus de l'abbaye de Longeville.",Der luxemburgische Generalprokurator beschlagnahmt die Einkünfte der Abtei Lubeln in Baumbiedersdorf.,ルクセンブルクの検事総長がバンビデルストロフにおけるロンジュヴィル修道院の収入を差し押さえる。
1604,castellany-sarreguemines,manorial_lord,duchy-lorraine,,pledge,The castellany of Sarreguemines is pledged as security for buying back Lemberg.,La châtellenie de Sarreguemines est engagée en garantie du rachat de Lemberg.,Die Kellerei Saargemünd wird als Sicherheit für den Rückkauf von Lemberg verpfändet.,サルグミーヌの城代管区がレンベルク買戻しの担保とされる。
1604,eppelborn,suzerain,,duchy-lorraine,enfeoffment,Bernard of Löwenstein takes Eppelborn in fief from the duke of Lorraine.,Bernard de Levenstein reprend Eppelborn en fief du duc de Lorraine.,Bernhard von Löwenstein empfängt Eppelborn als Lehen vom Herzog von Lothringen.,ベルンハルト・フォン・レーヴェンシュタインがエッペルボルンをロレーヌ公から封土として受ける。
1604,hambach,,,electorate-palatinate,boundary,Frederick IV has Hambach and Roth bounded with stones and marked trees.,Frédéric IV fait borner Hambach et Roth avec des pierres et des arbres marqués.,Friedrich IV. lässt Hambach und Roth mit Steinen und markierten Bäumen versteinen.,フリードリヒ4世がアンバックとロートの境界を石と印をつけた木で定めさせる。
1604,hellering-fenetrange,,,,boundary,"Boundary stones are set where Hellering, Bettborn and Oberstinzel meet.","Des bornes sont posées à la jonction de Hellering, Bettborn et Oberstinzel.","Am Zusammenstoß von Hellering, Bettborn und Oberstinzel werden Grenzsteine gesetzt.",エレラン、ベットボルン、オベルスタンゼルの接点に境界石が置かれる。
1605,altheim,suzerain,,duchy-lorraine,occupation,Bitche's officers extend Lorraine's rights over Altheim's common pasture.,Les officiers de Bitche étendent les droits de la Lorraine sur la vaine pâture d'Altheim.,Die Beamten von Bitsch dehnen Lothringens Rechte an der Altheimer Gemeinweide aus.,ビチェーの役人がアルトハイムの共同放牧地に対するロレーヌの権利を拡大する。
1605,ban-winterhauch,manorial_lord,,house-daun-falkenstein,judgment,The Imperial Chamber and the Elector Palatine back Philipp Franz of Falkenstein against Eberstein over Winterhauch.,La Chambre impériale et l'électeur palatin soutiennent Philippe-François de Falkenstein contre Eberstein au sujet de Winterhauch.,Reichskammergericht und Kurpfalz unterstützen Philipp Franz von Falkenstein gegen Eberstein im Streit um den Winterhauch.,帝国最高法院とプファルツ選帝侯が、ヴィンターハウホをめぐりフィリップ・フランツ・フォン・ファルケンシュタインをエーバーシュタインに対して支持する。
1605,county-bitche,,duchy-lorraine,,boundary,"Over 200 boundary stones mark Lorraine's borders with La Petite-Pierre, Hanau-Lichtenberg and Zweibrücken.","Plus de 200 bornes marquent les frontières lorraines avec La Petite-Pierre, Hanau-Lichtenberg et Deux-Ponts.","Über 200 Grenzsteine markieren Lothringens Grenzen zu Lützelstein, Hanau-Lichtenberg und Zweibrücken.",200基を超える境界石が、ラ・プティット＝ピエール、ハーナウ＝リヒテンベルク、ツヴァイブリュッケンとのロレーヌの境界を示す。
1605,deserted-village-roderbann,,,,boundary,Sarrewerden and the lords of Fénétrange bound the Roderbann.,Sarrewerden et les seigneurs de Fénétrange bornent la Roderbann.,Saarwerden und die Herren von Finstingen versteinen den Roderbann.,サールヴェルデンとフェネトランジュの領主たちがローダーバンの境界を定める。
1605,lemberg-pirmasens,suzerain,duchy-lorraine,county-hanau-lichtenberg,cession,Charles III gives up all rights to Lemberg castle and its district.,Charles III renonce à tous ses droits sur le château de Lemberg et son district.,Karl III. verzichtet auf alle Rechte an der Burg Lemberg und ihrem Bezirk.,シャルル3世がレンベルク城とその管轄区域に関する一切の権利を放棄する。
1605,les-etangs,appeal_jurisdiction,,duchy-lorraine,judgment,Charles III sends the Les Étangs case to the Nancy assizes for good.,Charles III renvoie définitivement l'affaire des Étangs aux Assises de Nancy.,Karl III. verweist die Sache von Tennschen endgültig an die Nancyer Assisen.,シャルル3世がレゼタンの件を最終的にナンシーの巡回裁判所に回付する。
1605,lordship-danne-et-quatre-vents,manorial_lord,house-lutzelbourg,duchy-lorraine,purchase,"Charles III buys Danne and Quatre-Vents, with full justice and forests, from the Lutzelbourg brothers.","Charles III achète aux frères de Lutzelbourg Danne et Quatre-Vents, avec toute la justice et les forêts.",Karl III. kauft den Brüdern von Lützelburg Dann und Vierwinden mit aller Gerichtsbarkeit und den Wäldern ab.,シャルル3世がリュッツェルブール兄弟からダンヌとカトル＝ヴァンを、全裁判権と森林とともに購入する。
1606,county-bitche,,duchy-lorraine,county-hanau-lichtenberg,treaty,Lorraine and Hanau settle Bitche by a treaty arbitrated at Saverne.,La Lorraine et Hanau règlent le sort de Bitche par un traité arbitré à Saverne.,Lothringen und Hanau regeln Bitsch durch einen in Zabern vermittelten Vertrag.,ロレーヌとハーナウが、サヴェルヌで仲裁された条約によりビチェーの帰属を決める。
1606,county-bitche,suzerain,county-hanau-lichtenberg,duchy-lorraine,cession,The count of Hanau cedes his rights in Bitche to Lorraine.,Le comte de Hanau cède à la Lorraine ses droits sur Bitche.,Der Graf von Hanau tritt seine Rechte an Bitsch an Lothringen ab.,ハーナウ伯がビチェーに関する権利をロレーヌに譲る。
1606,county-bitche,,,,treaty,The Bitche treaty with Hanau; the boundary commission meets and the acts are confirmed in December.,Traité de Bitche avec Hanau ; la commission de bornage se réunit et les actes sont confirmés en décembre.,"Bitscher Vertrag mit Hanau; die Grenzkommission tritt zusammen, die Urkunden werden im Dezember bestätigt.",ハーナウとのビチェー条約。境界委員会が会合し、文書は12月に確認される。
1606,insming,appeal_jurisdiction,,,judgment,Insming's high court is reformed and its judges reduced to nine.,La haute cour d'Insming est réformée et ses juges réduits à neuf.,Das Obergericht von Insmingen wird reformiert und auf neun Richter verkleinert.,アンスマンの上級法廷が改革され、裁判官は9人に減らされる。
1606,insming,appeal_jurisdiction,,duchy-lorraine,judgment,The powers of Insming's high court are reduced.,Les pouvoirs de la haute cour d'Insming sont réduits.,Die Befugnisse des Obergerichts von Insmingen werden beschnitten.,アンスマンの上級法廷の権限が縮小される。
1606,lemberg-pirmasens,,,,boundary,Over a hundred boundary stones with the cross of Lorraine and Hanau's arms are set around Lemberg.,Plus de cent bornes à la croix de Lorraine et aux armes de Hanau sont posées autour de Lemberg.,Über hundert Grenzsteine mit lothringischem Kreuz und Hanauer Wappen werden um Lemberg gesetzt.,ロレーヌ十字とハーナウの紋章を刻んだ境界石100基以上がレンベルクの周囲に置かれる。
1606,lordship-lemberg-les-pirmasens,suzerain,duchy-lorraine,county-hanau-lichtenberg,cession,Charles III gives up the sovereignty and office of Lemberg-lès-Pirmasens and cedes several villages.,Charles III renonce à la souveraineté et à l'office de Lemberg-lès-Pirmasens et cède plusieurs villages.,Karl III. verzichtet auf Landeshoheit und Amt Lemberg bei Pirmasens und tritt mehrere Dörfer ab.,シャルル3世がレンベルク＝レ＝ピルマゼンスの主権と管区を放棄し、数村を譲る。
1606,saargau,high_justice,lords-monclair,duchy-lorraine,confiscation,The duke and the elector withdraw the Monclair lords' share of the Saargau's high justice.,Le duc et l'électeur ôtent aux sires de Monclair la part qu'ils tenaient de la haute justice du Saargau.,Herzog und Kurfürst entziehen den Herren von Montclair ihren Anteil am Hochgericht im Saargau.,公と選帝侯が、ザールガウの上級裁判権のモンクレール卿の持分を取り上げる。
1606,sturzelbronn,,,,boundary,Sturzelbronn abbey's records are searched to fix its border with Hanau.,On consulte les archives de Sturzelbronn pour fixer sa limite avec Hanau.,"Die Urkunden von Stürzelbronn werden herangezogen, um seine Grenze zu Hanau festzustellen.",ハーナウとの境界を定めるため、ストゥルツェルブロン修道院の文書が調べられる。
1607,bailiwick-episcopal-de-vic,appeal_jurisdiction,,bishopric-metz,judgment,Cardinal de Givry defines the jurisdiction of the bishop's bailiwick of Vic and creates a forestry office.,Le cardinal de Givry fixe les compétences du bailliage épiscopal de Vic et crée une gruerie.,Kardinal von Givry bestimmt die Zuständigkeit des bischöflichen Bellistums Wich und schafft ein Forstamt.,ジヴリ枢機卿がヴィック司教バイイ管区の管轄を定め、森林管理所を設ける。
1607,bambiderstroff,suzerain,,,treaty,Luxembourg and the German Bailiwick agree a provisional status quo at Bambiderstroff.,Le Luxembourg et le bailliage d'Allemagne conviennent d'un statu quo provisoire à Bambiderstroff.,Luxemburg und das Deutsche Bellistum vereinbaren in Baumbiedersdorf einen vorläufigen Status quo.,ルクセンブルクとドイツ・バイイ管区がバンビデルストロフで暫定的な現状維持に合意する。
1607,county-bitche,,,,treaty,Lorraine and Hanau agree on Bitche; the Imperial Chamber does not approve.,La Lorraine et Hanau s'accordent sur Bitche ; la Chambre impériale n'approuve pas.,Lothringen und Hanau einigen sich über Bitsch; das Reichskammergericht stimmt nicht zu.,ロレーヌとハーナウがビチェーについて合意するが、帝国最高法院は承認しない。
1607,longeville,high_justice,,abbey-longeville,judgment,Lorraine reorganises the high justice of Longeville and nearby villages.,La Lorraine réorganise la haute justice de Longeville et des villages voisins.,Lothringen ordnet das Hochgericht von Lubeln und den Nachbardörfern neu.,ロレーヌがロンジュヴィルと近隣の村々の上級裁判権を再編する。
1607,rahling,appeal_jurisdiction,holy-roman-empire,duchy-lorraine,judgment,An imperial bailiff is arrested at Rahling; the Imperial Chamber's officers are barred from the bailiwick.,Un sergent impérial est arrêté à Rahling ; les officiers de la Chambre impériale sont exclus du bailliage.,Ein Reichsbote wird in Rahlingen verhaftet; Beamten des Reichskammergerichts wird der Zutritt zum Bellistum verwehrt.,帝国の廷吏がラランで逮捕され、帝国最高法院の役人のバイイ管区への立入りが禁じられる。
1607,rehlingen-sur-sarre,high_justice,,duchy-lorraine,boundary,The captain of Siersberg has the bounds of his office's high justice confirmed.,Le capitaine de Siersberg fait vérifier jusqu'où s'étend la haute justice de son office.,Der Hauptmann von Siersburg lässt die Grenzen des Hochgerichts seines Amtes feststellen.,ジールスベルクの隊長が自らの管区の上級裁判権の境界を確認させる。
1607,zell,advocate,duchy-zweibruecken,duchy-lorraine,cession,"Zweibrücken cedes its advocacy over the priories of Zell, Salonnes and Insming.","Deux-Ponts cède sa vouerie sur les prieurés de Zell, Salonnes et Insming.","Zweibrücken tritt seine Vogtei über die Priorate Zell, Salonnes und Insmingen ab.",ツヴァイブリュッケンがゼル、サロンヌ、アンスマンの小修道院の守護権を譲る。
1608,bottenhach,suzerain,duchy-lorraine,duchy-zweibruecken,cession,The Bottenbach district is ceded to Zweibrücken and Hanau.,Le district de Bottenbach est cédé à Deux-Ponts et à Hanau.,Der Bezirk Bottenbach wird an Zweibrücken und Hanau abgetreten.,ボッテンバッハ地区がツヴァイブリュッケンとハーナウに割譲される。
1608,county-rechicourt-le-chateau,appeal_jurisdiction,bishopric-metz,imperial-chamber-speyer,judgment,The count of Réchicourt sues the bishop of Metz at the Imperial Chamber and wins.,Le comte de Réchicourt poursuit l'évêque de Metz devant la Chambre impériale et l'emporte.,Der Graf von Rixingen verklagt den Bischof von Metz vor dem Reichskammergericht und gewinnt.,レシクール伯がメス司教を帝国最高法院に訴え、勝訴する。
1608,eppelborn,suzerain,holy-roman-empire,duchy-lorraine,enfeoffment,"Bernard of Löwenstein does homage to Charles III, bringing his imperial lordship into the bailiwick.","Bernard de Levenstein fait hommage à Charles III, faisant entrer sa seigneurie impériale dans le bailliage.",Bernhard von Löwenstein huldigt Karl III. und bringt seine reichsunmittelbare Herrschaft ins Bellistum.,ベルンハルト・フォン・レーヴェンシュタインがシャルル3世に臣従し、自らの帝国直属領をバイイ管区に編入させる。
1608,lordship-turquestein,manorial_lord,,francois-ii-vaudemont,purchase,"Between 1599 and 1608 Francis of Vaudémont buys Turquestein, Saint-Georges, Châtillon and the Donon toll.","De 1599 à 1608, François de Vaudémont achète Turquestein, Saint-Georges, Châtillon et le péage du Donon.","Von 1599 bis 1608 kauft Franz von Vaudémont Türkstein, Saint-Georges, Châtillon und den Donon-Zoll.",1599〜1608年にフランソワ・ド・ヴォーデモンがテュルクスタン、サン＝ジョルジュ、シャティヨンとドノン峠の通行税を買う。
1608,meisenthal,,,,boundary,The old Meisenthal boundary stone is marked with the year 1608 and three coats of arms.,L'ancienne borne de Meisenthal reçoit le millésime 1608 et trois blasons.,Der alte Meisenthaler Grenzstein erhält die Jahreszahl 1608 und drei Wappen.,マイゼンタールの古い境界石に1608年の年号と三つの紋章が刻まれる。
1608,principality-lixheim,suzerain,holy-roman-empire,electorate-palatinate,enfeoffment,Frederick IV of the Palatinate creates the imperial principality of Lixheim.,Frédéric IV du Palatinat crée la principauté impériale de Lixheim.,Friedrich IV. von der Pfalz gründet das Reichsfürstentum Lixheim.,プファルツのフリードリヒ4世がリクサイム帝国侯国を創設する。
1608,reimsbach,,,,judgment,The bailiwick's deputy and Trier's receiver settle the Reimsbach and Oppen disputes using a 1488 court record.,Le lieutenant du bailliage et le receveur de Trèves règlent les différends de Reimsbach et Oppen d'après un procès-verbal de 1488.,Der Statthalter des Bellistums und der Trierer Einnehmer schlichten die Streitigkeiten von Reimsbach und Oppen nach einem Gerichtsprotokoll von 1488.,バイイ管区の副官とトリーアの収税吏が、1488年の裁判記録に基づきライムスバッハとオッペンの争いを解決する。
1608,saint-avold,appeal_jurisdiction,,community-saint-avold,judgment,The duke limits the appeals Saint-Avold's court may hear; the townspeople want to answer only to their mayor and aldermen.,Le duc limite les appels que peut juger la cour de Saint-Avold ; les habitants veulent ne relever que de leur maire et de leurs échevins.,"Der Herzog begrenzt die Berufungen, über die das Gericht von Sankt Avold urteilen darf; die Bürger wollen nur Meier und Schöffen unterstehen.",公がサンタヴォルの裁判所が扱える上訴を制限する。住民は自分たちの村長と参審人のみに服したいと求める。
1609,castellany-marsal,appeal_jurisdiction,bishopric-metz,duchy-lorraine,judgment,"Henry II makes the Chamber of Accounts the final court of appeal for Marsal, Dieuze and Sarralbe, ending appeals to Vic.","Henri II fait de la Chambre des Comptes la dernière instance d'appel pour Marsal, Dieuze et Sarralbe ; on n'appelle plus à Vic.","Heinrich II. macht die Rechnungskammer zur letzten Berufungsinstanz für Marsal, Duß und Saaralben; Berufungen nach Wich enden.",アンリ2世が会計院をマルサル、ディウーズ、サラルブの最終上訴審とし、ヴィックへの上訴は終わる。
1609,county-bitche,appeal_jurisdiction,,duchy-lorraine,judgment,"The Chamber of Accounts rules on appeals, the Kaltenhausen prison and the governor's jurisdiction in Bitche.","La Chambre des Comptes statue sur les appels, la prison de Kaltenhausen et la juridiction du gouverneur à Bitche.","Die Rechnungskammer entscheidet über Berufungen, das Gefängnis Kaltenhausen und die Gerichtsbarkeit des Gouverneurs in Bitsch.",会計院が、ビチェーにおける上訴、カルテンハウゼンの監獄、総督の裁判権について裁定する。
1609,county-bitche,high_justice,,duchy-lorraine,judgment,A new high court under the first provost replaces the old popular court of Rimling.,Une haute cour présidée par le premier prévôt remplace l'ancien tribunal populaire de Rimling.,Ein Obergericht unter dem ersten Schultheißen ersetzt das alte Volksgericht von Rimlingen.,首席代官を長とする上級法廷が、リムランの古い民衆法廷に代わる。
1609,county-bitche,appeal_jurisdiction,holy-roman-empire,duchy-lorraine,judgment,"The dukes end appeals to the Imperial Chamber from Bitche, the advocacy of Saint-Avold and some Schaumberg fiefs.","Les ducs suppriment les appels à la Chambre impériale pour Bitche, la vouerie de Saint-Avold et certains fiefs de Schaumberg.","Die Herzöge beenden Berufungen ans Reichskammergericht aus Bitsch, der Vogtei Sankt Avold und einigen Schaumberger Lehen.",歴代公が、ビチェー、サンタヴォルの守護領、シャウムベルクの一部の封土から帝国最高法院への上訴を廃止する。
1609,county-blamont,suzerain,bishopric-metz,duchy-lorraine,cession,"The bishopric of Metz gives up Blâmont for good, with the emperor's approval.","L'évêché de Metz renonce définitivement à Blâmont, avec l'accord de l'empereur.",Das Bistum Metz verzichtet mit Zustimmung des Kaisers endgültig auf Blankenberg.,メス司教領が皇帝の承認のもとブラモンを最終的に放棄する。
1609,county-falkenstein,suzerain,holy-roman-empire,duchy-lorraine,enfeoffment,Rudolf II invests Duke Henry II with the county of Falkenstein.,Rodolphe II investit le duc Henri II du comté de Falkenstein.,Rudolf II. belehnt Herzog Heinrich II. mit der Grafschaft Falkenstein.,ルドルフ2世がアンリ2世公にファルケンシュタイン伯領を授封する。
1609,fief-helfedange,manorial_lord,county-nassau-saarbruecken,pierre-ernest-de-crehange,purchase,Nassau sells the lordship of Helfedange to Pierre-Ernest of Créhange.,Nassau vend la seigneurie de Helfedange à Pierre-Ernest de Créhange.,Nassau verkauft die Herrschaft Helfedingen an Peter Ernst von Kriechingen.,ナッサウがエルフダンジュ領をピエール＝エルネスト・ド・クレアンジュに売る。
1609,merzig,,,,judgment,"Arbitration at Merzig between Lorraine and Oberstein, with Trier and the Palatinate as arbiters, ends without result.","L'arbitrage de Merzig entre la Lorraine et Oberstein, avec Trèves et le Palatinat pour arbitres, échoue.",Das Merziger Schiedsverfahren zwischen Lothringen und Oberstein mit Trier und der Pfalz als Schiedsrichtern bleibt ergebnislos.,トリーアとプファルツを仲裁人とするロレーヌとオーバーシュタインのメルツィヒでの仲裁は不調に終わる。
1609,office-hombourg-haut,suzerain,,bishopric-metz,judgment,"The Imperial Chamber approves the 1581 purchase of Hombourg, saving the bishop's sovereign rights.","La Chambre impériale approuve l'achat de Hombourg de 1581, sous réserve des droits souverains de l'évêque.",Das Reichskammergericht billigt den Kauf Homburgs von 1581 unter Vorbehalt der bischöflichen Hoheitsrechte.,帝国最高法院が、司教の主権を留保したうえで1581年のオンブール購入を承認する。
1609,office-hombourg-haut,suzerain,bishopric-metz,duchy-lorraine,enfeoffment,Duke Henry II does homage for Hombourg to Cardinal de Givry.,Le duc Henri II fait hommage pour Hombourg au cardinal de Givry.,Herzog Heinrich II. huldigt Kardinal von Givry für Homburg.,アンリ2世公がオンブールについてジヴリ枢機卿に臣従の礼をとる。
1609,office-sarralbe,suzerain,,duchy-lorraine,judgment,Rudolf II confirms the sale of Sarralbe.,Rodolphe II confirme la vente de Sarralbe.,Rudolf II. bestätigt den Verkauf Saaralbens.,ルドルフ2世がサラルブの売却を承認する。
1609,office-schaumberg,suzerain,,duchy-lorraine,enfeoffment,John James II and Philipp III of Eberstein acknowledge Lorraine as overlord for some Schaumberg lands.,Les comtes d'Eberstein Jean-Jacques II et Philippe III reconnaissent la Lorraine comme suzeraine de certaines terres de Schaumberg.,Johann Jakob II. und Philipp III. von Eberstein erkennen Lothringen als Lehnsherrn einiger Schaumberger Güter an.,エーバーシュタインのヨハン・ヤーコプ2世とフィリップ3世が、シャウムベルクの一部の所領についてロレーヌを宗主と認める。
1609,principality-phalsbourg,suzerain,holy-roman-empire,duchy-lorraine,judgment,"An imperial decree lets Henry II treat Phalsbourg-Danne as a free allod, provided he pays the imperial taxes.","Un décret impérial permet à Henri II de tenir Phalsbourg-Danne comme franc-alleu, moyennant les impôts d'Empire.","Ein kaiserliches Dekret erlaubt Heinrich II., Pfalzburg-Dann als freies Allod zu halten, gegen Zahlung der Reichssteuern.",帝国の勅令が、帝国税の支払いを条件にファルスブール＝ダンヌを自由地として保有することをアンリ2世に認める。
1609,provostship-marche-de-chateau-salins,safeguard,holy-roman-empire,duchy-lorraine,enfeoffment,Rudolf II confirms Henry II's title of imperial marquis.,Rodolphe II confirme à Henri II le titre de marquis d'Empire.,Rudolf II. bestätigt Heinrich II. den Titel eines Reichsmarkgrafen.,ルドルフ2世がアンリ2世に帝国侯爵の称号を確認する。
1609,provostship-sarrebourg,suzerain,bishopric-metz,duchy-lorraine,judgment,The Imperial Chamber and Rudolf II approve the cession of Sarrebourg and Sarralbe.,La Chambre impériale et Rodolphe II approuvent la cession de Sarrebourg et de Sarralbe.,Reichskammergericht und Rudolf II. billigen die Abtretung von Saarburg und Saaralben.,帝国最高法院とルドルフ2世がサールブールとサラルブの譲渡を承認する。
1609,varize,manorial_lord,,lordship-raville,treaty,The Urville conference confirms the rights of the lordship of Raville at Varize.,La conférence d'Urville confirme ce que la seigneurie de Raville possède à Varize.,Die Konferenz von Urville bestätigt die Rechte der Herrschaft Rollingen in Waibelskirchen.,ユルヴィル会議が、ヴァリーズにおけるラヴィル領の権利を確認する。
1610,honzrath,manorial_lord,house-braubach,teutonic-order,purchase,The Braubach half of Honzrath goes to the commander of Beckingen.,La moitié de Honzrath tenue par les Braubach passe au commandeur de Beckingen.,Die Braubacher Hälfte von Honzrath fällt an den Komtur von Beckingen.,ブラウバッハ家が保有したホンツラートの半分が、ベッキンゲンの騎士団管区長に渡る。
1610,hoppstetten,suzerain,,,treaty,The archbishop of Trier and the duke define their rights in four villages around Hoppstetten.,L'archevêque de Trèves et le duc précisent leurs droits sur quatre villages autour de Hoppstetten.,Der Erzbischof von Trier und der Herzog klären ihre Rechte an vier Dörfern um Hoppstädten.,トリーア大司教と公が、ホップシュテッテン周辺の4村に関する権利を明確にする。
1610,lordship-bionville,manorial_lord,anne-sibille-de-nassau,pierre-joly,purchase,Anne-Sibylle of Nassau sells her share of Bionville to Pierre Joly.,Anne-Sibylle de Nassau vend sa part de Bionville à Pierre Joly.,Anna Sibylla von Nassau verkauft ihren Anteil an Bionville an Pierre Joly.,アンナ・ジビラ・フォン・ナッサウがビオンヴィルの持分をピエール・ジョリに売る。
1610,lordship-bracs,manorial_lord,house-hunolstein,rhingrave-frederic,purchase,The Hunolstein sell their share of the Bracs to the rhinegrave Frederick.,Les Hunolstein vendent leur part des Bracs au rhingrave Frédéric.,Die Hunolstein verkaufen ihren Anteil an den Bracs an Rheingraf Friedrich.,フノルシュタイン家がブラックの持分をライン伯フリードリヒに売る。
1610,mittelbollenbach,,,duchy-lorraine,occupation,Soldiers of the Nancy garrison occupy Mittelbollenbach.,Des soldats de la garnison de Nancy occupent Mittelbollenbach.,Soldaten der Nancyer Garnison besetzen Mittelbollenbach.,ナンシー守備隊の兵士がミッテルボレンバッハを占領する。
1610,saargau,,,,boundary,A wayside cross near Besseringen marks the border between the Saargau and Siersberg.,Une croix près de Besseringen marque la limite entre le Saargau et Siersberg.,Ein Wegkreuz bei Besseringen markiert die Grenze zwischen Saargau und Siersburg.,ベッセリンゲン近くの十字架がザールガウとジールスベルクの境界を示す。
1611,bailliage-allemagne,appeal_jurisdiction,holy-roman-empire,duchy-lorraine,judgment,The bailiwick's attorney general forbids the lord of Eppelborn to appeal to the Imperial Chamber.,Le procureur général du bailliage interdit au seigneur d'Eppelborn d'appeler à la Chambre impériale.,Der Generalprokurator des Bellistums verbietet dem Herrn von Eppelborn die Berufung ans Reichskammergericht.,バイイ管区の検事総長がエッペルボルン領主に帝国最高法院への上訴を禁じる。
1611,chevalin,safeguard,,kingdom-france,cession,France takes Chevalin under its protection.,La France prend Chevalin sous sa protection.,Frankreich nimmt Chevalin unter seinen Schutz.,フランスがシュヴァランを保護下に置く。
1611,county-bitche,middle_low_justice,,duchy-lorraine,judgment,A ducal edict creates a single court for the county of Bitche.,Un édit ducal crée un tribunal unique pour le comté de Bitche.,Ein herzogliches Edikt schafft ein einziges Gericht für die Grafschaft Bitsch.,公の勅令がビチェー伯領に単一の裁判所を設ける。
1611,eppelborn,appeal_jurisdiction,,duchy-lorraine,judgment,The Vaudrevange assizes allow an appeal to the Imperial Chamber; the attorney general insists it go to Nancy instead.,Les Assises de Vaudrevange autorisent un appel à la Chambre impériale ; le procureur général exige qu'il aille à Nancy.,"Die Wallerfanger Assisen lassen eine Berufung ans Reichskammergericht zu; der Generalprokurator verlangt, dass sie nach Nancy geht.",ヴァラーファンゲンの巡回裁判所が帝国最高法院への上訴を認めるが、検事総長はナンシーへ上訴させるよう求める。
1611,office-sierck,high_justice,,duchy-lorraine,judgment,The Chamber of Accounts rules that only the duke holds high justice and the banal rights in the office of Sierck.,La Chambre des Comptes décide que seul le duc a la haute justice et les droits banaux dans l'office de Sierck.,"Die Rechnungskammer entscheidet, dass im Amt Sierck nur der Herzog Hochgericht und Bannrechte besitzt.",会計院が、シエルク管区で上級裁判権とバン権（独占使用権）を持つのは公のみと決定する。
1612,ban-delme,suzerain,bishopric-metz,duchy-lorraine,purchase,Lorraine buys the ban of Delme.,La Lorraine achète le ban de Delme.,Lothringen kauft den Bann Delm.,ロレーヌがデルムのバンを購入する。
1612,calmesweiler,manorial_lord,house-levenstein,laurent-mery,purchase,Calmesweiler is sold at auction to the Nancy merchant Mery; Trier protests.,Calmesweiler est adjugé au marchand nancéien Mery ; Trèves proteste.,Calmesweiler wird dem Nancyer Kaufmann Mery zugeschlagen; Trier protestiert.,カルメスヴァイラーがナンシーの商人メリーに競落され、トリーアが抗議する。
1612,eppelborn,manorial_lord,house-levenstein,laurent-mery,purchase,Bernard of Löwenstein's debts force the sale of Eppelborn to Laurent Mery.,Les dettes de Bernard de Levenstein forcent la vente d'Eppelborn à Laurent Mery.,Die Schulden Bernhards von Löwenstein erzwingen den Verkauf Eppelborns an Laurent Mery.,ベルンハルト・フォン・レーヴェンシュタインの負債により、エッペルボルンがロラン・メリーに売却される。
1612,marquisate-nomeny,suzerain,bishopric-metz,duchy-lorraine,purchase,Henry II buys the marquisate of Nomeny and the ban of Delme.,Henri II acquiert le ban de Delme et le marquisat de Nomeny.,Heinrich II. kauft die Markgrafschaft Nomeny und den Bann Delm.,アンリ2世がノメニー侯爵領とデルムのバンを購入する。
1612,marquisate-nomeny,manorial_lord,nicolas-de-vaudemont,duchy-lorraine,purchase,Henry II buys the marquisate of Nomeny and the ban of Delme.,Henri II acquiert le ban de Delme et le marquisat de Nomeny.,Heinrich II. kauft die Markgrafschaft Nomeny und den Bann Delm.,アンリ2世がノメニー侯爵領とデルムのバンを購入する。
1612,melkerhof,,,charles-philippe-de-croy,boundary,Charles Philippe of Croÿ founds the Melkerhof farm near Fénétrange.,Charles-Philippe de Croy fonde la cense de Melkerhof près de Fénétrange.,Karl Philipp von Croy gründet den Melkerhof bei Finstingen.,シャルル＝フィリップ・ド・クロイがフェネトランジュ近くにメルカーホーフ農場を創設する。
1612,office-hombourg-haut,advocate,duchy-lorraine,duchy-lorraine,judgment,"Henry II takes the forestry duties away from Hombourg's court, leaving it administrative and judicial work.","Henri II retire à la cour de Hombourg ses fonctions forestières, ne lui laissant que l'administration et la justice.",Heinrich II. nimmt dem Homburger Hofgericht die Forstaufgaben und lässt ihm Verwaltung und Gerichtsbarkeit.,アンリ2世がオンブールの法廷から森林管理の職務を取り上げ、行政と司法のみを残す。
1613,county-dabo,manorial_lord,,,treaty,The county of Dabo is divided between two Leiningen lines.,Le comté de Dabo est partagé entre deux branches des Linange.,Die Grafschaft Dagsburg wird zwischen zwei Leininger Linien geteilt.,ダボ伯領がライニンゲン家の2系統の間で分割される。
1613,county-dabo,,holy-roman-empire,house-leiningen-falkenburg,judgment,"With the emperor's consent, the Leiningen-Falkenburg introduce inheritance by the eldest son.","Avec l'accord de l'empereur, les Linange-Falkenburg instaurent la succession par le fils aîné.",Mit kaiserlicher Zustimmung führen die Leiningen-Falkenburg die Erstgeburtsnachfolge ein.,皇帝の同意を得て、ライニンゲン＝ファルケンブルク家が長子相続を導入する。
1613,county-falkenstein,suzerain,holy-roman-empire,duchy-lorraine,enfeoffment,Emperor Matthias renews the Falkenstein investiture.,L'empereur Mathias renouvelle l'investiture de Falkenstein.,Kaiser Matthias erneuert die Belehnung mit Falkenstein.,皇帝マティアスがファルケンシュタインの授封を更新する。
1613,county-salm,suzerain,,holy-roman-empire,judgment,Salm is recognised as an imperial territory.,La terre de Salm est reconnue comme territoire d'Empire.,Salm wird als reichsunmittelbares Gebiet anerkannt.,サルムが帝国直属の領域として認められる。
1613,eppelborn,manorial_lord,laurent-mery,house-levenstein,purchase,George Frederick of Löwenstein buys back part of Eppelborn and does homage to Lorraine.,Georges-Frédéric de Levenstein rachète une partie d'Eppelborn et en fait hommage à la Lorraine.,Georg Friedrich von Löwenstein kauft einen Teil Eppelborns zurück und huldigt dafür Lothringen.,ゲオルク・フリードリヒ・フォン・レーヴェンシュタインがエッペルボルンの一部を買い戻し、ロレーヌに臣従する。
1613,givricourt,,,,boundary,Three boundary stones with the cross of Lorraine are set at Givrycourt.,Trois bornes à la croix de Lorraine sont posées à Givrycourt.,In Givrycourt werden drei Grenzsteine mit lothringischem Kreuz gesetzt.,ジヴリクールにロレーヌ十字の境界石3基が置かれる。
1613,lebach,manorial_lord,house-braubach,duchy-lorraine,exchange,Henry II takes Braubach's shares in Lebach and nearby villages in exchange for Fremersdorf.,Henri II prend les parts des Braubach à Lebach et environs en échange de Fremersdorf.,Heinrich II. übernimmt die Braubacher Anteile an Lebach und Umgebung im Tausch gegen Fremersdorf.,アンリ2世がフレマースドルフと引き換えに、レーバッハ周辺のブラウバッハ家の持分を得る。
1613,lordship-fremersdorf,manorial_lord,duchy-lorraine,house-braubach,cession,Lorraine gives Fremersdorf and two villages to William Marcellus of Braubach.,La Lorraine cède Fremersdorf et deux villages à Guillaume-Marcel de Braubach.,Lothringen überlässt Fremersdorf und zwei Dörfer Wilhelm Marzell von Braubach.,ロレーヌがフレマースドルフと2村をヴィルヘルム・マルツェル・フォン・ブラウバッハに譲る。
1613,lordship-lebach,manorial_lord,house-braubach,duchy-lorraine,purchase,Lorraine acquires two-sevenths of the imperial lordship of Lebach from Braubach.,La Lorraine acquiert des Braubach les deux septièmes de la seigneurie impériale de Lebach.,Lothringen erwirbt von Braubach zwei Siebtel der reichsunmittelbaren Herrschaft Lebach.,ロレーヌがブラウバッハ家から帝国直属のレーバッハ領の7分の2を得る。
1613,marquisate-nomeny,suzerain,bishopric-metz,duchy-lorraine,treaty,Matthias confirms Nomeny's separation from the bishopric; Lorraine will sit at the diet as Nomeny.,Mathias confirme la séparation de Nomeny d'avec l'évêché ; la Lorraine siégera à la diète au titre de Nomeny.,Matthias bestätigt die Trennung Nomenys vom Bistum; Lothringen wird im Reichstag als Nomeny vertreten.,マティアスがノメニーの司教領からの分離を確認し、ロレーヌはノメニーの名で帝国議会に議席を持つことになる。
1613,mittersheim,,,,boundary,The castellan of Dieuze sets boundary stones between the ducal woods and those of Nassau and Fénétrange.,Le châtelain de Dieuze borne les bois ducaux face à ceux de Nassau et de Fénétrange.,Der Kellner von Duß versteint die herzoglichen Wälder gegen die Nassaus und Finstingens.,ディウーズの城代が公の森とナッサウ、フェネトランジュの森との境界に石を置く。
1613,office-hombourg-haut,,duchy-lorraine,,judgment,The duke confirms Hombourg's rights to firewood and pasture.,Le duc confirme les droits de Hombourg au bois de chauffage et à la pâture.,Der Herzog bestätigt Homburgs Rechte an Brennholz und Weide.,公がオンブールの薪と放牧の権利を確認する。
1614,hahn,manorial_lord,house-braubach,duchy-lorraine,purchase,The Hahn farm is bought from Braubach and attached to Schaumberg.,La cense de Hahn est achetée aux Braubach et rattachée à Schaumberg.,Der Hof Hahn wird von Braubach gekauft und an Schaumberg angeschlossen.,ハーン農場がブラウバッハ家から購入され、シャウムベルクに編入される。
1614,lordship-metz,suzerain,,holy-roman-empire,judgment,The imperial envoy protests against the governor's actions at Vic.,L'envoyé impérial proteste contre les agissements du gouverneur à Vic.,Der kaiserliche Gesandte protestiert gegen das Vorgehen des Gouverneurs in Wich.,皇帝の使節がヴィックにおける総督の行動に抗議する。
1614,office-hombourg-haut,,,duchy-lorraine,judgment,Lorraine's customary law is extended to the office of Hombourg-Haut.,La coutume de Lorraine est étendue à l'office de Hombourg-Haut.,Das lothringische Gewohnheitsrecht wird auf das Amt Oberhomburg ausgedehnt.,ロレーヌの慣習法がオンブール＝オー管区に適用される。
1614,office-sarralbe,suzerain,county-crehange,duchy-lorraine,judgment,The baron of Créhange's receiver is tried for refusing to recognise Lorraine's sovereignty.,Le receveur du baron de Créhange est jugé pour avoir refusé de reconnaître la souveraineté lorraine.,"Der Einnehmer des Freiherrn von Kriechingen wird angeklagt, weil er die lothringische Landeshoheit nicht anerkannte.",クレアンジュ男爵の収税吏が、ロレーヌの主権を認めなかったとして裁判にかけられる。
1614,theding,manorial_lord,duchy-lorraine,louis-de-guise,cession,"Théding, Rosbruck, Farébersviller and Henriville pass to Louis of Guise.","Théding, Rosbruck, Farébersviller et Henriville passent à Louis de Guise.","Thedingen, Roßbrücken, Pfarrebersweiler und Henriville fallen an Ludwig von Guise.",テダン、ロスブリュック、ファレベルスヴィレール、アンリヴィルがルイ・ド・ギーズに渡る。
1614,vaudrevange,,,duchy-lorraine,judgment,A court clerk's office is created at Vaudrevange.,Un office de greffier de justice est créé à Vaudrevange.,In Wallerfangen wird ein Gerichtsschreiberamt geschaffen.,ヴァラーファンゲンに裁判所書記の職が設けられる。
1615,ackerbach,manorial_lord,commandery-saint-jean-gelucourt,duchy-lorraine,exchange,Lorraine acquires the Ackerbach farm by exchange.,La Lorraine acquiert par échange la ferme d'Ackerbach.,Lothringen erwirbt den Hof Ackerbach im Tausch.,ロレーヌが交換によりアッケルバック農場を得る。
1615,barony-raville,suzerain,bishopric-metz,duchy-luxembourg,treaty,"Sovereignty over Raville passes to Luxembourg, except the Helfedange fief.","La souveraineté sur Raville passe au Luxembourg, sauf le fief de Helfedange.","Die Landeshoheit über Rollingen geht an Luxemburg, ausgenommen das Lehen Helfedingen.",ラヴィルの主権が、エルフダンジュ封土を除いてルクセンブルクに移る。
1615,gering,,,,boundary,Lorraine's officers set boundary stones in the Gering wood.,Des officiers lorrains posent des bornes dans le bois de Gering.,Lothringische Beamte setzen Grenzsteine im Geringer Wald.,ロレーヌの役人がジェランの森に境界石を置く。
1615,provostship-marche-de-chateau-salins,safeguard,duchy-lorraine,bishopric-metz,treaty,Lorraine and the bishop agree that Château-Salins may no longer admit the bishop's subjects as burghers.,La Lorraine et l'évêque conviennent que Château-Salins ne pourra plus recevoir de sujets de l'évêque comme bourgeois.,"Lothringen und der Bischof vereinbaren, dass Salzburgen keine bischöflichen Untertanen mehr als Bürger aufnehmen darf.",ロレーヌと司教が、シャトー＝サランは今後司教の臣民を市民として受け入れないと取り決める。
1615,vic-sur-seille,appeal_jurisdiction,bishopric-metz,holy-roman-empire,judgment,The Imperial Chamber overturns a judgment of the bishop's bailiwick of Vic.,La Chambre impériale casse un jugement du bailliage épiscopal de Vic.,Das Reichskammergericht hebt ein Urteil des bischöflichen Bellistums Wich auf.,帝国最高法院がヴィック司教バイイ管区の判決を破棄する。
1616,altheim,suzerain,,duchy-lorraine,treaty,The Hornbach agreements give Lorraine sovereignty at Altheim and Beckweiler and a share of Walsheim.,Les accords de Hornbach donnent à la Lorraine la souveraineté à Altheim et Beckweiler et une part de Walsheim.,Die Hornbacher Vereinbarungen geben Lothringen die Landeshoheit in Altheim und Böckweiler und einen Anteil an Walsheim.,ホルンバッハの協定により、ロレーヌはアルトハイムとベックヴァイラーの主権とヴァルスハイムの持分を得る。
1616,bambiderstroff,suzerain,,,treaty,A conference at Marville ends without result.,Une conférence à Marville reste sans résultat.,Eine Konferenz in Marville bleibt ohne Ergebnis.,マルヴィルでの会議は成果なく終わる。
1616,boeckweiler,suzerain,,duchy-zweibruecken,treaty,The houses of Beckweiler are recognised as Zweibrücken's.,Les maisons de Beckweiler sont reconnues à Deux-Ponts.,Die Häuser von Böckweiler werden Zweibrücken zuerkannt.,ベックヴァイラーの家々がツヴァイブリュッケンに帰属すると認められる。
1616,chemery,middle_low_justice,abbey-freistroff,duchy-lorraine,judgment,"On the strength of a 1570 document, Lorraine's attorney forbids the abbot of Freistroff to imprison Chémery's people.","Sur la foi d'un document de 1570, le procureur lorrain défend à l'abbé de Freistroff de mettre en prison les habitants de Chémery.","Gestützt auf eine Urkunde von 1570 verbietet der lothringische Prokurator dem Abt von Freisdorf, Leute aus Schemerich einzusperren.",1570年の文書を根拠に、ロレーヌの検事がフレストロフ修道院長にシェムリの住民の投獄を禁じる。
1616,county-bitche,,duchy-lorraine,,cession,Louis d'Ancerville obtains the right to appoint Bitche's officers.,Louis d'Ancerville obtient le droit de nommer les officiers de Bitche.,"Ludwig von Ancerville erhält das Recht, die Beamten von Bitsch zu ernennen.",ルイ・ダンセルヴィルがビチェーの役人を任命する権利を得る。
1616,county-rechicourt-le-chateau,appeal_jurisdiction,bishopric-metz,imperial-chamber-speyer,judgment,The count of Réchicourt appeals to the Imperial Chamber against the bishop.,Le comte de Réchicourt fait appel contre l'évêque devant la Chambre impériale.,Der Graf von Rixingen legt gegen den Bischof Berufung beim Reichskammergericht ein.,レシクール伯が司教を相手に帝国最高法院へ上訴する。
1616,haut-clocher,,,,boundary,A boundary stone between Haut-Clocher and Langatte bears the Bracs and Col de Cygne arms.,Une borne entre Haut-Clocher et Langatte porte les armes des Bracs et du Col de Cygne.,Ein Grenzstein zwischen Zittersdorf und Langatte trägt die Wappen der Bracs und von Schwanenhals.,オー＝クロシェとランガットの間の境界石にブラックとコル・ド・シーニュの紋章が刻まれる。
1616,lordship-sarralbe,manorial_lord,house-wiltz,duchy-lorraine,redemption,Henry II buys back the Wiltz share of Sarralbe.,Henri II rachète la part des Wiltz à Sarralbe.,Heinrich II. kauft den Wiltzer Anteil an Saaralben zurück.,アンリ2世がサラルブのヴィルツ家の持分を買い戻す。
1616,sarreguemines-m,appeal_jurisdiction,,community-sarreguemines,judgment,Henry II confirms the administrative and judicial autonomy of the office of Sarreguemines.,Henri II confirme l'autonomie administrative et judiciaire de l'office de Sarreguemines.,Heinrich II. bestätigt die Verwaltungs- und Gerichtsautonomie des Amtes Saargemünd.,アンリ2世がサルグミーヌ管区の行政・司法上の自治を確認する。
1616,sarreguemines-m,tabellionage,,duchy-lorraine,cession,"Sarreguemines accepts the ducal notaries, on condition it belongs to no bailiwick.","Sarreguemines accepte les tabellions ducaux, à condition de ne dépendre d'aucun bailliage.","Saargemünd nimmt die herzoglichen Notare an, unter der Bedingung, keinem Bellistum anzugehören.",サルグミーヌが、どのバイイ管区にも属さないことを条件に公の公証人を受け入れる。
1617,bisping,,,,boundary,Boundary stones are set in the Bisping and Gosselming woods.,Des bornes sont posées dans les bois de Bisping et de Gosselming.,In den Wäldern von Bisping und Gosselmingen werden Grenzsteine gesetzt.,ビスパンとゴセルマンの森に境界石が置かれる。
1617,county-bitche,,,,boundary,A new agreement with Zweibrücken on Bitche's borders.,Nouvel accord avec Deux-Ponts sur les frontières de Bitche.,Neue Vereinbarung mit Zweibrücken über die Grenzen von Bitsch.,ビチェーの境界についてツヴァイブリュッケンと新たに合意する。
1617,county-crehange,suzerain,holy-roman-empire,county-crehange,enfeoffment,Créhange is raised to an imperial county within the Upper Rhenish Circle.,Créhange est érigé en comté d'Empire relevant du cercle du Rhin supérieur.,Kriechingen wird zur Reichsgrafschaft im Oberrheinischen Reichskreis erhoben.,クレアンジュが上ライン帝国クライスに属する帝国伯領に昇格する。
1617,deserted-village-roderbann,,,,boundary,The Roderbann is divided between Insviller and Vibersviller.,La Roderbann est partagée entre Insviller et Vibersviller.,Der Roderbann wird zwischen Insweiler und Wiebersweiler geteilt.,ローダーバンがアンスヴィレールとヴィベルスヴィレールの間で分割される。
1617,gosselming,manorial_lord,duchy-lorraine,marie-claire-de-croy,enfeoffment,Homage to the duke for the manorial justice of Gosselming and three other villages.,Hommage au duc pour la justice foncière de Gosselming et de trois autres villages.,Huldigung an den Herzog für die Grundgerichtsbarkeit von Gosselmingen und drei weiteren Dörfern.,ゴセルマンほか3村の土地裁判権について公に臣従の礼がとられる。
1617,lordship-bracs,manorial_lord,house-landsberg,diane-de-croy,purchase,Diane of Croÿ buys the Landsberg share of the Bracs and of Fénétrange.,Diane de Croy achète la part des Landsberg dans les Bracs et à Fénétrange.,Diana von Croy kauft den Landsberger Anteil an den Bracs und an Finstingen.,ディアーヌ・ド・クロイがブラックとフェネトランジュにおけるランツベルク家の持分を買う。
1617,lordship-imperiale-de-crehange,suzerain,holy-roman-empire,county-crehange,enfeoffment,Emperor Matthias makes Créhange an imperial county.,L'empereur Mathias fait de Créhange un comté d'Empire.,Kaiser Matthias erhebt Kriechingen zur Reichsgrafschaft.,皇帝マティアスがクレアンジュを帝国伯領とする。
1618,calmesweiler,suzerain,,duchy-lorraine,judgment,George Frederick of Löwenstein acknowledges Lorraine as overlord of Eppelborn and Calmesweiler.,Georges-Frédéric de Levenstein reconnaît la Lorraine comme suzeraine d'Eppelborn et de Calmesweiler.,Georg Friedrich von Löwenstein erkennt Lothringen als Lehnsherrn von Eppelborn und Calmesweiler an.,ゲオルク・フリードリヒ・フォン・レーヴェンシュタインが、エッペルボルンとカルメスヴァイラーの宗主としてロレーヌを認める。
1618,eppelborn,suzerain,,duchy-lorraine,judgment,Eppelborn and Calmesweiler are acknowledged as Lorraine fiefs.,Eppelborn et Calmesweiler sont reconnus comme fiefs lorrains.,Eppelborn und Calmesweiler werden als lothringische Lehen anerkannt.,エッペルボルンとカルメスヴァイラーがロレーヌの封土と認められる。
1618,fenetrange,,,,treaty,The Croÿ brothers make a religious peace with their co-lords at Fénétrange.,Les frères de Croy concluent une paix religieuse avec leurs coseigneurs de Fénétrange.,Die Brüder von Croy schließen mit ihren Mitherren in Finstingen einen Religionsfrieden.,クロイ兄弟がフェネトランジュの共同領主たちと宗教和議を結ぶ。
1618,haustadt,suzerain,,,judgment,The Teutonic Order's grand master asks the Imperial Chamber to intervene at Haustadt.,Le grand-maître de l'ordre teutonique demande à la Chambre impériale d'intervenir à Haustadt.,"Der Hochmeister des Deutschen Ordens bittet das Reichskammergericht, in Haustadt einzugreifen.",ドイツ騎士団総長が帝国最高法院にハウスタットへの介入を求める。
1618,hellimer,high_justice,duchy-lorraine,house-braubach,cession,"The duke cedes his rights at Hellimer, Dieffembach and Grostenquin to the Braubach.","Le duc cède aux Braubach ses droits à Hellimer, Dieffembach et Grostenquin.","Der Herzog tritt seine Rechte in Hellimer, Dieffenbach und Grostenquin an die Braubach ab.",公がエリメール、ディーフェンバック、グロタンカンの権利をブラウバッハ家に譲る。
1618,herbitzheim,high_justice,,county-nassau-saarbruecken,judgment,Nassau objects to Herbitzheim's criminals being taken to Sarralbe.,Nassau s'oppose au transfert des criminels de Herbitzheim à Sarralbe.,Nassau widerspricht der Überführung von Verbrechern aus Herbitzheim nach Saaralben.,ナッサウがエルビッツェムの犯罪者のサラルブへの移送に反対する。
1619,fenetrange,military,duchy-lorraine,charles-alexandre-de-croy,cession,Henry II gives up his right to open Fénétrange castle to his troops.,Henri II renonce au droit d'ouvrir le château de Fénétrange à ses troupes.,Heinrich II. verzichtet auf das Öffnungsrecht der Burg Finstingen für seine Truppen.,アンリ2世が自軍のためにフェネトランジュ城を開かせる権利を放棄する。
1619,fenetrange,suzerain,duchy-lorraine,charles-alexandre-de-croy,cession,Henry II gives up his rights in Fénétrange to Charles Alexander of Croÿ.,Henri II renonce à ses droits sur Fénétrange en faveur de Charles-Alexandre de Croy.,Heinrich II. verzichtet zugunsten Karl Alexanders von Croy auf seine Rechte an Finstingen.,アンリ2世がフェネトランジュの権利をシャルル＝アレクサンドル・ド・クロイのために放棄する。
1619,haustadt,high_justice,,teutonic-order,judgment,"The commander of Beckingen has a criminal executed with Lorraine's consent, saving the Empire's rights in writing.","Le commandeur de Beckingen fait exécuter un criminel avec l'accord de la Lorraine, en réservant par écrit les droits de l'Empire.",Der Komtur von Beckingen lässt mit Lothringens Zustimmung einen Verbrecher hinrichten und wahrt schriftlich die Rechte des Reiches.,ベッキンゲンの騎士団管区長がロレーヌの同意を得て犯罪者を処刑し、帝国の権利を文書で留保する。
1619,lordship-bracs,suzerain,duchy-lorraine,charles-alexandre-de-croy,cession,Henry II gives up his rights in the Bracs to Charles Alexander of Croÿ.,Henri II renonce à ses droits sur les Bracs en faveur de Charles-Alexandre de Croy.,Heinrich II. verzichtet zugunsten Karl Alexanders von Croy auf seine Rechte an den Bracs.,アンリ2世がブラックの権利をシャルル＝アレクサンドル・ド・クロイのために放棄する。
1619,office-schaumberg,,duchy-lorraine,,pledge,A 1619 pledge lists the villages belonging to Schaumberg.,Un engagement de 1619 énumère les villages relevant de Schaumberg.,Eine Verpfändung von 1619 zählt die zu Schaumberg gehörenden Dörfer auf.,1619年の担保設定文書がシャウムベルクに属する村々を列挙する。
1619,reding,,,,boundary,A boundary stone with the arms of the Lutzelbourg and of Croÿ separates Réding and Hilbesheim.,Une borne aux armes des Lutzelbourg et des Croy sépare Réding et Hilbesheim.,Ein Grenzstein mit den Wappen der Lützelburg und der Croy trennt Riedingen und Hilbesheim.,リュッツェルブール家とクロイ家の紋章入りの境界石がレダンとイルベセムを分ける。
1619,sarralbe,,,,treaty,"At Sarralbe and Sarreguemines, Lorraine and Nassau share out several disputed villages.","À Sarralbe et Sarreguemines, la Lorraine et Nassau se répartissent plusieurs villages contestés.",In Saaralben und Saargemünd teilen Lothringen und Nassau mehrere umstrittene Dörfer auf.,サラルブとサルグミーヌで、ロレーヌとナッサウが係争中の数村を分け合う。
1620,condominium-merzig-saargau,high_justice,,,treaty,The co-lords of Merzig-Saargau agree on a joint appeal court.,Les coseigneurs de Merzig-Saargau conviennent d'une cour d'appel commune.,Die Mitherren von Merzig-Saargau einigen sich auf ein gemeinsames Berufungsgericht.,メルツィヒ＝ザールガウの共同領主たちが共通の上訴裁判所の設置で合意する。
1620,condominium-merzig-saargau,high_justice,,duchy-lorraine,judgment,A higher court is created in Merzig-Saargau to end appeals to the Imperial Chamber.,Une cour supérieure est créée à Merzig-Saargau pour mettre fin aux appels à la Chambre impériale.,"In Merzig-Saargau wird ein Obergericht geschaffen, um die Berufungen ans Reichskammergericht zu beenden.",帝国最高法院への上訴をなくすため、メルツィヒ＝ザールガウに上級法廷が設けられる。
1620,hoppstetten,manorial_lord,county-eberstein,duchy-lorraine,redemption,The duke offers the Eberstein compensation to give up the Hoppstetten fief.,Le duc offre une indemnité aux Eberstein pour qu'ils renoncent au fief de Hoppstetten.,Der Herzog bietet den Eberstein eine Entschädigung für den Verzicht auf das Lehen Hoppstädten.,公がホップシュテッテンの封土の放棄と引き換えにエーバーシュタイン家に補償を申し出る。
1620,longeville,high_justice,duchy-lorraine,abbey-longeville,judgment,Henry II confirms the abbot of Longeville's right of buffet.,Henri II confirme à l'abbé de Longeville son droit de buffet.,Heinrich II. bestätigt dem Abt von Lubeln sein Buffetrecht.,アンリ2世がロンジュヴィル修道院長のビュフェ権を確認する。
1620,narbefontaine,tax_aide,,duchy-lorraine,judgment,The bailiff levies taxes on the Teutonic Order's free allod of Narbéfontaine.,"Le bailli taxe Narbéfontaine, franc-alleu de l'ordre teutonique.",Der Bailli erhebt Steuern auf dem freien Allod des Deutschen Ordens in Narbéfontaine.,バイイがナルベフォンテーヌのドイツ騎士団の自由地に課税する。
1620,puttelange,appeal_jurisdiction,holy-roman-empire,duchy-lorraine,judgment,An imperial bailiff is arrested at Puttelange.,Un sergent impérial est arrêté à Puttelange.,In Püttlingen wird ein Reichsbote verhaftet.,ピュトランジュで帝国の廷吏が逮捕される。
1620,remsing,tithe,,,judgment,The Imperial Chamber rejects a 1564 objection and advises a friendly settlement.,La Chambre impériale rejette une opposition de 1564 et conseille un arrangement à l'amiable.,Das Reichskammergericht weist einen Einspruch von 1564 zurück und rät zu gütlicher Einigung.,帝国最高法院が1564年の異議を退け、和解を勧める。
1620,setting,manorial_lord,county-eberstein,duchy-lorraine,purchase,Lorraine and Nassau buy the Eberstein rights at Setting.,La Lorraine et Nassau achètent les droits des Eberstein à Setting.,Lothringen und Nassau kaufen die Ebersteiner Rechte in Settingen.,ロレーヌとナッサウがセタンのエーバーシュタイン家の権利を買う。
1621,fechingen,high_justice,duchy-lorraine,county-nassau-saarbruecken,cession,Henry II cedes the high justice of Fechingen to Nassau.,Henri II cède à Nassau la haute justice de Fechingen.,Heinrich II. tritt Nassau das Hochgericht von Fechingen ab.,アンリ2世がフェヒンゲンの上級裁判権をナッサウに譲る。
1621,grundviller,,,duchy-lorraine,cession,Grundviller and Rémering are ceded to Lorraine.,Grundviller et Rémering sont cédés à la Lorraine.,Grundweiler und Remeringen werden an Lothringen abgetreten.,グランヴィレールとレメランがロレーヌに割譲される。
1621,grundviller,suzerain,county-nassau-saarbruecken,duchy-lorraine,purchase,Lorraine acquires Grundviller.,La Lorraine acquiert Grundviller.,Lothringen erwirbt Grundweiler.,ロレーヌがグランヴィレールを取得する。
1621,herbitzheim,,duchy-lorraine,county-nassau-saarbruecken,exchange,"Lorraine gives up its rights at Herbitzheim, Oermingen and Silzheim for Nassau's at Grundviller and Rémering.","Contre les droits nassoviens à Grundviller et Rémering, la Lorraine échange les siens à Herbitzheim, Oermingen et Silzheim.","Lothringen gibt seine Rechte in Herbitzheim, Oermingen und Silzheim gegen Nassaus Rechte in Grundweiler und Remeringen.",ロレーヌが、ナッサウのグランヴィレールとレメランの権利と引き換えに、エルビッツェム、エルマンジャン、シルザムの権利を譲る。
1621,hutting,suzerain,,duchy-lorraine,boundary,"Along the Eichel, the part above Oermingen goes to Nassau and the part below to Lorraine.","Le long de l'Eichel, la partie en amont d'Oermingen va à Nassau et celle en aval à la Lorraine.","An der Eichel fällt der Teil oberhalb von Oermingen an Nassau, der Teil unterhalb an Lothringen.",アイヒェル川沿いで、エルマンジャンより上流はナッサウ、下流はロレーヌのものとなる。
1621,monclair,manorial_lord,,electorate-trier,judgment,"A conference defines the Monclair fief: the castle is the elector of Trier's, who keeps a garrison there.","Une conférence précise le fief de Monclair : le château est à l'électeur de Trèves, qui y tient garnison.","Eine Konferenz klärt das Lehen Montclair: Die Burg gehört dem Kurfürsten von Trier, der dort eine Besatzung hält.",会議がモンクレールの封土を明確にする。城はトリーア選帝侯のもので、選帝侯が守備隊を置く。
1621,oermingen,safeguard,duchy-lorraine,county-nassau-saarbruecken,cession,"Lorraine cedes its protection and dues at Oermingen, Setting and Silzheim to Nassau.","La Lorraine cède à Nassau sa protection et ses redevances à Oermingen, Setting et Silzheim.","Lothringen überlässt Nassau Schutz und Abgaben in Oermingen, Settingen und Silzheim.",ロレーヌがエルマンジャン、セタン、シルザムにおける保護権と賦課をナッサウに譲る。
1621,oermingen,,,,boundary,"Bitche's border near Oermingen is left unmarked, leading to disputes between Lorraine and Nassau.","La frontière de Bitche près d'Oermingen n'est pas bornée, d'où des différends entre la Lorraine et Nassau.","Die Grenze von Bitsch bei Oermingen bleibt unversteint, was zu Streit zwischen Lothringen und Nassau führt.",エルマンジャン付近のビチェーの境界が未画定のままとなり、ロレーヌとナッサウの争いを招く。
1621,office-hombourg-haut,manorial_lord,duchy-lorraine,henriette-vaudemont,enfeoffment,Henriette and Louis of Phalsbourg receive the office of Hombourg and Saint-Avold as an imperial fief.,Henriette et Louis de Phalsbourg reçoivent l'office de Hombourg et Saint-Avold comme fief impérial.,Henriette und Ludwig von Pfalzburg erhalten das Amt Homburg und Sankt Avold als Reichslehen.,アンリエットとルイ・ド・ファルスブールが、オンブールとサンタヴォルの管区を帝国封土として受ける。
1621,office-hombourg-haut,,county-nassau-saarbruecken,duchy-lorraine,treaty,The treaties with Lorraine halt Nassau's expansion into Lorraine.,Les traités avec la Lorraine arrêtent l'expansion de Nassau en Lorraine.,Die Verträge mit Lothringen beenden Nassaus Ausgreifen nach Lothringen.,ロレーヌとの諸条約が、ナッサウのロレーヌへの拡張を止める。
1621,principality-phalsbourg,manorial_lord,duchy-lorraine,louis-de-guise,cession,Henry II grants the principality of Phalsbourg to Louis of Guise.,Henri II donne la principauté de Phalsbourg à Louis de Guise.,Heinrich II. überträgt das Fürstentum Pfalzburg an Ludwig von Guise.,アンリ2世がファルスブール侯国をルイ・ド・ギーズに与える。
1621,principality-phalsbourg,manorial_lord,duchy-lorraine,louis-de-guise,enfeoffment,"The duke enfeoffs Louis of Guise with Phalsbourg, binding him to respect his subjects' privileges.","Le duc inféode Phalsbourg à Louis de Guise, qui doit respecter les privilèges de ses sujets.","Der Herzog belehnt Ludwig von Guise mit Pfalzburg und verpflichtet ihn, die Privilegien seiner Untertanen zu achten.",公がファルスブールをルイ・ド・ギーズに封じ、臣民の特権の尊重を義務づける。
1621,remering-puttelange,,,duchy-lorraine,cession,Rémering is ceded to Lorraine and partly attached to the office of Sarralbe.,Rémering est cédé à la Lorraine et en partie rattaché à l'office de Sarralbe.,Remeringen wird an Lothringen abgetreten und teilweise dem Amt Saaralben angeschlossen.,レメランがロレーヌに割譲され、一部がサラルブ管区に編入される。
1621,remering-puttelange,suzerain,county-nassau-saarbruecken,duchy-lorraine,purchase,Lorraine acquires Rémering.,La Lorraine acquiert Rémering.,Lothringen erwirbt Remeringen.,ロレーヌがレメランを取得する。
1621,saarwellingen-14,suzerain,duchy-lorraine,county-nassau-saarbruecken,cession,Lorraine cedes sovereignty over Saarwellingen castle and village to Nassau.,La Lorraine cède à Nassau la souveraineté sur le château et le village de Saarwellingen.,Lothringen tritt Nassau die Landeshoheit über Burg und Dorf Saarwellingen ab.,ロレーヌがザールヴェリンゲンの城と村の主権をナッサウに譲る。
1621,sarralbe,,,,treaty,"The Sarralbe conference takes up disputes over Lebach, Spicheren and Creutzwald.","La conférence de Sarralbe examine les différends sur Lebach, Spicheren et Creutzwald.","Die Saaralber Konferenz behandelt die Streitfälle um Lebach, Spichern und Kreuzwald.",サラルブ会議が、レーバッハ、スピシャラン、クロイツヴァルトをめぐる争いを取り上げる。
1621,spicheren,,,,boundary,Lorraine and Nassau survey the bounds of Spicheren and Saint-Arnual and set new stones.,La Lorraine et Nassau reconnaissent les limites de Spicheren et de Saint-Arnual et posent de nouvelles bornes.,Lothringen und Nassau begehen die Grenzen von Spichern und St. Arnual und setzen neue Steine.,ロレーヌとナッサウがスピシャランとザンクト・アルヌアルの境界を確認し、新たな境界石を置く。
1621,wiesviller,suzerain,county-nassau-saarbruecken,duchy-lorraine,purchase,"Lorraine acquires Wiesviller, Woelfling, Rémering and Grundviller from Nassau.","La Lorraine acquiert de Nassau Wiesviller, Woelfling, Rémering et Grundviller.","Lothringen erwirbt von Nassau Wiesweiler, Wölfling, Remeringen und Grundweiler.",ロレーヌがナッサウからヴィースヴィレール、ヴェルフラン、レメラン、グランヴィレールを取得する。
1621,wiesviller,high_justice,county-nassau-saarbruecken,duchy-lorraine,cession,"By treaty, Nassau cedes all justice in Wiesviller, Woelfling, Rémering and Grundviller to Lorraine.","Par traité, Nassau cède à la Lorraine toute la justice à Wiesviller, Woelfling, Rémering et Grundviller.","Durch Vertrag tritt Nassau Lothringen die gesamte Gerichtsbarkeit in Wiesweiler, Wölfling, Remeringen und Grundweiler ab.",条約により、ナッサウがヴィースヴィレール、ヴェルフラン、レメラン、グランヴィレールの全裁判権をロレーヌに譲る。
1621,woelfling-sarreguemines,suzerain,county-nassau-saarbruecken,duchy-lorraine,purchase,Lorraine acquires Woelfling.,La Lorraine acquiert Woelfling.,Lothringen erwirbt Wölfling.,ロレーヌがヴェルフランを取得する。
1622,county-rechicourt-le-chateau,manorial_lord,louis-leiningen-westerburg,philippe-ii-leiningen-rechicourt,inheritance,On Louis's death his son Philipp II of Leiningen inherits Réchicourt.,"À la mort de Louis, son fils Philippe II de Linange hérite de Réchicourt.",Nach Ludwigs Tod erbt sein Sohn Philipp II. von Leiningen Rixingen.,ルートヴィヒの死後、息子のフィリップ2世・フォン・ライニンゲンがレシクールを相続する。
1622,narbefontaine,suzerain,,duchy-lorraine,treaty,An agreement with the Teutonic Order's grand master places Narbéfontaine in the office of Boulay.,Un accord avec le grand-maître de l'ordre teutonique place Narbéfontaine dans l'office de Boulay.,Eine Vereinbarung mit dem Hochmeister des Deutschen Ordens weist Narbéfontaine dem Amt Bolchen zu.,ドイツ騎士団総長との合意により、ナルベフォンテーヌがブレ管区に属するとされる。
1622,principality-lixheim,suzerain,frederic-v-palatinate,duchy-lorraine,pledge,"Frederick V pledges Lixheim to Henry II, who garrisons it.","Frédéric V engage Lixheim à Henri II, qui y met une garnison.","Friedrich V. verpfändet Lixheim an Heinrich II., der dort eine Besatzung legt.",フリードリヒ5世がリクサイムをアンリ2世に担保として渡し、アンリ2世が守備隊を置く。
1623,county-salm,,holy-roman-empire,philippe-otto-salm,judgment,"The emperor makes Philipp Otto of Salm a hereditary prince of the Empire, on condition he restores Catholicism.","L'empereur fait de Philippe-Otto de Salm un prince héréditaire d'Empire, à condition qu'il rétablisse le catholicisme.","Der Kaiser macht Philipp Otto von Salm zum erblichen Reichsfürsten unter der Bedingung, den Katholizismus wiederherzustellen.",皇帝が、カトリック回復を条件にフィリップ・オットー・フォン・サルムを世襲の帝国諸侯とする。
1623,county-salm,suzerain,,holy-roman-empire,judgment,Salm's imperial status is recognised again.,Le caractère impérial de Salm est à nouveau reconnu.,Die Reichsunmittelbarkeit Salms wird erneut anerkannt.,サルムの帝国直属性が改めて認められる。
1623,office-merzig,,,,treaty,"Lorraine, Nassau and Trier agree to make the Saar navigable.","La Lorraine, Nassau et Trèves conviennent de rendre la Sarre navigable.","Lothringen, Nassau und Trier vereinbaren, die Saar schiffbar zu machen.",ロレーヌ、ナッサウ、トリーアがザール川を航行可能にすることで合意する。
1623,principality-lixheim,,,duchy-lorraine,cession,The office of Lixheim joins the bailiwick.,L'office de Lixheim entre dans le bailliage.,Das Amt Lixheim kommt zum Bellistum.,リクサイム管区がバイイ管区に加わる。
1623,principality-lixheim,manorial_lord,electorate-palatinate,duchy-lorraine,purchase,Lorraine buys Lixheim from Frederick V.,La Lorraine achète Lixheim à Frédéric V.,Lothringen kauft Lixheim von Friedrich V.,ロレーヌがフリードリヒ5世からリクサイムを購入する。
1623,principality-lixheim,suzerain,frederic-v-palatinate,duchy-lorraine,purchase,"By the treaties of Nancy and The Hague, Frederick V sells Lixheim, Graufthal, Montbronn and most of Hérange with sovereign rights.","Aux traités conclus à Nancy et à La Haye, Frédéric V vend Lixheim, le Graufthal, Montbronn et la plus grande partie de Hérange avec les droits souverains.","Durch die Verträge von Nancy und Den Haag verkauft Friedrich V. Lixheim, Krauftal, Mombronn und den größten Teil von Heringen mit den Hoheitsrechten.",ナンシーとハーグの条約により、フリードリヒ5世がリクサイム、グラウフタール、モンブロン、エランジュの大部分を主権付きで売る。
1623,saargau,suzerain,,,treaty,Ferdinand II approves the Saargau settlement.,Ferdinand II approuve l'accord du Saargau.,Ferdinand II. billigt die Saargauer Vereinbarung.,フェルディナント2世がザールガウの協定を承認する。
1623,spicheren,,,,boundary,An inquiry into the Spicheren and Saint-Arnual bounds and other border disputes.,Enquête sur les limites de Spicheren et de Saint-Arnual et sur d'autres différends frontaliers.,Untersuchung der Grenzen von Spichern und St. Arnual und weiterer Grenzstreitigkeiten.,スピシャランとザンクト・アルヌアルの境界およびその他の境界争いの調査。
1624,principality-lixheim,manorial_lord,duchy-lorraine,henriette-vaudemont,cession,Henry II grants the principality of Lixheim to Henriette of Vaudémont.,Henri II donne la principauté de Lixheim à Henriette de Vaudémont.,Heinrich II. überträgt das Fürstentum Lixheim an Henriette von Vaudémont.,アンリ2世がリクサイム侯国をアンリエット・ド・ヴォーデモンに与える。
1624,principality-lixheim,manorial_lord,duchy-lorraine,henriette-vaudemont,enfeoffment,Henry II enfeoffs Henriette of Vaudémont with the newly bought lands.,Henri II inféode à Henriette de Vaudémont les terres nouvellement achetées.,Heinrich II. belehnt Henriette von Vaudémont mit den neu erworbenen Gebieten.,アンリ2世が新たに購入した所領をアンリエット・ド・ヴォーデモンに封じる。
1624,principality-phalsbourg,,holy-roman-empire,louis-de-guise,judgment,Phalsbourg is raised to an imperial principality; Louis and Henriette take the title of prince and princess.,Phalsbourg devient principauté d'Empire ; Louis et Henriette prennent le titre de prince et princesse.,Pfalzburg wird Reichsfürstentum; Ludwig und Henriette nehmen den Titel Fürst und Fürstin an.,ファルスブールが帝国侯国となり、ルイとアンリエットが侯と侯妃の称号を名乗る。
1624,principality-phalsbourg,suzerain,,holy-roman-empire,judgment,Phalsbourg's imperial status is recognised.,Le caractère impérial de Phalsbourg est reconnu.,Die Reichsunmittelbarkeit Pfalzburgs wird anerkannt.,ファルスブールの帝国直属性が認められる。
1625,fief-hellimer,suzerain,,,judgment,Bishopric and Lorraine councillors meet at Hellimer over the lordship's disputes.,Des conseillers de l'évêché et de la Lorraine se réunissent à Hellimer au sujet des différends de la seigneurie.,Räte des Bistums und Lothringens treffen sich in Hellimer wegen der Streitigkeiten um die Herrschaft.,司教領とロレーヌの顧問官が、エリメール領の争いについてエリメールで会合する。
1625,hestroff,high_justice,duchy-lorraine,henriette-vaudemont,pledge,The justice and tallage of Hestroff are pledged to Henriette of Vaudémont (the book gives 1624 and 1625).,La justice et la taille d'Hestroff sont engagées à Henriette de Vaudémont (le livre donne 1624 et 1625).,Gericht und Bede von Herstroff werden an Henriette von Vaudémont verpfändet (das Buch nennt 1624 und 1625).,エストロフの裁判権とタイユ税がアンリエット・ド・ヴォーデモンに担保として渡される（本書は1624年と1625年の両方を記す）。
1625,saint-avold,middle_low_justice,,community-saint-avold,judgment,Saint-Avold's mayor and court may hear all civil cases; the bailiff may not take them over.,Le maire et la justice de Saint-Avold peuvent juger toutes les causes civiles ; le bailli ne peut les leur retirer.,Meier und Gericht von Sankt Avold dürfen alle Zivilsachen entscheiden; der Bailli darf sie nicht an sich ziehen.,サンタヴォルの村長と裁判所がすべての民事事件を審理でき、バイイはそれを取り上げられない。
1625,weiskirch,manorial_lord,duchy-lorraine,jean-henri-schwebel,enfeoffment,John Henry Schwebel takes Weiskirch in fief.,Jean-Henri Schwebel reprend Weiskirch en fief.,Johann Heinrich Schwebel empfängt Weißkirchen als Lehen.,ヨハン・ハインリヒ・シュヴェーベルがヴェスキルシュを封土として受ける。
1626,burtoncourt,suzerain,pays-messin,duchy-lorraine,judgment,"The duke fails to assert sovereignty over the Burtoncourt farm, which belongs to the Pays messin.","Le duc ne parvient pas à imposer sa souveraineté sur la métairie de Burtoncourt, qui relève du Pays messin.","Der Herzog kann seine Landeshoheit über den Hof Burtoncourt, der zum Metzer Land gehört, nicht durchsetzen.",公は、メス地方に属するビュルトンクールの農場に主権を及ぼすことができない。
1626,illingen,tithe,county-nassau-saarbruecken,ernest-de-kerpen,purchase,Nassau sells the Illingen tithes to its vassal Ernest of Kerpen.,"Ernest de Kerpen, vassal de Nassau, achète à celui-ci les dîmes d'Illingen.",Nassau verkauft den Zehnten von Illingen an seinen Vasallen Ernst von Kerpen.,ナッサウがイリンゲンの十分の一税を家臣エルンスト・フォン・ケルペンに売る。
1626,lordship-metz,tax_aide,,holy-roman-empire,judgment,Ferdinand II waives taxes unpaid since 1613 by the bishop's subjects.,Ferdinand II remet aux sujets de l'évêque les impôts impayés depuis 1613.,Ferdinand II. erlässt den bischöflichen Untertanen die seit 1613 unbezahlten Steuern.,フェルディナント2世が司教の臣民に1613年以来の未納税を免除する。
1626,remsing,middle_low_justice,,duchy-lorraine,judgment,Hombourg's officer orders grain seized at Remsing against the lord of Cerisy's interference.,L'officier de Hombourg fait saisir à Remsing du grain malgré l'opposition du sieur de Cerisy.,Der Homburger Amtmann lässt in Remsing Getreide trotz des Widerstands des Herrn von Cerisy beschlagnahmen.,オンブールの役人が、スリジー卿の妨害を押し切ってレムザンで穀物を差し押さえさせる。
1627,castellany-marsal,,,duchy-lorraine,judgment,Lorraine's customary law is extended to the office of Marsal.,La coutume de Lorraine est étendue à l'office de Marsal.,Das lothringische Gewohnheitsrecht wird auf das Amt Marsal ausgedehnt.,ロレーヌの慣習法がマルサル管区に適用される。
1627,county-blamont,suzerain,holy-roman-empire,duchy-lorraine,enfeoffment,Ferdinand II renews the Blâmont investiture for Charles IV.,Ferdinand II renouvelle l'investiture de Blâmont pour Charles IV.,Ferdinand II. erneuert für Karl IV. die Belehnung mit Blankenberg.,フェルディナント2世がシャルル4世のためにブラモンの授封を更新する。
1627,county-falkenstein,suzerain,holy-roman-empire,duchy-lorraine,enfeoffment,Ferdinand II invests Charles IV with Falkenstein.,Ferdinand II investit Charles IV de Falkenstein.,Ferdinand II. belehnt Karl IV. mit Falkenstein.,フェルディナント2世がシャルル4世にファルケンシュタインを授封する。
1627,fief-hellimer,suzerain,holy-roman-empire,,enfeoffment,Hellimer is made an imperial barony.,Hellimer devient baronnie d'Empire.,Hellimer wird Reichsfreiherrschaft.,エリメールが帝国男爵領となる。
1627,marquisate-pont-a-mousson,suzerain,holy-roman-empire,duchy-lorraine,enfeoffment,Ferdinand II renews the Pont-à-Mousson investiture for Charles IV.,Ferdinand II renouvelle l'investiture de Pont-à-Mousson pour Charles IV.,Ferdinand II. erneuert für Karl IV. die Belehnung mit Pont-à-Mousson.,フェルディナント2世がシャルル4世のためにポンタ＝ムッソンの授封を更新する。
1627,moyenvic,military,bishopric-metz,holy-roman-empire,occupation,Imperial troops occupy Vic and Moyenvic.,Des troupes impériales occupent Vic et Moyenvic.,Kaiserliche Truppen besetzen Wich und Mittelwich.,帝国軍がヴィックとモワイヤンヴィックを占領する。
1628,county-falkenstein,manorial_lord,house-daun-falkenstein,house-daun-oberstein,inheritance,The Daun-Falkenstein die out; the Daun-Oberstein take Falkenstein as a rear-fief from Charles IV.,Les Daun-Falkenstein s'éteignent ; les Daun-Oberstein reprennent Falkenstein en arrière-fief de Charles IV.,Die Daun-Falkenstein sterben aus; die Daun-Oberstein empfangen Falkenstein als Afterlehen von Karl IV.,ダウン＝ファルケンシュタイン家が断絶し、ダウン＝オーバーシュタイン家がシャルル4世から陪臣封としてファルケンシュタインを受ける。
1628,hoste,appeal_jurisdiction,,louis-de-guise,judgment,Hoste appeals to the prince of Phalsbourg against Hombourg's officers; the case goes back to the bailiwick.,Hoste fait appel au prince de Phalsbourg contre les officiers de Hombourg ; l'affaire revient au bailliage.,Hoste ruft gegen die Homburger Beamten den Fürsten von Pfalzburg an; der Fall geht ans Bellistum zurück.,オストがオンブールの役人に対しファルスブール侯に上訴するが、事件はバイイ管区に差し戻される。
1628,lordship-morhange,manorial_lord,,duchy-lorraine,confiscation,Lorraine confiscates Morhange.,La Lorraine confisque Morhange.,Lothringen zieht Mörchingen ein.,ロレーヌがモランジュを没収する。
1628,luttange,suzerain,duchy-lorraine,,cession,Luttange refuses the general aids and withdraws from Lorraine's sovereignty.,Luttange refuse les aides générales et se soustrait à la souveraineté lorraine.,Lüttingen verweigert die allgemeinen Beihilfen und entzieht sich der lothringischen Landeshoheit.,リュタンジュが一般援助金を拒み、ロレーヌの主権から離れる。
1628,office-vaudrevange,high_justice,,duchy-lorraine,judgment,An attempt to replace Vaudrevange's aldermen with a bailiwick court fails.,La tentative de remplacer les échevins de Vaudrevange par un tribunal du bailliage échoue.,"Der Versuch, die Wallerfanger Schöffen durch ein Gericht des Bellistums zu ersetzen, scheitert.",ヴァラーファンゲンの参審人をバイイ管区の法廷に置き換える試みは失敗する。
1629,advocacy-herbitzheim,advocate,county-nassau-saarbruecken,francois-ii-vaudemont,occupation,"Francis II occupies the advocacy of Herbitzheim, expelling Nassau's officials and pastors.",François II occupe la vouerie de Herbitzheim et en chasse les officiers et pasteurs de Nassau.,Franz II. besetzt die Vogtei Herbitzheim und vertreibt Nassaus Beamte und Pfarrer.,フランソワ2世がエルビッツェムの守護領を占領し、ナッサウの役人と牧師を追放する。
1629,bambiderstroff,suzerain,,,treaty,A second conference at Marville ends without result.,Une seconde conférence à Marville reste sans résultat.,Eine zweite Konferenz in Marville bleibt ohne Ergebnis.,マルヴィルでの2度目の会議も成果なく終わる。
1629,bouquenom,suzerain,county-nassau-saarbruecken,francois-ii-vaudemont,occupation,"Francis II's men take Bouquenom by force; the town swears to the Empire, then to Lorraine.","Les hommes de François II prennent Bouquenom de force ; la ville prête serment à l'Empire, puis à la Lorraine.","Die Leute Franz' II. nehmen Bockenheim mit Gewalt; die Stadt schwört zuerst dem Reich, dann Lothringen.",フランソワ2世の手勢がブーケノムを武力で奪い、町は帝国、次いでロレーヌに宣誓する。
1629,county-bliescastel,manorial_lord,,electorate-trier,judgment,The Imperial Chamber rules for the elector of Trier over Blieskastel.,La Chambre impériale donne raison à l'électeur de Trèves au sujet de Bliescastel.,Das Reichskammergericht entscheidet im Streit um Blieskastel für den Kurfürsten von Trier.,帝国最高法院がブリースカステルをめぐりトリーア選帝侯に有利な判決を下す。
1629,county-sarrewerden,suzerain,county-nassau-saarbruecken,duchy-lorraine,cession,The county of Sarrewerden becomes part of Lorraine.,Le comté de Sarrewerden devient lorrain.,Die Grafschaft Saarwerden wird lothringisch.,サールヴェルデン伯領がロレーヌ領となる。
1629,county-sarrewerden,manorial_lord,county-nassau-saarbruecken,francois-ii-vaudemont,judgment,"The Imperial Chamber awards Sarrewerden castle, Bouquenom and Vibersviller to Francis II, the rest of the county to Nassau.","La Chambre impériale attribue à François II le château de Sarrewerden, Bouquenom et Vibersviller, le reste du comté à Nassau.","Das Reichskammergericht spricht Franz II. Burg Saarwerden, Bockenheim und Wiebersweiler zu, den Rest der Grafschaft Nassau.",帝国最高法院がサールヴェルデン城、ブーケノム、ヴィベルスヴィレールをフランソワ2世に、伯領の残りをナッサウに与える。
1629,county-sarrewerden,suzerain,francois-ii-vaudemont,county-nassau-saarbruecken,judgment,The emperor and the Imperial Chamber order Francis II to leave the occupied lands and drop the title of count.,L'empereur et la Chambre impériale enjoignent à François II de quitter les terres occupées et de renoncer au titre de comte.,"Kaiser und Reichskammergericht befehlen Franz II., die besetzten Gebiete zu räumen und den Grafentitel abzulegen.",皇帝と帝国最高法院が、フランソワ2世に占領地からの撤退と伯の称号の放棄を命じる。
1629,county-sarrewerden,high_justice,,francois-ii-vaudemont,judgment,"The Imperial Chamber awards Bouquenom and Sarrewerden to Francis II, who calls himself count of Sarrewerden.","La Chambre impériale attribue Bouquenom et Sarrewerden à François II, qui se dit comte de Sarrewerden.","Das Reichskammergericht spricht Bockenheim und Saarwerden Franz II. zu, der sich Graf von Saarwerden nennt.",帝国最高法院がブーケノムとサールヴェルデンをフランソワ2世に与え、彼はサールヴェルデン伯を名乗る。
1629,francaltroff,manorial_lord,duchy-lorraine,henriette-vaudemont,enfeoffment,"Charles IV adds Francaltroff, Léning and Montdidier to Henriette's fiefs.","Charles IV ajoute Francaltroff, Léning et Montdidier aux fiefs d'Henriette.","Karl IV. fügt Henriettes Lehen Freialtdorf, Leiningen und Montdidier hinzu.",シャルル4世がアンリエットの封土にフランカルトロフ、レナン、モンディディエを加える。
1629,hambach,manorial_lord,duchy-lorraine,henriette-vaudemont,enfeoffment,Charles IV adds Hambach and Roth to Henriette's fiefs.,Charles IV ajoute Hambach et Roth aux fiefs d'Henriette.,Karl IV. fügt Henriettes Lehen Hambach und Roth hinzu.,シャルル4世がアンリエットの封土にアンバックとロートを加える。
1629,hellimer,,holy-roman-empire,house-du-gaillard,enfeoffment,Ferdinand II makes Hellimer a barony.,Ferdinand II fait de Hellimer une baronnie.,Ferdinand II. erhebt Hellimer zur Freiherrschaft.,フェルディナント2世がエリメールを男爵領とする。
1629,lordship-kingertal,manorial_lord,bishopric-metz,louis-de-guise,enfeoffment,"The bishop of Metz grants Kingertal and its villages to Louis of Guise, allowing him to join it to his principality.","L'évêque de Metz donne Kingertal et ses villages à Louis de Guise, qui peut les joindre à sa principauté.","Der Bischof von Metz gibt Kingertal mit seinen Dörfern an Ludwig von Guise, der es mit seinem Fürstentum vereinigen darf.",メス司教がキンガータールとその村々をルイ・ド・ギーズに与え、侯国への併合を認める。
1629,principality-lixheim,suzerain,,holy-roman-empire,cession,Ferdinand II makes Lixheim a free principality held directly of the Empire.,Ferdinand II fait de Lixheim une principauté libre relevant directement de l'Empire.,"Ferdinand II. erhebt Lixheim zum freien, reichsunmittelbaren Fürstentum.",フェルディナント2世がリクサイムを帝国直属の自由侯国とする。
1629,principality-lixheim,suzerain,,holy-roman-empire,judgment,Lixheim's imperial status is recognised.,Le caractère impérial de Lixheim est reconnu.,Die Reichsunmittelbarkeit Lixheims wird anerkannt.,リクサイムの帝国直属性が認められる。
1630,diedendorf,manorial_lord,jean-streiff-de-lauenstein,francois-ii-vaudemont,confiscation,"Diedendorf and Voellerdingen are confiscated from John Streiff of Lauenstein, who joined the Swedish king.","Diedendorf et Voellerdingen sont confisqués à Jean Streiff de Lauenstein, passé au service du roi de Suède.","Diedendorf und Völlerdingen werden Johann Streiff von Lauenstein entzogen, der in schwedische Dienste getreten ist.",スウェーデン王に仕えたヨハン・シュトライフ・フォン・ラウエンシュタインからディーデンドルフとフェレルダンジャンが没収される。
1630,kraftal,manorial_lord,louis-de-guise,carelle-de-marimont,purchase,Louis of Guise sells the Kraftal farm and nearby rights to Carelle of Marimont.,Louis de Guise vend la cense de Kraftal et des droits voisins au sieur Carelle de Marimont.,Ludwig von Guise verkauft den Hof Kraftal und benachbarte Rechte an Herrn Carelle von Mörsberg.,ルイ・ド・ギーズがクラフタル農場と近隣の権利をカレル・ド・マリモン卿に売る。
1630,reitweiler,manorial_lord,louis-de-guise,sieur-de-mercy,enfeoffment,Graufthal abbey's property at Reitweiler is granted to the lord of Mercy.,Les biens de l'abbaye du Graufthal à Reitweiler sont donnés au sieur de Mercy.,Die Güter der Abtei Krauftal in Reitweiler werden Herrn von Mercy übertragen.,グラウフタール修道院のライトヴァイラーの所領がメルシー卿に与えられる。
1630,voellerdingen,manorial_lord,jean-streiff-de-lauenstein,gerard-rousselot,enfeoffment,Francis II grants Diedendorf and Voellerdingen to Gérard Rousselot (approved by the emperor in 1632).,François II donne Diedendorf et Voellerdingen à Gérard Rousselot (approuvé par l'empereur en 1632).,Franz II. gibt Diedendorf und Völlerdingen an Gerhard Rousselot (1632 vom Kaiser bestätigt).,フランソワ2世がディーデンドルフとフェレルダンジャンをジェラール・ルスロに与える（1632年に皇帝が承認）。
1631,arriance,manorial_lord,house-varsberg,cathedral-chapter-metz,purchase,Samson of Varsberg sells his half of Arriance to the cathedral of Metz.,Samson de Varsberg vend sa moitié d'Arriance à la cathédrale de Metz.,Samson von Warsberg verkauft seine Hälfte von Argenchen an den Metzer Dom.,ザムゾン・フォン・ヴァルスベルクがアリアンスの半分をメス大聖堂に売る。
1631,bambiderstroff,safeguard,,duchy-luxembourg,cession,Bambiderstroff seeks Luxembourg's protection; the German Bailiwick protests.,Bambiderstroff demande la protection du Luxembourg ; le bailliage d'Allemagne proteste.,Baumbiedersdorf sucht Luxemburgs Schutz; das Deutsche Bellistum protestiert.,バンビデルストロフがルクセンブルクの保護を求め、ドイツ・バイイ管区が抗議する。
1631,ban-petite-rosselle,manorial_lord,,,judgment,A lawsuit over the Warndt forest between Lorraine and Nassau begins; it is still open in 1697.,Un procès entre la Lorraine et Nassau sur la forêt du Warndt commence ; il dure encore en 1697.,Ein Prozess zwischen Lothringen und Nassau um den Warndtwald beginnt; 1697 ist er noch offen.,ヴァルントの森をめぐるロレーヌとナッサウの訴訟が始まり、1697年になっても続いている。
1631,longeville,high_justice,abbey-longeville,abbey-longeville,judgment,The abbot of Longeville reorganises the aldermen of his courts.,L'abbé de Longeville réorganise les échevins de ses cours.,Der Abt von Lubeln ordnet die Schöffen seiner Gerichte neu.,ロンジュヴィル修道院長が自らの法廷の参審人を再編する。
1631,principality-phalsbourg,manorial_lord,louis-de-guise,henriette-vaudemont,inheritance,Louis of Guise leaves Phalsbourg to his wife and dies in 1631.,Louis de Guise laisse Phalsbourg à sa femme et meurt en 1631.,Ludwig von Guise hinterlässt Pfalzburg seiner Frau und stirbt 1631.,ルイ・ド・ギーズがファルスブールを妻に遺し、1631年に死去する。
1631,varsberg,high_justice,duchy-lorraine,abbey-longeville,judgment,"The abbot of Longeville is recorded as sole lord of Varsberg, with all justice.","L'abbé de Longeville est désigné comme seul seigneur de Varsberg, avec toute la justice.",Der Abt von Lubeln wird als alleiniger Herr von Warsberg mit aller Gerichtsbarkeit verzeichnet.,ロンジュヴィル修道院長が、全裁判権を持つヴァルスベールの唯一の領主と記録される。
1632,arriance,suzerain,,duchy-lorraine,judgment,Charles IV defends his sovereignty over the free allod of Arriance.,"Charles IV maintient ses droits souverains sur Arriance, franc-alleu.",Karl IV. verteidigt seine Landeshoheit über das freie Allod Argenchen.,シャルル4世がアリアンスの自由地に対する主権を守る。
1632,county-salm,manorial_lord,house-vaudemont,duchy-lorraine,inheritance,Charles IV inherits half of the county of Salm.,Charles IV hérite de la moitié du comté de Salm.,Karl IV. erbt die Hälfte der Grafschaft Salm.,シャルル4世がサルム伯領の半分を相続する。
1632,county-sarrewerden,suzerain,,duchy-lorraine,cession,Charles IV unites the county of Sarrewerden with the duchy.,Charles IV unit le comté de Sarrewerden au duché.,Karl IV. vereinigt die Grafschaft Saarwerden mit dem Herzogtum.,シャルル4世がサールヴェルデン伯領を公国に統合する。
1632,lordship-diemeringen,suzerain,,holy-roman-empire,confiscation,The emperor confiscates the sovereign rights of Diemeringen for disloyalty.,L'empereur confisque pour félonie les droits souverains de Diemeringen.,Der Kaiser zieht wegen Felonie die Hoheitsrechte über Diemeringen ein.,皇帝が不忠を理由にディーメランジャンの主権的権利を没収する。
1632,lordship-kingertal,high_justice,,,judgment,Princess Henriette resists the bishop's encroachments on Kingertal's high justice.,La princesse Henriette conteste à l'évêque et à ses officiers la haute justice à Kingertal.,Fürstin Henriette wehrt sich gegen die Übergriffe des Bischofs auf das Hochgericht im Kingertal.,アンリエット侯妃が、キンガータールの上級裁判権への司教の侵害に抵抗する。
1632,lordship-lixing,manorial_lord,,house-kerpen,enfeoffment,The Kerpen extend their rights at Lixing.,Les Kerpen étendent leurs droits à Lixing.,Die Kerpen erweitern ihre Rechte in Lixingen.,ケルペン家がリクサンでの権利を拡大する。
1632,lordship-metz,high_justice,bishopric-metz,kingdom-france,occupation,"French troops occupy the bishop's lands, imposing French taxes and justice.",Les troupes françaises occupent les terres de l'évêque et y imposent impôts et justice français.,Französische Truppen besetzen die Gebiete des Bischofs und führen französische Steuern und Gerichtsbarkeit ein.,フランス軍が司教の所領を占領し、フランスの税と裁判を課す。
1632,lordship-turquestein,manorial_lord,house-vaudemont,duchy-lorraine,inheritance,Charles IV inherits Turquestein and Saint-Georges.,Charles IV hérite de Turquestein et de Saint-Georges.,Karl IV. erbt Türkstein und Saint-Georges.,シャルル4世がテュルクスタンとサン＝ジョルジュを相続する。
1632,maxstadt,middle_low_justice,,,judgment,Henriette of Phalsbourg forbids Hombourg's officers to hear Maxstadt's and Hoste's cases first.,Henriette de Phalsbourg interdit aux officiers de Hombourg de juger en première instance les causes de Maxstadt et de Hoste.,"Henriette von Pfalzburg verbietet den Homburger Beamten, die Sachen von Maxstadt und Hoste in erster Instanz zu verhandeln.",アンリエット・ド・ファルスブールが、マクスタットとオストの事件を第一審で扱うことをオンブールの役人に禁じる。
1632,metzeresche,tax_aide,,duchy-lorraine,judgment,Lorraine's court of aids rules that aids fall on all property alike.,La Chambre des aides de Lorraine décide que les aides frappent tous les biens sans distinction.,"Die lothringische Beihilfenkammer entscheidet, dass die Beihilfen auf allen Gütern ohne Unterschied lasten.",ロレーヌの援助金院が、援助金はすべての財産に区別なく課されると決定する。
1632,sarralbe,manorial_lord,duchy-lorraine,comte-de-cratz,pledge,The office of Sarralbe is pledged to the count of Cratz.,L'office de Sarralbe est engagé au comte de Cratz.,Das Amt Saaralben wird an den Grafen von Cratz verpfändet.,サラルブ管区がクラッツ伯に担保として渡される。
1632,sarreguemines-m,manorial_lord,duchy-lorraine,baron-serainchamp,pledge,Sarreguemines is pledged to the baron of Serainchamp.,Sarreguemines est engagé au baron de Serainchamp.,Saargemünd wird an den Freiherrn von Serainchamp verpfändet.,サルグミーヌがスランシャン男爵に担保として渡される。
1633,dillingen,manorial_lord,martzloff-de-braubach,anne-madelaine-de-savigny,inheritance,On Marzolf of Braubach's death his daughter inherits Dillingen.,"À la mort de Martzloff de Braubach, sa fille hérite de Dillingen.",Nach dem Tod Marzolfs von Braubach erbt seine Tochter Dillingen.,マルツォルフ・フォン・ブラウバッハの死後、娘がディリンゲンを相続する。
1633,lordship-nalbach,manorial_lord,martzloff-de-braubach,electorate-palatinate,inheritance,Part of Nalbach reverts to the Elector Palatine as a fief for male heirs only.,Une partie de Nalbach revient à l'électeur palatin comme fief réservé aux mâles.,Ein Teil Nalbachs fällt als Mannlehen an den Kurfürsten von der Pfalz zurück.,ナルバッハの一部が男子相続の封土としてプファルツ選帝侯に戻る。
1634,ban-rotte,suzerain,duchy-lorraine,bishopric-metz,confiscation,The bishopric of Metz takes the ban of the Rotte as a free allod.,L'évêché de Metz réunit le ban de la Rotte comme franc-alleu.,Das Bistum Metz zieht den Bann der Rotte als freies Allod ein.,メス司教領がロットのバンを自由地として併合する。
1634,hoppstetten,manorial_lord,county-eberstein,duchy-lorraine,confiscation,The ducal council confiscates the Hoppstetten fief.,Le conseil ducal confisque le fief de Hoppstetten.,Der herzogliche Rat zieht das Lehen Hoppstädten ein.,公の評議会がホップシュテッテンの封土を没収する。
1634,ketternostern,manorial_lord,house-hunolstein,duchy-lorraine,confiscation,The ducal council confiscates the Hunolstein fief at Ketternostern.,Le conseil ducal confisque le fief des Hunolstein à Ketternostern.,Der herzogliche Rat zieht das Hunolsteiner Lehen in Ketternostern ein.,公の評議会がケッテルノステルンのフノルシュタイン家の封土を没収する。
1634,moyenvic,,bishopric-metz,kingdom-france,occupation,Louis XIII appoints the marquis of Feuquières governor of Moyenvic.,Louis XIII nomme le marquis de Feuquières gouverneur de Moyenvic.,Ludwig XIII. ernennt den Marquis de Feuquières zum Gouverneur von Mittelwich.,ルイ13世がフキエール侯をモワイヤンヴィックの総督に任命する。
1657,dillingen,manorial_lord,anne-madelaine-de-savigny,antoinette-de-lenoncourt-blainville,inheritance,Dillingen passes to Countess Antoinette of Lenoncourt-Blainville.,Dillingen passe à la comtesse Antoinette de Lenoncourt-Blainville.,Dillingen geht an Gräfin Antoinette von Lenoncourt-Blainville über.,ディリンゲンがアントワネット・ド・ルノンクール＝ブランヴィル伯爵夫人に移る。
1681,county-crehange,suzerain,,comtesse-ostfriesland,judgment,"When Count John Louis of Créhange dies, the Parlement of Metz awards the county to the countess of Ostfriesland.","Le comte Jean-Louis de Créhange décédé, le Parlement de Metz attribue le comté à la comtesse d'Ostfriesland.",Nach dem Tod des Grafen Johann Ludwig von Kriechingen spricht das Parlement von Metz die Grafschaft der Gräfin von Ostfriesland zu.,クレアンジュ伯ジャン＝ルイの死後、メス高等法院が伯領を東フリースラント伯爵夫人に与える。
1718,arriance,suzerain,,duchy-lorraine,cession,Arriance is assigned to Lorraine.,Arriance est attribué à la Lorraine.,Argenchen wird Lothringen zugesprochen.,アリアンスがロレーヌに帰属するとされる。
1718,ban-rotte,suzerain,duchy-lorraine,bishopric-metz,cession,Lorraine withdraws its claim to the ban of the Rotte.,La Lorraine renonce à ses prétentions sur le ban de la Rotte.,Lothringen verzichtet auf seine Ansprüche auf den Bann der Rotte.,ロレーヌがロットのバンへの請求を放棄する。
1718,dordhal,suzerain,bishopric-metz,duchy-lorraine,judgment,Dordhal is assigned to Lorraine.,Dordhal est attribué à la Lorraine.,Dordhal wird Lothringen zugesprochen.,ドルダルがロレーヌに帰属するとされる。
1721,oermingen,,,,boundary,Boundary stones end the disputes between Lorraine and Nassau at Oermingen.,Des bornes mettent fin aux différends entre la Lorraine et Nassau à Oermingen.,Grenzsteine beenden die Streitigkeiten zwischen Lothringen und Nassau bei Oermingen.,境界石の設置により、エルマンジャンでのロレーヌとナッサウの争いが終わる。
1726,county-bitche,,,,treaty,A trade and tolls treaty between Bitche and Zweibrücken is confirmed.,Un traité de commerce et de péages entre Bitche et Deux-Ponts est confirmé.,Ein Handels- und Zollvertrag zwischen Bitsch und Zweibrücken wird bestätigt.,ビチェーとツヴァイブリュッケンの通商・通行税条約が確認される。
1624,anzeling,high_justice,duchy-lorraine,henriette-vaudemont,pledge,"Henri II pledges Anzeling (high, middle and low justice) to Henriette de Vaudémont, January 1624.","Henri II engage Anzeling (haute, moyenne et basse justice) à Henriette de Vaudémont, janvier 1624.","Heinrich II. verpfändet Anzelingen (hohe, mittlere und niedere Gerichtsbarkeit) an Henriette von Vaudémont, Januar 1624.",アンリ2世がアンゼリング（上級・中級・下級裁判権）をアンリエット・ド・ヴォーデモンに担保として渡す（1624年1月）。
1624,hestroff,high_justice,duchy-lorraine,henriette-vaudemont,pledge,"Hestroff pledged to Henriette de Vaudémont; p. 51 says January 1624, p. 50 January 1625.","Hestroff engagé à Henriette de Vaudémont ; la p. 51 dit janvier 1624, la p. 50 janvier 1625.","Herstroff an Henriette von Vaudémont verpfändet; S. 51 nennt Januar 1624, S. 50 Januar 1625.",エストロフがアンリエット・ド・ヴォーデモンに担保として渡される。p. 51は1624年1月、p. 50は1625年1月とする。
1620,chemery,middle_low_justice,,abbey-freistroff,judgment,February 1620: the Conseil d'État maintains the abbot of Freistroff in the middle and low justice against the ducal procurator's claim of 1616.,Février 1620 : le Conseil d'État maintient l'abbé de Freistroff dans la moyenne et basse justice contre la prétention du procureur ducal de 1616.,Februar 1620: Der Staatsrat bestätigt dem Abt von Freisdorf die mittlere und niedere Gerichtsbarkeit gegen den Anspruch des herzoglichen Prokurators von 1616.,1620年2月、国務会議が1616年の公の検事の主張を退け、フレストロフ修道院長の中級・下級裁判権を維持する。
1620,saargau,suzerain,,,treaty,Accommodation of 28-30 July 1620 between Lorraine and Trier confirms undivided joint sovereignty and common justice; approved by Ferdinand II on 4 December 1623.,Accord des 28-30 juillet 1620 entre la Lorraine et Trèves confirmant la souveraineté commune et indivise et la justice commune ; approuvé par Ferdinand II le 4 décembre 1623.,"Vergleich vom 28.–30. Juli 1620 zwischen Lothringen und Trier, der die ungeteilte gemeinsame Landeshoheit und das gemeinsame Gericht bestätigt; von Ferdinand II. am 4. Dezember 1623 gebilligt.",1620年7月28〜30日のロレーヌとトリーアの協定が、不分割の共同主権と共同の裁判を確認する。1623年12月4日にフェルディナント2世が承認。
1620,office-merzig,suzerain,,,treaty,Same accommodation of July 1620 for the Merzig part of the condominium.,Même accord de juillet 1620 pour la partie de Merzig du condominium.,Derselbe Vergleich vom Juli 1620 für den Merziger Teil des Kondominiums.,共同統治地のメルツィヒ部分についても1620年7月の同じ協定が適用される。
1629,sarrewerden,high_justice,county-nassau-saarbruecken,francois-ii-vaudemont,judgment,"Judgment of the Imperial Chamber of Speyer, 7 July 1629: the castle and town of Sarrewerden, as masculine fiefs of Metz, go to François II.","Jugement de la Chambre impériale de Spire, 7 juillet 1629 : le château et la ville de Sarrewerden, fiefs masculins de Metz, vont à François II.","Urteil des Reichskammergerichts zu Speyer, 7. Juli 1629: Burg und Stadt Saarwerden fallen als Metzer Mannlehen an Franz II.",1629年7月7日のシュパイアー帝国最高法院の判決により、メスの男子封土であるサールヴェルデンの城と町がフランソワ2世に帰する。
1629,bouquenom,high_justice,county-nassau-saarbruecken,francois-ii-vaudemont,judgment,Same Speyer judgment of 7 July 1629 for Bouquenom.,Même jugement de Spire du 7 juillet 1629 pour Bouquenom.,Dasselbe Speyerer Urteil vom 7. Juli 1629 für Bockenheim.,ブーケノムについても1629年7月7日のシュパイアーの同じ判決が下る。
1629,county-sarrewerden,high_justice,county-nassau-saarbruecken,francois-ii-vaudemont,occupation,"31 July 1629: Lorraine troops take Bouquenom by force and occupy the whole county, beyond what the judgment granted.","31 juillet 1629 : les troupes lorraines prennent Bouquenom de force et occupent tout le comté, au-delà de ce qu'accordait le jugement.","31. Juli 1629: Lothringische Truppen nehmen Bockenheim mit Gewalt und besetzen die ganze Grafschaft, über das Urteil hinaus.",1629年7月31日、ロレーヌ軍がブーケノムを武力で奪い、判決の範囲を超えて伯領全体を占領する。
1632,county-sarrewerden,high_justice,francois-ii-vaudemont,duchy-lorraine,inheritance,François II dies 14 October 1632; Charles IV takes the oath of the county's subjects the next day.,François II meurt le 14 octobre 1632 ; Charles IV reçoit le lendemain le serment des sujets du comté.,Franz II. stirbt am 14. Oktober 1632; Karl IV. nimmt am folgenden Tag den Eid der Untertanen der Grafschaft entgegen.,フランソワ2世が1632年10月14日に死去し、翌日シャルル4世が伯領の臣民の宣誓を受ける。
1621,lordship-faulquemont,manorial_lord,francois-ii-vaudemont,elisee-d-haraucourt,purchase,Élisée d'Haraucourt buys the shares of the count of Vaudémont and his wife Christine de Salm in the lordship of Faulquemont.,Élisée d'Haraucourt rachète dans la seigneurie de Faulquemont ce que possédaient le comte de Vaudémont et sa femme Christine de Salm.,Elisäus von Haraucourt kauft die Anteile des Grafen von Vaudémont und seiner Frau Christine von Salm an der Herrschaft Falkenberg.,エリゼ・ダロークールが、ヴォーデモン伯とその妻クリスティーヌ・ド・サルムのフォルクモン領の持分を買う。
1629,marquisate-faulquemont,,,house-haraucourt,elevation,In December 1629 Charles IV raises the lordship of Faulquemont to a marquisate for the Haraucourt family.,"En décembre 1629, Charles IV érige la seigneurie de Faulquemont en marquisat pour la famille d'Haraucourt.",Im Dezember 1629 erhebt Karl IV. die Herrschaft Falkenberg für die Familie Haraucourt zur Markgrafschaft.,1629年12月、シャルル4世がアロークール家のためにフォルクモン領を侯爵領に昇格させる。
1614,county-boulay,manorial_lord,duchy-lorraine,louis-de-guise,cession,Henri II gives Louis de Guise the lordship of Boulay for life; he then styles himself count of Boulay.,Henri II donne à Louis de Guise la seigneurie de Boulay à vie ; il se dit ensuite comte de Boulay.,Heinrich II. gibt Ludwig von Guise die Herrschaft Bolchen auf Lebenszeit; er nennt sich danach Graf von Bolchen.,アンリ2世がブレ領を終身でルイ・ド・ギーズに与え、彼は以後ブレ伯を名乗る。
1625,county-boulay,,duchy-lorraine,louis-de-guise,enfeoffment,"January 1625: Louis de Guise and Henriette do homage to Charles IV and Nicole for Phalsbourg, Hombourg, Saint-Avold and the county of Boulay.","Janvier 1625 : Louis de Guise et Henriette font hommage à Charles IV et à Nicole pour Phalsbourg, Hombourg, Saint-Avold et le comté de Boulay.","Januar 1625: Ludwig von Guise und Henriette huldigen Karl IV. und Nicole für Pfalzburg, Homburg, Sankt Avold und die Grafschaft Bolchen.",1625年1月、ルイ・ド・ギーズとアンリエットが、ファルスブール、オンブール、サンタヴォル、ブレ伯領についてシャルル4世とニコルに臣従の礼をとる。
1632,county-boulay,manorial_lord,louis-de-guise,henriette-vaudemont,pledge,"After Louis de Guise's death Henriette receives the county of Boulay in dower from Charles IV, for a loan of 300,000 francs (reversal letters 1 April 1633).","Après la mort de Louis de Guise, Henriette reçoit de Charles IV le comté de Boulay en douaire, pour un prêt de 300 000 francs (lettres réversales du 1er avril 1633).","Nach dem Tod Ludwigs von Guise erhält Henriette von Karl IV. die Grafschaft Bolchen als Wittum, für ein Darlehen von 300 000 Franken (Reversbriefe vom 1. April 1633).",ルイ・ド・ギーズの死後、アンリエットが30万フランの貸付と引き換えに、シャルル4世からブレ伯領を寡婦産として受ける（1633年4月1日付の反対証書）。
1621,county-bitche,,duchy-lorraine,henriette-vaudemont,pledge,"By his will of November 1621 Henri II leaves Henriette 300,000 francs, secured by a pledge of the county of Bitche.","Par son testament de novembre 1621, Henri II lègue à Henriette 300 000 francs, garantis par un engagement du comté de Bitche.","Mit seinem Testament vom November 1621 vermacht Heinrich II. Henriette 300 000 Franken, gesichert durch eine Verpfändung der Grafschaft Bitsch.",1621年11月の遺言で、アンリ2世がビチェー伯領を担保とする30万フランをアンリエットに遺贈する。
1625,teterchen,manorial_lord,duchy-lorraine,louis-de-guise,pledge,"Téterchen is pledged to Louis de Guise as security for a loan of 100,000 francs, formerly secured on Preny.","Téterchen est engagé à Louis de Guise en garantie d'un prêt de 100 000 francs, auparavant garanti sur Prény.","Teterchen wird an Ludwig von Guise als Sicherheit für ein Darlehen von 100 000 Franken verpfändet, das zuvor auf Prény gesichert war.",以前はプレニーを担保としていた10万フランの貸付の担保として、テテルシェンがルイ・ド・ギーズに渡される。
1625,roupeldange,,duchy-lorraine,louis-de-guise,pledge,"Goods at Roupeldange, with Téterchen, are pledged to Louis de Guise as security for a loan of 100,000 francs.","Des biens à Roupeldange, avec Téterchen, sont engagés à Louis de Guise en garantie d'un prêt de 100 000 francs.",Güter in Ruplingen werden zusammen mit Teterchen an Ludwig von Guise als Sicherheit für ein Darlehen von 100 000 Franken verpfändet.,ルペルダンジュの財産がテテルシェンとともに、10万フランの貸付の担保としてルイ・ド・ギーズに渡される。
1616,anzeling,high_justice,duchy-lorraine,andre-des-bordes,purchase,"Henri II sells the lordship of Hestroff and Anzeling to André des Bordes, governor of Sierck, for 10,000 francs.","Henri II vend la seigneurie de Hestroff et Anzeling à André des Bordes, gouverneur de Sierck, pour 10 000 francs.","Heinrich II. verkauft die Herrschaft Herstroff und Anzelingen für 10 000 Franken an André des Bordes, Gouverneur von Sierck.",アンリ2世がエストロフとアンゼリングの領地を1万フランでシエルク総督アンドレ・デ・ボルドに売る。
1616,hestroff,high_justice,duchy-lorraine,andre-des-bordes,purchase,"Henri II sells the lordship of Hestroff and Anzeling to André des Bordes, governor of Sierck, for 10,000 francs.","Henri II vend la seigneurie de Hestroff et Anzeling à André des Bordes, gouverneur de Sierck, pour 10 000 francs.","Heinrich II. verkauft die Herrschaft Herstroff und Anzelingen für 10 000 Franken an André des Bordes, Gouverneur von Sierck.",アンリ2世がエストロフとアンゼリングの領地を1万フランでシエルク総督アンドレ・デ・ボルドに売る。
1620,county-dalem,,,elisee-d-haraucourt,elevation,"The barony of Dalem, a fief of Lorraine held by Élisée d'Haraucourt, is made a county.","La baronnie de Dalem, fief lorrain tenu par Élisée d'Haraucourt, devient un comté.","Die Freiherrschaft Dalem, ein lothringisches Lehen Elisäus' von Haraucourt, wird zur Grafschaft erhoben.",エリゼ・ダロークールが保有するロレーヌの封土ダレム男爵領が伯領となる。
1629,county-dalem,,,house-haraucourt,elevation,The county of Dalem becomes part of the marquisate of Faulquemont created by Charles IV in December 1629.,Le comté de Dalem entre dans le marquisat de Faulquemont créé par Charles IV en décembre 1629.,Die Grafschaft Dalem wird Teil der von Karl IV. im Dezember 1629 geschaffenen Markgrafschaft Falkenberg.,ダレム伯領が、1629年12月にシャルル4世が創設したフォルクモン侯爵領に組み込まれる。
1625,nebing,manorial_lord,,nicolas-de-pullenoy,enfeoffment,Nicolas de Pullenoy does homage for the lordship of Nébing-lès-Albestroff.,Nicolas de Pullenoy fait hommage pour la seigneurie de Nébing-lès-Albestroff.,Nikolaus von Pullenoy huldigt für die Herrschaft Nebingen bei Albesdorf.,ニコラ・ド・ピュルノワがネバン＝レ＝アルベストロフ領について臣従の礼をとる。
1607,redlach,,,elisee-d-haraucourt,foundation,"Élisée d'Haraucourt founds the new village of Redlach, with the consent of the count of Vaudémont.","Élisée d'Haraucourt fonde le nouveau village de Redlach, avec l'accord du comte de Vaudémont.",Elisäus von Haraucourt gründet mit Zustimmung des Grafen von Vaudémont das neue Dorf Redlach.,エリゼ・ダロークールがヴォーデモン伯の同意を得て新村レドラックを創設する。
1628,montdidier,,,louis-de-guise,foundation,Louis de Guise founds the village of Montdidier (1628-29).,Louis de Guise fonde le village de Montdidier (1628-1629).,Ludwig von Guise gründet das Dorf Montdidier (1628–1629).,ルイ・ド・ギーズがモンディディエ村を創設する（1628〜1629年）。
1628,saint-louis,,,louis-de-guise,foundation,Louis de Guise founds the village of Saint-Louis (1628-29).,Louis de Guise fonde le village de Saint-Louis (1628-1629).,Ludwig von Guise gründet das Dorf Saint-Louis (1628–1629).,ルイ・ド・ギーズがサン＝ルイ村を創設する（1628〜1629年）。
1628,bickenholz,,,louis-de-guise,foundation,Louis de Guise founds the village of Bickenholz (1628-29).,Louis de Guise fonde le village de Bickenholz (1628-1629).,Ludwig von Guise gründet das Dorf Bickenholz (1628–1629).,ルイ・ド・ギーズがビケンホルツ村を創設する（1628〜1629年）。
1629,principality-phalsbourg,,,louis-de-guise,elevation,February 1629: Emperor Ferdinand II makes Louis de Guise an immediate prince of the Empire for Phalsbourg and Lixheim.,Février 1629 : l'empereur Ferdinand II fait de Louis de Guise un prince immédiat d'Empire pour Phalsbourg et Lixheim.,Februar 1629: Kaiser Ferdinand II. macht Ludwig von Guise für Pfalzburg und Lixheim zum reichsunmittelbaren Fürsten.,1629年2月、皇帝フェルディナント2世がファルスブールとリクサイムについてルイ・ド・ギーズを帝国直属の諸侯とする。
1629,principality-lixheim,,,louis-de-guise,elevation,February 1629: Emperor Ferdinand II makes Louis de Guise an immediate prince of the Empire for Phalsbourg and Lixheim.,Février 1629 : l'empereur Ferdinand II fait de Louis de Guise un prince immédiat d'Empire pour Phalsbourg et Lixheim.,Februar 1629: Kaiser Ferdinand II. macht Ludwig von Guise für Pfalzburg und Lixheim zum reichsunmittelbaren Fürsten.,1629年2月、皇帝フェルディナント2世がファルスブールとリクサイムについてルイ・ド・ギーズを帝国直属の諸侯とする。
1598,lordship-lemberg-les-pirmasens,manorial_lord,duchy-lorraine,county-hanau-lichtenberg,cession,"21 November 1598: once the pledgee Charles of Hohenzollern had renounced, Charles III gives the office of Lemberg back to the count of Hanau, keeping Simten, Vinningen, Riedelberg, Erlenbrunn, Staustein, Imsbach and Ranschborn; Lorraine may reoccupy it if no settlement follows.","21 novembre 1598 : l'engagiste Charles de Hohenzollern ayant renoncé, Charles III rend l'office de Lemberg au comte de Hanau en gardant sept villages ; la Lorraine pourra le réoccuper faute d'accord.","21. November 1598: Nachdem der Pfandinhaber Karl von Hohenzollern verzichtet hat, gibt Karl III. das Amt Lemberg dem Grafen von Hanau zurück und behält sieben Dörfer; ohne Einigung darf Lothringen es wieder besetzen.",1598年11月21日、担保権者ホーエンツォレルンのカールが放棄したため、シャルル3世がレンベルク管区をハーナウ伯に返す。7村は保持し、合意がなければロレーヌは再占領できる。
1604,lordship-lemberg-les-pirmasens,manorial_lord,charles-de-hohenzollern-sigmaringen,duchy-lorraine,redemption,"Charles III redeems the pledge of his half of Lemberg, giving the castellany of Sarreguemines as security; completed after the count's death in April 1606.",Charles III rachète l'engagement de sa moitié de Lemberg en donnant la châtellenie de Sarreguemines en garantie ; le rachat s'achève après la mort du comte en avril 1606.,Karl III. löst die Verpfändung seiner Hälfte von Lemberg ein und stellt die Kellerei Saargemünd als Sicherheit; die Einlösung wird nach dem Tod des Grafen im April 1606 abgeschlossen.,シャルル3世がサルグミーヌの城代管区を担保にレンベルクの持分半分の担保を請け戻す。伯の死後、1606年4月に完了する。
1606,lordship-lemberg-les-pirmasens,suzerain,duchy-lorraine,county-hanau-lichtenberg,treaty,"Treaty of February and April 1606 with Hanau-Lichtenberg (ratified in December): Charles III renounces the sovereignty and the office of Lemberg-lès-Pirmasens and cedes Vinningen, Simten and other villages; Hanau gives up its claims on Bitche.","Traité de février et avril 1606 avec Hanau-Lichtenberg (ratifié en décembre) : Charles III renonce à la souveraineté et à l'office de Lemberg-lès-Pirmasens et cède Vinningen, Simten et d'autres villages ; Hanau renonce à ses prétentions sur Bitche.","Vertrag vom Februar und April 1606 mit Hanau-Lichtenberg (im Dezember ratifiziert): Karl III. verzichtet auf Landeshoheit und Amt Lemberg bei Pirmasens und tritt Vinningen, Simten und andere Dörfer ab; Hanau verzichtet auf seine Ansprüche auf Bitsch.",1606年2月と4月のハーナウ＝リヒテンベルクとの条約（12月批准）。シャルル3世がレンベルク＝レ＝ピルマゼンスの主権と管区を放棄し、ヴィニンゲン、ジムテンなどの村を譲る。ハーナウはビチェーへの請求を放棄する。
1607,lordship-lemberg-les-pirmasens,manorial_lord,duchy-lorraine,county-hanau-lichtenberg,cession,April 1607: Charles III orders the governor of Bitche to evacuate the lordship of Lemberg; Lorraine's half leaves the county of Bitche.,Avril 1607 : Charles III ordonne au gouverneur de Bitche d'évacuer la seigneurie de Lemberg ; la moitié lorraine sort du comté de Bitche.,"April 1607: Karl III. befiehlt dem Gouverneur von Bitsch, die Herrschaft Lemberg zu räumen; die lothringische Hälfte scheidet aus der Grafschaft Bitsch aus.",1607年4月、シャルル3世がビチェー総督にレンベルク領からの撤退を命じ、ロレーヌ側の半分がビチェー伯領から外れる。
1606,lordship-lemberg-les-pirmasens,manorial_lord,charles-de-hohenzollern-sigmaringen,duchy-lorraine,redemption,"After the death of the count of Hohenzollern-Sigmaringen in April 1606, the redemption of Lemberg and Bitche is completed and the settlement ratified in December.","Le comte de Hohenzollern-Sigmaringen étant mort en avril 1606, Lemberg et Bitche sont entièrement rachetés et l'accord est ratifié en décembre.",Nach dem Tod des Grafen von Hohenzollern-Sigmaringen im April 1606 wird die Einlösung von Lemberg und Bitsch abgeschlossen und der Vergleich im Dezember ratifiziert.,1606年4月のホーエンツォレルン＝ジグマリンゲン伯の死後、レンベルクとビチェーの請け戻しが完了し、協定は12月に批准される。
1596,buren,advocate,house-braubach,house-schmittberg,purchase,"The Braubachs sell Jean de Schmittberg the ruined castle house of Siersberg, their rights at Büren and Rehlingen and the advocacy of Büren for 1,500 francs.","Les Braubach vendent à Jean de Schmittberg la maison castrale ruinée de Siersberg, leurs droits à Büren et Rehlingen et la vouerie de Büren pour 1 500 francs.","Die Braubach verkaufen Johann von Schmittberg das verfallene Burghaus von Siersburg, ihre Rechte in Büren und Rehlingen und die Vogtei Büren für 1 500 Franken.",ブラウバッハ家がジャン・ド・シュミットブルクに、廃墟となったジールスベルクの城館、ビューレンとレーリンゲンの権利、ビューレンの代官職を1500フランで売却する。
1596,buren,advocate,house-schmittberg,house-braubach,redemption,The Braubachs buy back what they had sold to Jean de Schmittberg within six months.,Les Braubach rachètent dans les six mois ce qu'ils avaient vendu à Jean de Schmittberg.,"Die Braubach kaufen binnen sechs Monaten zurück, was sie Johann von Schmittberg verkauft hatten.",ブラウバッハ家が、ジャン・ド・シュミットブルクに売却したものを6か月以内に買い戻す。
1587,coutures,high_justice,abbey-longeville,duchy-lorraine,purchase,Lorraine acquires the high justice of Coutures from the abbey of Longeville.,La Lorraine acquiert la haute justice de Coutures de l'abbaye de Longeville.,Lothringen erwirbt die Hochgerichtsbarkeit von Coutures von der Abtei Lubeln.,ロレーヌがロンジュヴィル修道院からクチュールの上級裁判権を取得する。
1631,coutures,high_justice,duchy-lorraine,,pledge,Charles IV pledges the high justice of Coutures.,Charles IV engage la haute justice de Coutures.,Karl IV. verpfändet die Hochgerichtsbarkeit von Coutures.,シャルル4世がクチュールの上級裁判権を担保に入れる。
1611,lordship-berus,,,,treaty,"Commissioners divide the lordship of Berus by lot: the new castle and the second lot go to Jean-Louis de Hohensaxen, the old castle and the first lot to the counts of Metternich; revenues, forests and the mill stay common.","Des commissaires partagent par tirage au sort la seigneurie de Berus : le nouveau château et le deuxième lot à Jean-Louis de Hohensaxen, l'ancien château et le premier lot aux comtes de Metternich ; revenus, forêts et moulin restent communs.","Kommissare teilen die Herrschaft Berus durch Los: die neue Burg und das zweite Los an Johann Ludwig von Hohensax, die alte Burg und das erste Los an die Grafen von Metternich; Einkünfte, Wälder und Mühle bleiben gemeinsam.",委員たちがベールス領をくじで分割する。新城と第二の区分はホーエンザックスのジャン＝ルイに、旧城と第一の区分はメッテルニヒ伯家に渡り、収入・森林・水車は共有のまま残る。
1625,heining,manorial_lord,house-hohensaxen,jean-saint-aubin,pledge,"Jean-Louis de Hohensaxen pledges Heining to Jean Saint-Aubin of Metz for a loan of 14,463 francs.","Jean-Louis de Hohensaxen engage Heining à Jean Saint-Aubin, de Metz, pour un prêt de 14 463 francs.",Johann Ludwig von Hohensax verpfändet Heiningen an Jean Saint-Aubin aus Metz für ein Darlehen von 14 463 Franken.,"ホーエンザックスのジャン＝ルイが、メスのジャン・サントーバンからの14,463フランの借入の担保としてエナンを差し出す。"
1632,bizing,high_justice,duchy-lorraine,guillaume-de-braubach,purchase,"Guillaume de Braubach, lord of Dillingen, buys Bizing with its people and high, middle and low justice.","Guillaume de Braubach, seigneur de Dillingen, achète Bizing avec ses habitants et la haute, moyenne et basse justice.","Wilhelm von Braubach, Herr von Dillingen, kauft Bisingen mit seinen Leuten und der hohen, mittleren und niederen Gerichtsbarkeit.",ディリンゲン領主ヴィルヘルム・フォン・ブラウバッハが、ビザンを住民および上級・中級・下級裁判権とともに購入する。
1632,grosshemmersdorf,high_justice,duchy-lorraine,guillaume-de-braubach,purchase,"Guillaume de Braubach, lord of Dillingen, buys Grosshemmersdorf with its people and high, middle and low justice.","Guillaume de Braubach, seigneur de Dillingen, achète Grosshemmersdorf avec ses habitants et la haute, moyenne et basse justice.","Wilhelm von Braubach, Herr von Dillingen, kauft Großhemmersdorf mit seinen Leuten und der hohen, mittleren und niederen Gerichtsbarkeit.",ディリンゲン領主ヴィルヘルム・フォン・ブラウバッハが、グロースヘマースドルフを住民および上級・中級・下級裁判権とともに購入する。
1632,filstroff,high_justice,duchy-lorraine,guillaume-de-braubach,purchase,"Guillaume de Braubach, lord of Dillingen, buys Filstroff with its people and high, middle and low justice.","Guillaume de Braubach, seigneur de Dillingen, achète Filstroff avec ses habitants et la haute, moyenne et basse justice.","Wilhelm von Braubach, Herr von Dillingen, kauft Filsdorf mit seinen Leuten und der hohen, mittleren und niederen Gerichtsbarkeit.",ディリンゲン領主ヴィルヘルム・フォン・ブラウバッハが、フィルストロフを住民および上級・中級・下級裁判権とともに購入する。
1632,tunting,high_justice,duchy-lorraine,guillaume-de-braubach,purchase,"Guillaume de Braubach, lord of Dillingen, buys Tunting with its people and high, middle and low justice.","Guillaume de Braubach, seigneur de Dillingen, achète Tunting avec ses habitants et la haute, moyenne et basse justice.","Wilhelm von Braubach, Herr von Dillingen, kauft Tünting mit seinen Leuten und der hohen, mittleren und niederen Gerichtsbarkeit.",ディリンゲン領主ヴィルヘルム・フォン・ブラウバッハが、テュンタンを住民および上級・中級・下級裁判権とともに購入する。
1632,grindorf,high_justice,duchy-lorraine,guillaume-de-braubach,purchase,"Guillaume de Braubach, lord of Dillingen, buys Grindorff with its people and high, middle and low justice.","Guillaume de Braubach, seigneur de Dillingen, achète Grindorff avec ses habitants et la haute, moyenne et basse justice.","Wilhelm von Braubach, Herr von Dillingen, kauft Grindorf mit seinen Leuten und der hohen, mittleren und niederen Gerichtsbarkeit.",ディリンゲン領主ヴィルヘルム・フォン・ブラウバッハが、グランドルフを住民および上級・中級・下級裁判権とともに購入する。
1632,flastroff,high_justice,duchy-lorraine,guillaume-de-braubach,purchase,"Guillaume de Braubach, lord of Dillingen, buys Flastroff with its people and high, middle and low justice.","Guillaume de Braubach, seigneur de Dillingen, achète Flastroff avec ses habitants et la haute, moyenne et basse justice.","Wilhelm von Braubach, Herr von Dillingen, kauft Flasdorf mit seinen Leuten und der hohen, mittleren und niederen Gerichtsbarkeit.",ディリンゲン領主ヴィルヘルム・フォン・ブラウバッハが、フラストロフを住民および上級・中級・下級裁判権とともに購入する。
1632,oberesch,high_justice,duchy-lorraine,guillaume-de-braubach,purchase,"Guillaume de Braubach, lord of Dillingen, buys Oberesch with its people and high, middle and low justice.","Guillaume de Braubach, seigneur de Dillingen, achète Oberesch avec ses habitants et la haute, moyenne et basse justice.","Wilhelm von Braubach, Herr von Dillingen, kauft Oberesch mit seinen Leuten und der hohen, mittleren und niederen Gerichtsbarkeit.",ディリンゲン領主ヴィルヘルム・フォン・ブラウバッハが、オーバーエッシュを住民および上級・中級・下級裁判権とともに購入する。
1632,colmen,high_justice,duchy-lorraine,guillaume-de-braubach,purchase,"Guillaume de Braubach, lord of Dillingen, buys Colmen with its people and high, middle and low justice.","Guillaume de Braubach, seigneur de Dillingen, achète Colmen avec ses habitants et la haute, moyenne et basse justice.","Wilhelm von Braubach, Herr von Dillingen, kauft Colmen mit seinen Leuten und der hohen, mittleren und niederen Gerichtsbarkeit.",ディリンゲン領主ヴィルヘルム・フォン・ブラウバッハが、コルマンを住民および上級・中級・下級裁判権とともに購入する。
1632,niedaltdorf,high_justice,duchy-lorraine,guillaume-de-braubach,purchase,"Guillaume de Braubach, lord of Dillingen, buys Niedaltdorf with its people and high, middle and low justice.","Guillaume de Braubach, seigneur de Dillingen, achète Niedaltdorf avec ses habitants et la haute, moyenne et basse justice.","Wilhelm von Braubach, Herr von Dillingen, kauft Niedaltdorf mit seinen Leuten und der hohen, mittleren und niederen Gerichtsbarkeit.",ディリンゲン領主ヴィルヘルム・フォン・ブラウバッハが、ニートアルトドルフを住民および上級・中級・下級裁判権とともに購入する。
1632,waldweistroff,high_justice,duchy-lorraine,guillaume-de-braubach,purchase,"Guillaume de Braubach, lord of Dillingen, buys Waldweistroff with its people and high, middle and low justice.","Guillaume de Braubach, seigneur de Dillingen, achète Waldweistroff avec ses habitants et la haute, moyenne et basse justice.","Wilhelm von Braubach, Herr von Dillingen, kauft Waldweisdorf mit seinen Leuten und der hohen, mittleren und niederen Gerichtsbarkeit.",ディリンゲン領主ヴィルヘルム・フォン・ブラウバッハが、ヴァルドヴェストロフを住民および上級・中級・下級裁判権とともに購入する。
1632,remeldorf,high_justice,duchy-lorraine,guillaume-de-braubach,purchase,"Guillaume de Braubach, lord of Dillingen, buys Rémeldorf with its people and high, middle and low justice.","Guillaume de Braubach, seigneur de Dillingen, achète Rémeldorf avec ses habitants et la haute, moyenne et basse justice.","Wilhelm von Braubach, Herr von Dillingen, kauft Remeldorff mit seinen Leuten und der hohen, mittleren und niederen Gerichtsbarkeit.",ディリンゲン領主ヴィルヘルム・フォン・ブラウバッハが、レメルドルフを住民および上級・中級・下級裁判権とともに購入する。
1632,biringen,high_justice,duchy-lorraine,guillaume-de-braubach,purchase,"Guillaume de Braubach, lord of Dillingen, buys Biringen with its people and high, middle and low justice.","Guillaume de Braubach, seigneur de Dillingen, achète Biringen avec ses habitants et la haute, moyenne et basse justice.","Wilhelm von Braubach, Herr von Dillingen, kauft Biringen mit seinen Leuten und der hohen, mittleren und niederen Gerichtsbarkeit.",ディリンゲン領主ヴィルヘルム・フォン・ブラウバッハが、ビリンゲンを住民および上級・中級・下級裁判権とともに購入する。
1632,ebersviller,high_justice,duchy-lorraine,guillaume-de-braubach,purchase,"Guillaume de Braubach, lord of Dillingen, buys Ebersviller with its people and high, middle and low justice.","Guillaume de Braubach, seigneur de Dillingen, achète Ebersviller avec ses habitants et la haute, moyenne et basse justice.","Wilhelm von Braubach, Herr von Dillingen, kauft Ebersviller mit seinen Leuten und der hohen, mittleren und niederen Gerichtsbarkeit.",ディリンゲン領主ヴィルヘルム・フォン・ブラウバッハが、エベルスヴィレールを住民および上級・中級・下級裁判権とともに購入する。
1632,diding,high_justice,duchy-lorraine,guillaume-de-braubach,purchase,"Guillaume de Braubach, lord of Dillingen, buys Diding-lès-Freistroff with its people and high, middle and low justice.","Guillaume de Braubach, seigneur de Dillingen, achète Diding-lès-Freistroff avec ses habitants et la haute, moyenne et basse justice.","Wilhelm von Braubach, Herr von Dillingen, kauft Diding-lès-Freistroff mit seinen Leuten und der hohen, mittleren und niederen Gerichtsbarkeit.",ディリンゲン領主ヴィルヘルム・フォン・ブラウバッハが、ディダンを住民および上級・中級・下級裁判権とともに購入する。
1632,gomelange,high_justice,duchy-lorraine,guillaume-de-braubach,purchase,"Guillaume de Braubach, lord of Dillingen, buys Gomelange with its people and high, middle and low justice.","Guillaume de Braubach, seigneur de Dillingen, achète Gomelange avec ses habitants et la haute, moyenne et basse justice.","Wilhelm von Braubach, Herr von Dillingen, kauft Gelmingen mit seinen Leuten und der hohen, mittleren und niederen Gerichtsbarkeit.",ディリンゲン領主ヴィルヘルム・フォン・ブラウバッハが、ゴムランジュを住民および上級・中級・下級裁判権とともに購入する。
1632,montenach,manorial_lord,duchy-lorraine,guillaume-de-braubach,purchase,"Guillaume de Braubach, lord of Dillingen, buys Montenach.","Guillaume de Braubach, seigneur de Dillingen, achète Montenach.","Wilhelm von Braubach, Herr von Dillingen, kauft Montenach.",ディリンゲン領主ヴィルヘルム・フォン・ブラウバッハがモントナックを購入する。
1632,haute-sierck,manorial_lord,duchy-lorraine,guillaume-de-braubach,purchase,"Guillaume de Braubach, lord of Dillingen, buys Haute-Sierck.","Guillaume de Braubach, seigneur de Dillingen, achète Haute-Sierck.","Wilhelm von Braubach, Herr von Dillingen, kauft Haute-Sierck.",ディリンゲン領主ヴィルヘルム・フォン・ブラウバッハがオート＝シエルクを購入する。
1632,kaltweiler,manorial_lord,duchy-lorraine,guillaume-de-braubach,purchase,"Guillaume de Braubach, lord of Dillingen, buys Kaltweiler.","Guillaume de Braubach, seigneur de Dillingen, achète Kaltweiler.","Wilhelm von Braubach, Herr von Dillingen, kauft Kaltweiler.",ディリンゲン領主ヴィルヘルム・フォン・ブラウバッハがカルトヴァイレールを購入する。
1615,limbach,,duchy-lorraine,jean-frederic-freistroff,purchase,"February 1615: Henri II sells the mayoralty of Limbach, redeemable, to Jean-Frédéric Freistroff, captain of Schaumberg.","Février 1615 : Henri II vend à titre de rachat la mairie de Limbach à Jean-Frédéric Freistroff, capitaine de Schaumberg.","Februar 1615: Heinrich II. verkauft die Meierei Limbach auf Wiederkauf an Johann Friedrich Freistroff, Hauptmann von Schaumberg.",1615年2月、アンリ2世がリンバッハの村長管区を買戻し条件付きでシャウムベルク隊長ジャン＝フレデリック・フレストロフに売却する。
1615,limbach,,jean-frederic-freistroff,duchy-lorraine,redemption,July 1615: Henri II buys Limbach back.,Juillet 1615 : Henri II rachète Limbach.,Juli 1615: Heinrich II. kauft Limbach zurück.,1615年7月、アンリ2世がリンバッハを買い戻す。
1615,bettingen,,duchy-lorraine,jean-frederic-freistroff,purchase,"February 1615: Henri II sells the mayoralty of Bettingen, redeemable, to Jean-Frédéric Freistroff, captain of Schaumberg.","Février 1615 : Henri II vend à titre de rachat la mairie de Bettingen à Jean-Frédéric Freistroff, capitaine de Schaumberg.","Februar 1615: Heinrich II. verkauft die Meierei Bettingen auf Wiederkauf an Johann Friedrich Freistroff, Hauptmann von Schaumberg.",1615年2月、アンリ2世がベッティンゲンの村長管区を買戻し条件付きでシャウムベルク隊長ジャン＝フレデリック・フレストロフに売却する。
1615,bettingen,,jean-frederic-freistroff,duchy-lorraine,redemption,July 1615: Henri II buys Bettingen back.,Juillet 1615 : Henri II rachète Bettingen.,Juli 1615: Heinrich II. kauft Bettingen zurück.,1615年7月、アンリ2世がベッティンゲンを買い戻す。
1619,mettnich,high_justice,duchy-lorraine,jean-frederic-freistroff,pledge,"Mettnich is among the Schaumberg villages pledged to Jean-Frédéric Freistroff for 18,120 francs.",Mettnich fait partie des villages de Schaumberg engagés à Jean-Frédéric Freistroff pour 18 120 francs.,"Mettnich gehört zu den Dörfern von Schaumberg, die an Johann Friedrich Freistroff für 18 120 Franken verpfändet werden.","メトニヒは、18,120フランでジャン＝フレデリック・フレストロフに担保として差し出されたシャウムベルクの村々の一つである。"
1621,mettnich,high_justice,jean-frederic-freistroff,jean-rene-de-soetern,cession,"March 1621: Freistroff passes the pledge of Mettnich to Jean-René de Soetern, with the duke's leave.","Mars 1621 : Freistroff cède l'engagement de Mettnich à Jean-René de Soetern, avec l'autorisation ducale.",März 1621: Freistroff tritt die Pfandschaft Mettnich mit herzoglicher Erlaubnis an Johann René von Sötern ab.,1621年3月、フレストロフが公の許可を得てメトニヒの担保権をジャン＝ルネ・ド・ゼーテルンに譲る。
1619,kastel,high_justice,duchy-lorraine,jean-frederic-freistroff,pledge,"Kastel is among the Schaumberg villages pledged to Jean-Frédéric Freistroff for 18,120 francs.",Kastel fait partie des villages de Schaumberg engagés à Jean-Frédéric Freistroff pour 18 120 francs.,"Kastel gehört zu den Dörfern von Schaumberg, die an Johann Friedrich Freistroff für 18 120 Franken verpfändet werden.","カステルは、18,120フランでジャン＝フレデリック・フレストロフに担保として差し出されたシャウムベルクの村々の一つである。"
1621,kastel,high_justice,jean-frederic-freistroff,jean-rene-de-soetern,cession,"March 1621: Freistroff passes the pledge of Kastel to Jean-René de Soetern, with the duke's leave.","Mars 1621 : Freistroff cède l'engagement de Kastel à Jean-René de Soetern, avec l'autorisation ducale.",März 1621: Freistroff tritt die Pfandschaft Kastel mit herzoglicher Erlaubnis an Johann René von Sötern ab.,1621年3月、フレストロフが公の許可を得てカステルの担保権をジャン＝ルネ・ド・ゼーテルンに譲る。
1619,sotzweiler,high_justice,duchy-lorraine,jean-frederic-freistroff,pledge,"Sotzweiler is among the Schaumberg villages pledged to Jean-Frédéric Freistroff for 18,120 francs.",Sotzweiler fait partie des villages de Schaumberg engagés à Jean-Frédéric Freistroff pour 18 120 francs.,"Sotzweiler gehört zu den Dörfern von Schaumberg, die an Johann Friedrich Freistroff für 18 120 Franken verpfändet werden.","ゾッツヴァイラーは、18,120フランでジャン＝フレデリック・フレストロフに担保として差し出されたシャウムベルクの村々の一つである。"
1621,sotzweiler,high_justice,jean-frederic-freistroff,jean-rene-de-soetern,cession,"March 1621: Freistroff passes the pledge of Sotzweiler to Jean-René de Soetern, with the duke's leave.","Mars 1621 : Freistroff cède l'engagement de Sotzweiler à Jean-René de Soetern, avec l'autorisation ducale.",März 1621: Freistroff tritt die Pfandschaft Sotzweiler mit herzoglicher Erlaubnis an Johann René von Sötern ab.,1621年3月、フレストロフが公の許可を得てゾッツヴァイラーの担保権をジャン＝ルネ・ド・ゼーテルンに譲る。
1619,bergweiler,high_justice,duchy-lorraine,jean-frederic-freistroff,pledge,"Bergweiler is among the Schaumberg villages pledged to Jean-Frédéric Freistroff for 18,120 francs.",Bergweiler fait partie des villages de Schaumberg engagés à Jean-Frédéric Freistroff pour 18 120 francs.,"Bergweiler gehört zu den Dörfern von Schaumberg, die an Johann Friedrich Freistroff für 18 120 Franken verpfändet werden.","ベルクヴァイラーは、18,120フランでジャン＝フレデリック・フレストロフに担保として差し出されたシャウムベルクの村々の一つである。"
1621,bergweiler,high_justice,jean-frederic-freistroff,jean-rene-de-soetern,cession,"March 1621: Freistroff passes the pledge of Bergweiler to Jean-René de Soetern, with the duke's leave.","Mars 1621 : Freistroff cède l'engagement de Bergweiler à Jean-René de Soetern, avec l'autorisation ducale.",März 1621: Freistroff tritt die Pfandschaft Bergweiler mit herzoglicher Erlaubnis an Johann René von Sötern ab.,1621年3月、フレストロフが公の許可を得てベルクヴァイラーの担保権をジャン＝ルネ・ド・ゼーテルンに譲る。
1619,limbach,high_justice,duchy-lorraine,jean-frederic-freistroff,pledge,"Limbach is among the Schaumberg villages pledged to Jean-Frédéric Freistroff for 18,120 francs.",Limbach fait partie des villages de Schaumberg engagés à Jean-Frédéric Freistroff pour 18 120 francs.,"Limbach gehört zu den Dörfern von Schaumberg, die an Johann Friedrich Freistroff für 18 120 Franken verpfändet werden.","リンバッハは、18,120フランでジャン＝フレデリック・フレストロフに担保として差し出されたシャウムベルクの村々の一つである。"
1621,limbach,high_justice,jean-frederic-freistroff,jean-rene-de-soetern,cession,"March 1621: Freistroff passes the pledge of Limbach to Jean-René de Soetern, with the duke's leave.","Mars 1621 : Freistroff cède l'engagement de Limbach à Jean-René de Soetern, avec l'autorisation ducale.",März 1621: Freistroff tritt die Pfandschaft Limbach mit herzoglicher Erlaubnis an Johann René von Sötern ab.,1621年3月、フレストロフが公の許可を得てリンバッハの担保権をジャン＝ルネ・ド・ゼーテルンに譲る。
1619,thalexweiler,high_justice,duchy-lorraine,jean-frederic-freistroff,pledge,"Thalexweiler is among the Schaumberg villages pledged to Jean-Frédéric Freistroff for 18,120 francs.",Thalexweiler fait partie des villages de Schaumberg engagés à Jean-Frédéric Freistroff pour 18 120 francs.,"Thalexweiler gehört zu den Dörfern von Schaumberg, die an Johann Friedrich Freistroff für 18 120 Franken verpfändet werden.","タールエクスヴァイラーは、18,120フランでジャン＝フレデリック・フレストロフに担保として差し出されたシャウムベルクの村々の一つである。"
1621,thalexweiler,high_justice,jean-frederic-freistroff,jean-rene-de-soetern,cession,"March 1621: Freistroff passes the pledge of Thalexweiler to Jean-René de Soetern, with the duke's leave.","Mars 1621 : Freistroff cède l'engagement de Thalexweiler à Jean-René de Soetern, avec l'autorisation ducale.",März 1621: Freistroff tritt die Pfandschaft Thalexweiler mit herzoglicher Erlaubnis an Johann René von Sötern ab.,1621年3月、フレストロフが公の許可を得てタールエクスヴァイラーの担保権をジャン＝ルネ・ド・ゼーテルンに譲る。
1619,schellenbach,high_justice,duchy-lorraine,jean-frederic-freistroff,pledge,"Schellenbach is among the Schaumberg villages pledged to Jean-Frédéric Freistroff for 18,120 francs.",Schellenbach fait partie des villages de Schaumberg engagés à Jean-Frédéric Freistroff pour 18 120 francs.,"Schellenbach gehört zu den Dörfern von Schaumberg, die an Johann Friedrich Freistroff für 18 120 Franken verpfändet werden.","シェレンバッハは、18,120フランでジャン＝フレデリック・フレストロフに担保として差し出されたシャウムベルクの村々の一つである。"
1621,schellenbach,high_justice,jean-frederic-freistroff,jean-rene-de-soetern,cession,"March 1621: Freistroff passes the pledge of Schellenbach to Jean-René de Soetern, with the duke's leave.","Mars 1621 : Freistroff cède l'engagement de Schellenbach à Jean-René de Soetern, avec l'autorisation ducale.",März 1621: Freistroff tritt die Pfandschaft Schellenbach mit herzoglicher Erlaubnis an Johann René von Sötern ab.,1621年3月、フレストロフが公の許可を得てシェレンバッハの担保権をジャン＝ルネ・ド・ゼーテルンに譲る。
1619,namborn,high_justice,duchy-lorraine,jean-frederic-freistroff,pledge,"Namborn is among the Schaumberg villages pledged to Jean-Frédéric Freistroff for 18,120 francs.",Namborn fait partie des villages de Schaumberg engagés à Jean-Frédéric Freistroff pour 18 120 francs.,"Namborn gehört zu den Dörfern von Schaumberg, die an Johann Friedrich Freistroff für 18 120 Franken verpfändet werden.","ナムボルンは、18,120フランでジャン＝フレデリック・フレストロフに担保として差し出されたシャウムベルクの村々の一つである。"
1621,namborn,high_justice,jean-frederic-freistroff,jean-rene-de-soetern,cession,"March 1621: Freistroff passes the pledge of Namborn to Jean-René de Soetern, with the duke's leave.","Mars 1621 : Freistroff cède l'engagement de Namborn à Jean-René de Soetern, avec l'autorisation ducale.",März 1621: Freistroff tritt die Pfandschaft Namborn mit herzoglicher Erlaubnis an Johann René von Sötern ab.,1621年3月、フレストロフが公の許可を得てナムボルンの担保権をジャン＝ルネ・ド・ゼーテルンに譲る。
1619,alsweiler,high_justice,duchy-lorraine,jean-frederic-freistroff,pledge,"Alsweiler is among the Schaumberg villages pledged to Jean-Frédéric Freistroff for 18,120 francs.",Alsweiler fait partie des villages de Schaumberg engagés à Jean-Frédéric Freistroff pour 18 120 francs.,"Alsweiler gehört zu den Dörfern von Schaumberg, die an Johann Friedrich Freistroff für 18 120 Franken verpfändet werden.","アルスヴァイラーは、18,120フランでジャン＝フレデリック・フレストロフに担保として差し出されたシャウムベルクの村々の一つである。"
1621,alsweiler,high_justice,jean-frederic-freistroff,jean-rene-de-soetern,cession,"March 1621: Freistroff passes the pledge of Alsweiler to Jean-René de Soetern, with the duke's leave.","Mars 1621 : Freistroff cède l'engagement de Alsweiler à Jean-René de Soetern, avec l'autorisation ducale.",März 1621: Freistroff tritt die Pfandschaft Alsweiler mit herzoglicher Erlaubnis an Johann René von Sötern ab.,1621年3月、フレストロフが公の許可を得てアルスヴァイラーの担保権をジャン＝ルネ・ド・ゼーテルンに譲る。
1619,marpingen,high_justice,duchy-lorraine,jean-frederic-freistroff,pledge,"Marpingen is among the Schaumberg villages pledged to Jean-Frédéric Freistroff for 18,120 francs.",Marpingen fait partie des villages de Schaumberg engagés à Jean-Frédéric Freistroff pour 18 120 francs.,"Marpingen gehört zu den Dörfern von Schaumberg, die an Johann Friedrich Freistroff für 18 120 Franken verpfändet werden.","マルピンゲンは、18,120フランでジャン＝フレデリック・フレストロフに担保として差し出されたシャウムベルクの村々の一つである。"
1621,marpingen,high_justice,jean-frederic-freistroff,jean-rene-de-soetern,cession,"March 1621: Freistroff passes the pledge of Marpingen to Jean-René de Soetern, with the duke's leave.","Mars 1621 : Freistroff cède l'engagement de Marpingen à Jean-René de Soetern, avec l'autorisation ducale.",März 1621: Freistroff tritt die Pfandschaft Marpingen mit herzoglicher Erlaubnis an Johann René von Sötern ab.,1621年3月、フレストロフが公の許可を得てマルピンゲンの担保権をジャン＝ルネ・ド・ゼーテルンに譲る。
1619,uchtelfangen,high_justice,duchy-lorraine,jean-frederic-freistroff,pledge,"Uchtelfangen is among the Schaumberg villages pledged to Jean-Frédéric Freistroff for 18,120 francs.",Uchtelfangen fait partie des villages de Schaumberg engagés à Jean-Frédéric Freistroff pour 18 120 francs.,"Uchtelfangen gehört zu den Dörfern von Schaumberg, die an Johann Friedrich Freistroff für 18 120 Franken verpfändet werden.","ウフテルファンゲンは、18,120フランでジャン＝フレデリック・フレストロフに担保として差し出されたシャウムベルクの村々の一つである。"
1621,uchtelfangen,high_justice,jean-frederic-freistroff,jean-rene-de-soetern,cession,"March 1621: Freistroff passes the pledge of Uchtelfangen to Jean-René de Soetern, with the duke's leave.","Mars 1621 : Freistroff cède l'engagement de Uchtelfangen à Jean-René de Soetern, avec l'autorisation ducale.",März 1621: Freistroff tritt die Pfandschaft Uchtelfangen mit herzoglicher Erlaubnis an Johann René von Sötern ab.,1621年3月、フレストロフが公の許可を得てウフテルファンゲンの担保権をジャン＝ルネ・ド・ゼーテルンに譲る。
1619,tholey,high_justice,duchy-lorraine,jean-frederic-freistroff,pledge,"Tholey is among the Schaumberg villages pledged to Jean-Frédéric Freistroff for 18,120 francs.",Tholey fait partie des villages de Schaumberg engagés à Jean-Frédéric Freistroff pour 18 120 francs.,"Tholey gehört zu den Dörfern von Schaumberg, die an Johann Friedrich Freistroff für 18 120 Franken verpfändet werden.","トーライは、18,120フランでジャン＝フレデリック・フレストロフに担保として差し出されたシャウムベルクの村々の一つである。"
1621,tholey,high_justice,jean-frederic-freistroff,jean-rene-de-soetern,cession,"March 1621: Freistroff passes the pledge of Tholey to Jean-René de Soetern, with the duke's leave.","Mars 1621 : Freistroff cède l'engagement de Tholey à Jean-René de Soetern, avec l'autorisation ducale.",März 1621: Freistroff tritt die Pfandschaft Tholey mit herzoglicher Erlaubnis an Johann René von Sötern ab.,1621年3月、フレストロフが公の許可を得てトーライの担保権をジャン＝ルネ・ド・ゼーテルンに譲る。
1621,office-schaumberg,,jean-frederic-freistroff,jean-rene-de-soetern,cession,"The whole office of Schaumberg, except the lordship of Lebach and the general aids, pledged to Jean-Frédéric Freistroff for 44,684 francs, passes in March 1621 to Jean-René de Soetern, captain of Schaumberg.","Tout l'office de Schaumberg, sauf la seigneurie de Lebach et les aides générales, engagé à Jean-Frédéric Freistroff pour 44 684 francs, passe en mars 1621 à Jean-René de Soetern, capitaine de Schaumberg.","Das ganze Amt Schaumberg ausser der Herrschaft Lebach und den allgemeinen Hilfen, an Johann Friedrich Freistroff für 44 684 Franken verpfändet, geht im März 1621 an Johann René von Sötern, Hauptmann von Schaumberg.","レーバハ領と一般援助金を除くシャウムベルク管区全体は44,684フランでジャン＝フレデリック・フレストロフに担保として差し出されていたが、1621年3月にシャウムベルク隊長ジャン＝ルネ・ド・ゼーテルンに移る。"
1631,biibingen,high_justice,,,pledge,"The high justice of the lordship of Bübingen, Wies and Weiler-zum-Creutz, in the court of Remich, is in pledge for 1,320 florins.","La haute justice de la seigneurie de Bübingen, Wies et Weiler-zum-Creutz, en la cour de Remich, est engagée pour 1 320 florins.","Die Hochgerichtsbarkeit der Herrschaft Bübingen, Wies und Weiler zum Creutz im Hof Remich ist für 1 320 Gulden verpfändet.","レミッヒ法廷区に属するビュービンゲン・ヴィース・ヴァイラー＝ツム＝クロイツ領の上級裁判権が1,320フローリンで担保に入っている。"
1631,wies,high_justice,,,pledge,"The high justice of the lordship of Bübingen, Wies and Weiler-zum-Creutz, in the court of Remich, is in pledge for 1,320 florins.","La haute justice de la seigneurie de Bübingen, Wies et Weiler-zum-Creutz, en la cour de Remich, est engagée pour 1 320 florins.","Die Hochgerichtsbarkeit der Herrschaft Bübingen, Wies und Weiler zum Creutz im Hof Remich ist für 1 320 Gulden verpfändet.","レミッヒ法廷区に属するビュービンゲン・ヴィース・ヴァイラー＝ツム＝クロイツ領の上級裁判権が1,320フローリンで担保に入っている。"
1612,vaudrevange,,duchy-lorraine,landwein-bockenheimer,purchase,"The duke's three mills at Vaudrevange are sold to Landwein de Bockenheimer, Jean Huart and Hartard Florange.","Les trois moulins ducaux de Vaudrevange sont vendus à Landwein de Bockenheimer, Jean Huart et Hartard Florange.","Die drei herzoglichen Mühlen von Wallerfangen werden an Landwein von Bockenheim, Johann Huart und Hartard Florschinger verkauft.",ヴァラーファンゲンの公の水車3基が、ラントヴァイン・フォン・ボッケンハイム、ジャン・ユアール、ハルタルト・フロランジュに売却される。
1612,vaudrevange,,duchy-lorraine,jean-huart,purchase,"The duke's three mills at Vaudrevange are sold to Landwein de Bockenheimer, Jean Huart and Hartard Florange.","Les trois moulins ducaux de Vaudrevange sont vendus à Landwein de Bockenheimer, Jean Huart et Hartard Florange.","Die drei herzoglichen Mühlen von Wallerfangen werden an Landwein von Bockenheim, Johann Huart und Hartard Florschinger verkauft.",ヴァラーファンゲンの公の水車3基が、ラントヴァイン・フォン・ボッケンハイム、ジャン・ユアール、ハルタルト・フロランジュに売却される。
1612,vaudrevange,,duchy-lorraine,hartard-florange,purchase,"The duke's three mills at Vaudrevange are sold to Landwein de Bockenheimer, Jean Huart and Hartard Florange.","Les trois moulins ducaux de Vaudrevange sont vendus à Landwein de Bockenheimer, Jean Huart et Hartard Florange.","Die drei herzoglichen Mühlen von Wallerfangen werden an Landwein von Bockenheim, Johann Huart und Hartard Florschinger verkauft.",ヴァラーファンゲンの公の水車3基が、ラントヴァイン・フォン・ボッケンハイム、ジャン・ユアール、ハルタルト・フロランジュに売却される。
1618,lordship-morhange,manorial_lord,jean-ix-morhange,jean-de-ramberviller,lease,"Count Jean IX of Morhange leases his lands to Jean de Ramberviller, governor of the bishop's castellany of Haboudange, for 17,891 francs.","Le comte Jean IX de Morhange amodie ses terres à Jean de Ramberviller, gouverneur de la châtellenie épiscopale de Haboudange, pour 17 891 francs.","Graf Johann IX. von Mörchingen verpachtet seine Güter an Johann von Rambervillers, Gouverneur der bischöflichen Kellerei Habudingen, für 17 891 Franken.","モランジュ伯ヨハン9世が、司教領アブダンジュ城代管区の総督ジャン・ド・ランベルヴィレールに17,891フランで所領を賃貸する。"
