{"type":"FeatureCollection","features":[{"type":"Feature","properties":{"id":"aboncourt","also":["neudlange"]},"geometry":{"type":"Polygon","coordinates":[[[6.36716,49.27868],[6.37452,49.26697],[6.36013,49.24854],[6.34805,49.24574],[6.32655,49.26125],[6.33697,49.27817],[6.36716,49.27868]]]}},{"type":"Feature","properties":{"id":"abreschviller","also":[]},"geometry":{"type":"Polygon","coordinates":[[[7.12169,48.64739],[7.15477,48.59923],[7.14107,48.59175],[7.06329,48.63278],[7.10441,48.65249],[7.12169,48.64739]]]}},{"type":"Feature","properties":{"id":"achain","also":[]},"geometry":{"type":"Polygon","coordinates":[[[6.58672,48.92855],[6.60019,48.92383],[6.60528,48.9108],[6.60013,48.90136],[6.59804,48.90058],[6.57244,48.91429],[6.58321,48.92819],[6.58672,48.92855]]]}},{"type":"Feature","properties":{"id":"achen","also":[]},"geometry":{"type":"Polygon","coordinates":[[[7.187,49.06461],[7.21838,49.0449],[7.21599,49.03267],[7.15803,49.03974],[7.17347,49.06175],[7.187,49.06461]]]}},{"type":"Feature","properties":{"id":"adamsviller","also":[]},"geometry":{"type":"Polygon","coordinates":[[[7.22696,48.91162],[7.22695,48.89736],[7.21724,48.89448],[7.1936,48.89975],[7.18806,48.92152],[7.22696,48.91162]]]}},{"type":"Feature","properties":{"id":"adelange","also":[]},"geometry":{"type":"Polygon","coordinates":[[[6.59629,49.02176],[6.62897,49.01303],[6.60669,48.99426],[6.6006,48.9951],[6.58934,49.02068],[6.59629,49.02176]]]}},{"type":"Feature","properties":{"id":"aidling","also":[]},"geometry":{"type":"Polygon","coordinates":[[[6.56268,49.31633],[6.56727,49.3148],[6.58116,49.29319],[6.57543,49.28863],[6.55143,49.29048],[6.54625,49.29648],[6.55316,49.31305],[6.56268,49.31633]]]}},{"type":"Feature","properties":{"id":"alaincourt","also":[]},"geometry":{"type":"Polygon","coordinates":[[[6.26635,48.91981],[6.35228,48.91372],[6.35882,48.90316],[6.3479,48.88102],[6.26335,48.91444],[6.26635,48.91981]]]}},{"type":"Feature","properties":{"id":"albestroff","also":[]},"geometry":{"type":"Polygon","coordinates":[[[6.83479,48.94226],[6.86462,48.94452],[6.89008,48.9362],[6.87616,48.91775],[6.8382,48.92317],[6.83479,48.94226]]]}},{"type":"Feature","properties":{"id":"alsting","also":[]},"geometry":{"type":"Polygon","coordinates":[[[6.9801,49.18209],[6.99703,49.19954],[7.01368,49.18951],[6.98542,49.16856],[6.98052,49.17406],[6.9801,49.18209]]]}},{"type":"Feature","properties":{"id":"alsweiler","also":[]},"geometry":{"type":"Polygon","coordinates":[[[7.05977,49.4896],[7.072,49.49169],[7.08249,49.48975],[7.09089,49.44974],[7.0434,49.46702],[7.05977,49.4896]]]}},{"type":"Feature","properties":{"id":"altheim","also":[]},"geometry":{"type":"Polygon","coordinates":[[[7.3508,49.1644],[7.34567,49.15774],[7.29199,49.15068],[7.27812,49.15223],[7.27607,49.15605],[7.32851,49.19911],[7.3508,49.1644]]]}},{"type":"Feature","properties":{"id":"althorn","also":[]},"geometry":{"type":"Polygon","coordinates":[[[7.37859,48.98097],[7.40596,48.98499],[7.43756,48.95476],[7.42412,48.94023],[7.40872,48.93622],[7.3729,48.94177],[7.36823,48.94581],[7.37859,48.98097]]]}},{"type":"Feature","properties":{"id":"altrippe","also":[]},"geometry":{"type":"Polygon","coordinates":[[[6.81849,49.04525],[6.82191,49.04384],[6.83315,49.01655],[6.82453,49.01315],[6.80842,49.01085],[6.7962,49.02906],[6.81849,49.04525]]]}},{"type":"Feature","properties":{"id":"altroff","also":[]},"geometry":{"type":"Polygon","coordinates":[[[6.32655,49.26125],[6.34805,49.24574],[6.34031,49.23736],[6.32084,49.23476],[6.31012,49.24555],[6.31031,49.25668],[6.32655,49.26125]]]}},{"type":"Feature","properties":{"id":"altviller","also":[]},"geometry":{"type":"Polygon","coordinates":[[[6.72253,49.08635],[6.74386,49.07398],[6.74427,49.06158],[6.72655,49.05467],[6.7105,49.06001],[6.70894,49.07059],[6.72253,49.08635]]]}},{"type":"Feature","properties":{"id":"altwiller","also":[]},"geometry":{"type":"Polygon","coordinates":[[[6.9749,48.94198],[6.98763,48.94117],[7.00057,48.93833],[7.01026,48.92266],[7.01144,48.90419],[6.99184,48.89333],[6.95844,48.92622],[6.9749,48.94198]]]}},{"type":"Feature","properties":{"id":"alzing","also":[]},"geometry":{"type":"Polygon","coordinates":[[[6.53981,49.28252],[6.55143,49.29048],[6.57543,49.28863],[6.57567,49.28036],[6.57271,49.27072],[6.53669,49.26503],[6.53465,49.26944],[6.53981,49.28252]]]}},{"type":"Feature","properties":{"id":"amelecourt","also":[]},"geometry":{"type":"Polygon","coordinates":[[[6.49717,48.87361],[6.51254,48.86611],[6.53251,48.83547],[6.49612,48.8282],[6.44477,48.84915],[6.46298,48.87849],[6.49717,48.87361]]]}},{"type":"Feature","properties":{"id":"angviller","also":[]},"geometry":{"type":"Polygon","coordinates":[[[6.86866,48.83447],[6.91777,48.83492],[6.92455,48.83074],[6.8644,48.79982],[6.84735,48.80799],[6.86866,48.83447]]]}},{"type":"Feature","properties":{"id":"anzeling","also":[]},"geometry":{"type":"Polygon","coordinates":[[[6.47195,49.276],[6.48208,49.27026],[6.48064,49.25353],[6.45087,49.2511],[6.45046,49.26141],[6.47195,49.276]]]}},{"type":"Feature","properties":{"id":"apach","also":["bellmacher"]},"geometry":{"type":"Polygon","coordinates":[[[6.37444,49.47186],[6.39521,49.4602],[6.39216,49.45423],[6.38643,49.45034],[6.34363,49.46603],[6.34821,49.47926],[6.37444,49.47186]]]}},{"type":"Feature","properties":{"id":"arlange","also":[]},"geometry":{"type":"Polygon","coordinates":[[[6.68203,48.86858],[6.71048,48.86241],[6.71484,48.85306],[6.70151,48.84183],[6.66489,48.83012],[6.66701,48.86492],[6.68203,48.86858]]]}},{"type":"Feature","properties":{"id":"arraincourt","also":[]},"geometry":{"type":"Polygon","coordinates":[[[6.53245,48.98864],[6.54459,48.98045],[6.53192,48.9471],[6.50097,48.98224],[6.50128,48.98352],[6.53245,48.98864]]]}},{"type":"Feature","properties":{"id":"arriance","also":[]},"geometry":{"type":"Polygon","coordinates":[[[6.51786,49.03882],[6.52009,49.01806],[6.48946,48.99612],[6.46173,49.00564],[6.46524,49.04156],[6.51786,49.03882]]]}},{"type":"Feature","properties":{"id":"arzviller","also":[]},"geometry":{"type":"Polygon","coordinates":[[[7.1788,48.73986],[7.18251,48.73459],[7.17487,48.71204],[7.13581,48.71993],[7.1788,48.73986]]]}},{"type":"Feature","properties":{"id":"aschbach","also":["henselhofen"]},"geometry":{"type":"Polygon","coordinates":[[[6.9326,49.45048],[6.93776,49.44977],[6.94553,49.44654],[6.97532,49.42505],[6.94758,49.42179],[6.93989,49.42282],[6.92812,49.43419],[6.9326,49.45048]]]}},{"type":"Feature","properties":{"id":"aspach","also":[]},"geometry":{"type":"Polygon","coordinates":[[[6.98232,48.65885],[6.98198,48.65201],[6.9707,48.64329],[6.94227,48.64177],[6.94675,48.6613],[6.97706,48.66425],[6.98232,48.65885]]]}},{"type":"Feature","properties":{"id":"assenoncourt","also":[]},"geometry":{"type":"Polygon","coordinates":[[[6.7854,48.78828],[6.81997,48.77809],[6.826,48.76852],[6.82453,48.7598],[6.7703,48.74791],[6.76532,48.74878],[6.76277,48.76046],[6.7854,48.78828]]]}},{"type":"Feature","properties":{"id":"assviller","also":[]},"geometry":{"type":"Polygon","coordinates":[[[7.21724,48.89448],[7.22695,48.89736],[7.23222,48.89445],[7.24511,48.8787],[7.24282,48.87411],[7.21757,48.8631],[7.20073,48.879],[7.21724,48.89448]]]}},{"type":"Feature","properties":{"id":"attiloncourt","also":[]},"geometry":{"type":"Polygon","coordinates":[[[6.3954,48.79088],[6.37053,48.7324],[6.35749,48.73409],[6.34262,48.73797],[6.32128,48.74844],[6.30616,48.76288],[6.29907,48.77882],[6.37046,48.81077],[6.3954,48.79088]]]}},{"type":"Feature","properties":{"id":"aube","also":[]},"geometry":{"type":"Polygon","coordinates":[[[6.34822,49.07471],[6.37773,49.04111],[6.35791,49.00598],[6.29896,48.9797],[6.28763,48.98464],[6.27608,48.99199],[6.26234,49.00705],[6.25668,49.02423],[6.25971,49.04169],[6.27113,49.0576],[6.28153,49.06567],[6.29414,49.07226],[6.30845,49.0771],[6.32393,49.08002],[6.33507,49.08083],[6.34371,49.07783],[6.34822,49.07471]]]}},{"type":"Feature","properties":{"id":"audviller","also":[]},"geometry":{"type":"Polygon","coordinates":[[[6.95533,48.98049],[6.97286,48.96634],[6.95947,48.95761],[6.95269,48.95724],[6.94194,48.97108],[6.94507,48.97717],[6.95533,48.98049]]]}},{"type":"Feature","properties":{"id":"auersmacher","also":[]},"geometry":{"type":"Polygon","coordinates":[[[7.03755,49.14677],[7.06221,49.15709],[7.07442,49.1331],[7.06772,49.12844],[7.03843,49.13028],[7.02972,49.13257],[7.02819,49.13939],[7.03755,49.14677]]]}},{"type":"Feature","properties":{"id":"aulnois","also":[]},"geometry":{"type":"Polygon","coordinates":[[[6.24627,48.83905],[6.23942,48.84792],[6.235,48.85808],[6.23454,48.87566],[6.23842,48.88592],[6.24466,48.89482],[6.34126,48.8653],[6.24627,48.83905]]]}},{"type":"Feature","properties":{"id":"aussen","also":[]},"geometry":{"type":"Polygon","coordinates":[[[6.85012,49.45943],[6.85216,49.4449],[6.84304,49.43559],[6.80804,49.43497],[6.81266,49.45057],[6.85012,49.45943]]]}},{"type":"Feature","properties":{"id":"avricourt","also":[]},"geometry":{"type":"Polygon","coordinates":[[[6.85589,48.68541],[6.80408,48.59689],[6.77848,48.60012],[6.75539,48.60874],[6.74072,48.61891],[6.72989,48.63243],[6.85339,48.68936],[6.85589,48.68541]]]}},{"type":"Feature","properties":{"id":"azoudange","also":[]},"geometry":{"type":"Polygon","coordinates":[[[6.82453,48.7598],[6.83164,48.75482],[6.85126,48.69577],[6.8294,48.70007],[6.7703,48.74791],[6.82453,48.7598]]]}},{"type":"Feature","properties":{"id":"bachem","also":[]},"geometry":{"type":"Polygon","coordinates":[[[6.68426,49.52839],[6.70034,49.5299],[6.71695,49.52928],[6.72556,49.52401],[6.73756,49.49051],[6.72932,49.47157],[6.70255,49.45575],[6.66023,49.46791],[6.65654,49.47099],[6.65489,49.49617],[6.66432,49.52333],[6.68426,49.52839]]]}},{"type":"Feature","properties":{"id":"bacourt","also":[]},"geometry":{"type":"Polygon","coordinates":[[[6.37997,48.95405],[6.40391,48.95868],[6.4575,48.92992],[6.45041,48.89904],[6.40859,48.90564],[6.37655,48.92765],[6.37997,48.95405]]]}},{"type":"Feature","properties":{"id":"badonviller","also":[]},"geometry":{"type":"Polygon","coordinates":[[[6.91276,48.53855],[6.96839,48.48005],[6.95619,48.46614],[6.93646,48.45443],[6.91214,48.44755],[6.88579,48.44624],[6.87018,48.4482],[6.85544,48.45216],[6.84214,48.45795],[6.8308,48.46535],[6.82184,48.47409],[6.81561,48.48382],[6.81236,48.49418],[6.81221,48.50476],[6.81517,48.51515],[6.82373,48.52805],[6.83331,48.53651],[6.84518,48.54356],[6.86833,48.55138],[6.89841,48.54644],[6.91276,48.53855]]]}},{"type":"Feature","properties":{"id":"baerendorf","also":[]},"geometry":{"type":"Polygon","coordinates":[[[7.09697,48.82507],[7.08992,48.82247],[7.05755,48.84003],[7.09971,48.84805],[7.09697,48.82507]]]}},{"type":"Feature","properties":{"id":"baerenthal","also":["hochweyersberg"]},"geometry":{"type":"Polygon","coordinates":[[[7.56148,48.92951],[7.54575,48.92437],[7.47764,48.96063],[7.52249,48.9959],[7.53506,48.99438],[7.53702,48.99302],[7.56148,48.92951]]]}},{"type":"Feature","properties":{"id":"ballering","also":[]},"geometry":{"type":"Polygon","coordinates":[[[6.97674,49.03327],[7.00173,49.03347],[7.00374,49.02067],[6.96525,49.02001],[6.96111,49.02282],[6.97674,49.03327]]]}},{"type":"Feature","properties":{"id":"ballern","also":[]},"geometry":{"type":"Polygon","coordinates":[[[6.62228,49.46127],[6.63256,49.46151],[6.62625,49.44998],[6.60597,49.44186],[6.60151,49.44756],[6.62228,49.46127]]]}},{"type":"Feature","properties":{"id":"bambiderstroff","also":[]},"geometry":{"type":"Polygon","coordinates":[[[6.57438,49.1123],[6.60903,49.116],[6.62695,49.10332],[6.61882,49.09499],[6.5857,49.08503],[6.57636,49.08978],[6.57438,49.1123]]]}},{"type":"Feature","properties":{"id":"bannay","also":[]},"geometry":{"type":"Polygon","coordinates":[[[6.47774,49.13924],[6.48531,49.13836],[6.48677,49.12867],[6.45398,49.1176],[6.46111,49.12996],[6.47774,49.13924]]]}},{"type":"Feature","properties":{"id":"barchain","also":[]},"geometry":{"type":"Polygon","coordinates":[[[6.95656,48.72293],[6.97052,48.72331],[6.98483,48.70936],[6.98052,48.70311],[6.95119,48.6987],[6.93515,48.70236],[6.92843,48.70681],[6.95656,48.72293]]]}},{"type":"Feature","properties":{"id":"baronville","also":[]},"geometry":{"type":"Polygon","coordinates":[[[6.62924,48.94987],[6.63617,48.94478],[6.62081,48.92713],[6.60019,48.92383],[6.58672,48.92855],[6.60826,48.95062],[6.62924,48.94987]]]}},{"type":"Feature","properties":{"id":"barst","also":[]},"geometry":{"type":"Polygon","coordinates":[[[6.80636,49.07137],[6.83431,49.08107],[6.84675,49.06175],[6.81527,49.05454],[6.81279,49.05637],[6.80636,49.07137]]]}},{"type":"Feature","properties":{"id":"basse-vigneulles","also":[]},"geometry":{"type":"Polygon","coordinates":[[[6.53936,49.09991],[6.56527,49.08898],[6.54344,49.07677],[6.52368,49.08715],[6.5267,49.09819],[6.53936,49.09991]]]}},{"type":"Feature","properties":{"id":"basse-yutz","also":[]},"geometry":{"type":"Polygon","coordinates":[[[6.20456,49.35585],[6.17927,49.35006],[6.1779,49.36448],[6.20456,49.35585]]]}},{"type":"Feature","properties":{"id":"bassing","also":[]},"geometry":{"type":"Polygon","coordinates":[[[6.78021,48.87418],[6.81064,48.88618],[6.81537,48.88566],[6.82153,48.875],[6.8039,48.85581],[6.78035,48.86336],[6.78021,48.87418]]]}},{"type":"Feature","properties":{"id":"baudrecourt","also":[]},"geometry":{"type":"Polygon","coordinates":[[[6.47527,48.96545],[6.46951,48.93593],[6.4575,48.92992],[6.40391,48.95868],[6.42368,48.98518],[6.47527,48.96545]]]}},{"type":"Feature","properties":{"id":"bechy","also":[]},"geometry":{"type":"Polygon","coordinates":[[[6.29896,48.9797],[6.35791,49.00598],[6.42227,48.99265],[6.42471,48.99112],[6.42368,48.98518],[6.40391,48.95868],[6.37997,48.95405],[6.3003,48.97469],[6.29896,48.9797]]]}},{"type":"Feature","properties":{"id":"beckerholz","also":[]},"geometry":{"type":"Polygon","coordinates":[[[6.50512,49.33906],[6.51574,49.34033],[6.51765,49.33958],[6.52608,49.31389],[6.51376,49.30186],[6.5049,49.2988],[6.47908,49.3037],[6.47842,49.30643],[6.50512,49.33906]]]}},{"type":"Feature","properties":{"id":"beckingen","also":["haustatt"]},"geometry":{"type":"Polygon","coordinates":[[[6.74224,49.38862],[6.74043,49.38192],[6.70588,49.37436],[6.68612,49.3821],[6.68817,49.40306],[6.69664,49.41074],[6.74224,49.38862]]]}},{"type":"Feature","properties":{"id":"bedersdorf","also":[]},"geometry":{"type":"Polygon","coordinates":[[[6.65189,49.30874],[6.65217,49.30273],[6.64011,49.29136],[6.63708,49.29202],[6.62736,49.30656],[6.63086,49.31437],[6.65189,49.30874]]]}},{"type":"Feature","properties":{"id":"behren","also":[]},"geometry":{"type":"Polygon","coordinates":[[[6.93474,49.19131],[6.95311,49.1713],[6.94994,49.16005],[6.93837,49.15773],[6.92453,49.16514],[6.93474,49.19131]]]}},{"type":"Feature","properties":{"id":"bellange","also":[]},"geometry":{"type":"Polygon","coordinates":[[[6.57244,48.91429],[6.59804,48.90058],[6.58671,48.88532],[6.55621,48.90263],[6.55966,48.91001],[6.57244,48.91429]]]}},{"type":"Feature","properties":{"id":"benestroff","also":["boschviller"]},"geometry":{"type":"Polygon","coordinates":[[[6.75506,48.92499],[6.76223,48.92295],[6.7782,48.90144],[6.75631,48.88654],[6.73431,48.88667],[6.72905,48.89345],[6.73277,48.91682],[6.7414,48.92374],[6.75506,48.92499]]]}},{"type":"Feature","properties":{"id":"bening-saint-avold","also":[]},"geometry":{"type":"Polygon","coordinates":[[[6.83754,49.1443],[6.86085,49.12912],[6.84673,49.12048],[6.83084,49.12344],[6.82489,49.13717],[6.83754,49.1443]]]}},{"type":"Feature","properties":{"id":"berg-drulingen","also":[]},"geometry":{"type":"Polygon","coordinates":[[[7.16474,48.90855],[7.17095,48.89487],[7.16521,48.88954],[7.13176,48.88801],[7.13511,48.90448],[7.16474,48.90855]]]}},{"type":"Feature","properties":{"id":"berg-nennig","also":[]},"geometry":{"type":"Polygon","coordinates":[[[6.41018,49.55469],[6.43147,49.52837],[6.41898,49.52516],[6.38056,49.53404],[6.383,49.53859],[6.41018,49.55469]]]}},{"type":"Feature","properties":{"id":"bergweiler","also":[]},"geometry":{"type":"Polygon","coordinates":[[[6.98116,49.50086],[7.00926,49.48697],[7.0186,49.47269],[6.98017,49.4652],[6.98116,49.50086]]]}},{"type":"Feature","properties":{"id":"berig","also":[]},"geometry":{"type":"Polygon","coordinates":[[[6.68013,48.98911],[6.71043,48.97907],[6.71711,48.95895],[6.6731,48.97285],[6.67138,48.97682],[6.68013,48.98911]]]}},{"type":"Feature","properties":{"id":"berling","also":[]},"geometry":{"type":"Polygon","coordinates":[[[7.24522,48.81129],[7.25511,48.79615],[7.23971,48.7903],[7.23097,48.80254],[7.24522,48.81129]]]}},{"type":"Feature","properties":{"id":"bermering","also":[]},"geometry":{"type":"Polygon","coordinates":[[[6.71489,48.95063],[6.71987,48.95182],[6.7414,48.92374],[6.73277,48.91682],[6.6946,48.92135],[6.68675,48.93512],[6.71489,48.95063]]]}},{"type":"Feature","properties":{"id":"berthelming","also":[]},"geometry":{"type":"Polygon","coordinates":[[[6.99697,48.83408],[7.02886,48.81525],[7.00696,48.80551],[6.96227,48.83141],[6.97413,48.83876],[6.99697,48.83408]]]}},{"type":"Feature","properties":{"id":"bertrambois","also":[]},"geometry":{"type":"Polygon","coordinates":[[[6.95288,48.60274],[6.9491,48.60891],[6.9869,48.62237],[6.99383,48.62216],[7.01445,48.6163],[6.98768,48.57976],[6.98524,48.58023],[6.95288,48.60274]]]}},{"type":"Feature","properties":{"id":"bertring","also":[]},"geometry":{"type":"Polygon","coordinates":[[[6.71043,48.97907],[6.72433,48.984],[6.74919,48.96576],[6.73806,48.95921],[6.72099,48.95347],[6.71711,48.95895],[6.71043,48.97907]]]}},{"type":"Feature","properties":{"id":"berus","also":[]},"geometry":{"type":"Polygon","coordinates":[[[6.71038,49.26409],[6.6862,49.252],[6.66986,49.26471],[6.67561,49.2799],[6.71038,49.26409]]]}},{"type":"Feature","properties":{"id":"berviller","also":[]},"geometry":{"type":"Polygon","coordinates":[[[6.67561,49.2799],[6.66986,49.26471],[6.64753,49.25655],[6.63447,49.27264],[6.65013,49.28433],[6.67561,49.2799]]]}},{"type":"Feature","properties":{"id":"besseringen","also":["saint-gangolf","stat"]},"geometry":{"type":"Polygon","coordinates":[[[6.65489,49.49617],[6.65654,49.47099],[6.63256,49.46151],[6.61469,49.46216],[6.60179,49.4663],[6.59432,49.48022],[6.65489,49.49617]]]}},{"type":"Feature","properties":{"id":"bethingen","also":[]},"geometry":{"type":"Polygon","coordinates":[[[6.55312,49.47006],[6.55043,49.46199],[6.53291,49.44913],[6.51875,49.45362],[6.52221,49.47458],[6.55312,49.47006]]]}},{"type":"Feature","properties":{"id":"bettange","also":[]},"geometry":{"type":"Polygon","coordinates":[[[6.48958,49.24906],[6.49914,49.23016],[6.47682,49.22995],[6.46894,49.23323],[6.48719,49.24968],[6.48958,49.24906]]]}},{"type":"Feature","properties":{"id":"bettelainville","also":["hasenholtz"]},"geometry":{"type":"Polygon","coordinates":[[[6.31012,49.24555],[6.32084,49.23476],[6.2743,49.18608],[6.27271,49.18643],[6.27278,49.23691],[6.31012,49.24555]]]}},{"type":"Feature","properties":{"id":"betthorn","also":[]},"geometry":{"type":"Polygon","coordinates":[[[7.02886,48.81525],[7.03754,48.81479],[7.0408,48.8084],[7.01895,48.7901],[7.0059,48.80204],[7.00696,48.80551],[7.02886,48.81525]]]}},{"type":"Feature","properties":{"id":"betting-saint-avold","also":[]},"geometry":{"type":"Polygon","coordinates":[[[6.82489,49.13717],[6.83084,49.12344],[6.81236,49.11562],[6.80145,49.11976],[6.80357,49.13682],[6.82489,49.13717]]]}},{"type":"Feature","properties":{"id":"betting-waldwisse","also":[]},"geometry":{"type":"Polygon","coordinates":[[[6.48411,49.42395],[6.49112,49.42531],[6.51958,49.4191],[6.51294,49.39728],[6.48411,49.42395]]]}},{"type":"Feature","properties":{"id":"bettingen","also":[]},"geometry":{"type":"Polygon","coordinates":[[[6.88053,49.44159],[6.8825,49.43854],[6.88195,49.43285],[6.8736,49.42572],[6.84304,49.43559],[6.85216,49.4449],[6.88053,49.44159]]]}},{"type":"Feature","properties":{"id":"bettring","also":[]},"geometry":{"type":"Polygon","coordinates":[[[7.00374,49.02067],[7.00589,49.01425],[6.99079,49.00511],[6.96701,49.01472],[6.96525,49.02001],[7.00374,49.02067]]]}},{"type":"Feature","properties":{"id":"bettstadt","also":[]},"geometry":{"type":"Polygon","coordinates":[[[6.82789,49.40571],[6.82503,49.38981],[6.81241,49.38519],[6.80251,49.41292],[6.80514,49.41536],[6.82789,49.40571]]]}},{"type":"Feature","properties":{"id":"bettviller-drulingen","also":[]},"geometry":{"type":"Polygon","coordinates":[[[7.17095,48.89487],[7.18485,48.89404],[7.19448,48.87969],[7.17402,48.87398],[7.16521,48.88954],[7.17095,48.89487]]]}},{"type":"Feature","properties":{"id":"bettviller-rohrbach","also":[]},"geometry":{"type":"Polygon","coordinates":[[[7.29438,49.09852],[7.29776,49.0971],[7.30634,49.08928],[7.28165,49.06824],[7.26764,49.0839],[7.29438,49.09852]]]}},{"type":"Feature","properties":{"id":"beuren","also":[]},"geometry":{"type":"Polygon","coordinates":[[[6.48081,49.59469],[6.45324,49.53056],[6.43498,49.52724],[6.43147,49.52837],[6.41018,49.55469],[6.39355,49.58502],[6.48081,49.59469]]]}},{"type":"Feature","properties":{"id":"beyren","also":[]},"geometry":{"type":"Polygon","coordinates":[[[6.30699,49.43627],[6.24315,49.42026],[6.20779,49.42282],[6.20265,49.43891],[6.20569,49.45638],[6.21425,49.46932],[6.23097,49.48233],[6.30582,49.45179],[6.30699,49.43627]]]}},{"type":"Feature","properties":{"id":"bezange-la-grande","also":[]},"geometry":{"type":"Polygon","coordinates":[[[6.48294,48.76905],[6.50129,48.7651],[6.52827,48.7463],[6.52942,48.73454],[6.5083,48.69722],[6.49351,48.69374],[6.4777,48.69221],[6.45134,48.69424],[6.42736,48.70177],[6.4083,48.714],[6.39724,48.72766],[6.4372,48.76194],[6.48294,48.76905]]]}},{"type":"Feature","properties":{"id":"bezange-la-petite","also":[]},"geometry":{"type":"Polygon","coordinates":[[[6.63362,48.73714],[6.63464,48.73296],[6.61014,48.71102],[6.58864,48.73505],[6.60615,48.74665],[6.63362,48.73714]]]}},{"type":"Feature","properties":{"id":"bibiche","also":[]},"geometry":{"type":"Polygon","coordinates":[[[6.49317,49.34216],[6.50512,49.33906],[6.47842,49.30643],[6.46138,49.33106],[6.49317,49.34216]]]}},{"type":"Feature","properties":{"id":"bickenholz","also":[]},"geometry":{"type":"Polygon","coordinates":[[[7.18745,48.81092],[7.19071,48.80312],[7.17751,48.79531],[7.13449,48.79864],[7.13912,48.81719],[7.18745,48.81092]]]}},{"type":"Feature","properties":{"id":"bidestroff","also":[]},"geometry":{"type":"Polygon","coordinates":[[[6.78035,48.86336],[6.8039,48.85581],[6.81069,48.84679],[6.81068,48.84119],[6.77376,48.8296],[6.76112,48.84997],[6.76339,48.85284],[6.78035,48.86336]]]}},{"type":"Feature","properties":{"id":"biding","also":[]},"geometry":{"type":"Polygon","coordinates":[[[6.78577,49.08048],[6.80636,49.07137],[6.81279,49.05637],[6.77383,49.04827],[6.7658,49.06091],[6.78577,49.08048]]]}},{"type":"Feature","properties":{"id":"bierfeld","also":[]},"geometry":{"type":"Polygon","coordinates":[[[6.96813,49.62964],[6.95306,49.59007],[6.91876,49.59732],[6.88495,49.63434],[6.96813,49.62964]]]}},{"type":"Feature","properties":{"id":"bietzen","also":[]},"geometry":{"type":"Polygon","coordinates":[[[6.67318,49.42603],[6.67852,49.42399],[6.65836,49.40739],[6.64438,49.41327],[6.67318,49.42603]]]}},{"type":"Feature","properties":{"id":"biherkirch","also":[]},"geometry":{"type":"Polygon","coordinates":[[[7.1413,48.68668],[7.14399,48.67983],[7.14366,48.67098],[7.12169,48.64739],[7.10441,48.65249],[7.08351,48.67639],[7.1379,48.68825],[7.1413,48.68668]]]}},{"type":"Feature","properties":{"id":"biibingen","also":[]},"geometry":{"type":"Polygon","coordinates":[[[6.41018,49.55469],[6.383,49.53859],[6.29902,49.5545],[6.30548,49.56564],[6.31429,49.57453],[6.32985,49.58433],[6.3438,49.58978],[6.36072,49.59358],[6.39355,49.58502],[6.41018,49.55469]]]}},{"type":"Feature","properties":{"id":"bilsdorf","also":[]},"geometry":{"type":"Polygon","coordinates":[[[6.81241,49.38519],[6.82503,49.38981],[6.8475,49.369],[6.84135,49.36227],[6.80306,49.37156],[6.80299,49.37355],[6.81241,49.38519]]]}},{"type":"Feature","properties":{"id":"bining","also":[]},"geometry":{"type":"Polygon","coordinates":[[[7.23323,49.05179],[7.24215,49.05308],[7.28853,49.02012],[7.26175,49.00465],[7.21877,49.01995],[7.21599,49.03267],[7.21838,49.0449],[7.23323,49.05179]]]}},{"type":"Feature","properties":{"id":"bionville","also":[]},"geometry":{"type":"Polygon","coordinates":[[[6.49671,49.11546],[6.50521,49.11153],[6.49487,49.10184],[6.46112,49.09422],[6.45783,49.10913],[6.49671,49.11546]]]}},{"type":"Feature","properties":{"id":"biringen","also":[]},"geometry":{"type":"Polygon","coordinates":[[[6.54175,49.43335],[6.55202,49.43335],[6.56666,49.41168],[6.54442,49.40238],[6.53518,49.42826],[6.53667,49.43075],[6.54175,49.43335]]]}},{"type":"Feature","properties":{"id":"bisping","also":[]},"geometry":{"type":"Polygon","coordinates":[[[6.92455,48.83074],[6.94258,48.82392],[6.94127,48.78371],[6.88536,48.78183],[6.87908,48.78449],[6.8644,48.79982],[6.92455,48.83074]]]}},{"type":"Feature","properties":{"id":"bissert","also":[]},"geometry":{"type":"Polygon","coordinates":[[[7.01849,48.96122],[7.03182,48.95724],[7.03748,48.94383],[7.03579,48.93992],[7.01026,48.92266],[7.00057,48.93833],[7.01849,48.96122]]]}},{"type":"Feature","properties":{"id":"bisten-en-lorraine","also":[]},"geometry":{"type":"Polygon","coordinates":[[[6.60565,49.17679],[6.62264,49.15562],[6.60228,49.15112],[6.5822,49.16187],[6.59053,49.18178],[6.60565,49.17679]]]}},{"type":"Feature","properties":{"id":"bisten-saar","also":[]},"geometry":{"type":"Polygon","coordinates":[[[6.71038,49.26409],[6.74782,49.26475],[6.73147,49.22035],[6.69365,49.22712],[6.6862,49.252],[6.71038,49.26409]]]}},{"type":"Feature","properties":{"id":"bistroff-drulingen","also":[]},"geometry":{"type":"Polygon","coordinates":[[[7.08724,48.89509],[7.05924,48.89106],[7.02089,48.90465],[7.05564,48.91994],[7.08724,48.89509]]]}},{"type":"Feature","properties":{"id":"bistroff-grotesquin","also":[]},"geometry":{"type":"Polygon","coordinates":[[[6.70863,49.01625],[6.72596,49.01715],[6.7402,49.01081],[6.74432,49.00191],[6.72433,48.984],[6.71043,48.97907],[6.68013,48.98911],[6.67746,49.00046],[6.70863,49.01625]]]}},{"type":"Feature","properties":{"id":"bitche","also":["kaltenhausen","neunkirchen-bitche","rohr"]},"geometry":{"type":"Polygon","coordinates":[[[7.44712,49.07507],[7.47751,49.05189],[7.43893,49.01796],[7.43311,49.01722],[7.39924,49.06043],[7.44712,49.07507]]]}},{"type":"Feature","properties":{"id":"bizing","also":[]},"geometry":{"type":"Polygon","coordinates":[[[6.52041,49.39538],[6.52147,49.38655],[6.49509,49.37028],[6.48649,49.37239],[6.51228,49.39709],[6.52041,49.39538]]]}},{"type":"Feature","properties":{"id":"blanche-eglise","also":[]},"geometry":{"type":"Polygon","coordinates":[[[6.69056,48.80627],[6.69279,48.80551],[6.70323,48.79515],[6.67258,48.77328],[6.6422,48.78446],[6.69056,48.80627]]]}},{"type":"Feature","properties":{"id":"bleiderdingen","also":[]},"geometry":{"type":"Polygon","coordinates":[[[7.22515,49.60905],[7.21205,49.60193],[7.16833,49.61863],[7.22515,49.60905]]]}},{"type":"Feature","properties":{"id":"bliesbruck","also":[]},"geometry":{"type":"Polygon","coordinates":[[[7.19027,49.127],[7.19838,49.12192],[7.20205,49.09818],[7.15396,49.10254],[7.1666,49.12661],[7.19027,49.127]]]}},{"type":"Feature","properties":{"id":"blieschweyen","also":[]},"geometry":{"type":"Polygon","coordinates":[[[7.10503,49.16476],[7.11757,49.15199],[7.10352,49.13846],[7.10035,49.1384],[7.09129,49.15599],[7.10503,49.16476]]]}},{"type":"Feature","properties":{"id":"bliesebersing","also":[]},"geometry":{"type":"Polygon","coordinates":[[[7.15751,49.1359],[7.1666,49.12661],[7.15396,49.10254],[7.14785,49.10054],[7.13523,49.10243],[7.12585,49.10671],[7.12578,49.12202],[7.15751,49.1359]]]}},{"type":"Feature","properties":{"id":"bliesen","also":["ellmeren"]},"geometry":{"type":"Polygon","coordinates":[[[7.09009,49.4935],[7.12391,49.509],[7.13144,49.5062],[7.16389,49.48239],[7.17613,49.46707],[7.08583,49.49037],[7.09009,49.4935]]]}},{"type":"Feature","properties":{"id":"bliesguersviller","also":[]},"geometry":{"type":"Polygon","coordinates":[[[7.06826,49.15916],[7.09129,49.15599],[7.10035,49.1384],[7.09173,49.13489],[7.07442,49.1331],[7.06264,49.15794],[7.06826,49.15916]]]}},{"type":"Feature","properties":{"id":"bliesmengen","also":[]},"geometry":{"type":"Polygon","coordinates":[[[7.15622,49.1561],[7.15417,49.14899],[7.139,49.1428],[7.10552,49.13774],[7.10352,49.13846],[7.11757,49.15199],[7.15622,49.1561]]]}},{"type":"Feature","properties":{"id":"bliesransbach","also":[]},"geometry":{"type":"Polygon","coordinates":[[[7.09129,49.15599],[7.06826,49.15916],[7.1016,49.19023],[7.11562,49.19445],[7.10503,49.16476],[7.09129,49.15599]]]}},{"type":"Feature","properties":{"id":"bockange","also":[]},"geometry":{"type":"Polygon","coordinates":[[[6.4174,49.24374],[6.43824,49.24931],[6.4457,49.24718],[6.44569,49.24212],[6.4206,49.23254],[6.40218,49.23648],[6.4174,49.24374]]]}},{"type":"Feature","properties":{"id":"boeckweiler","also":[]},"geometry":{"type":"Polygon","coordinates":[[[7.27607,49.15605],[7.21882,49.2071],[7.23193,49.21945],[7.25315,49.23022],[7.27325,49.23524],[7.30002,49.23646],[7.32312,49.23274],[7.32851,49.19911],[7.27607,49.15605]]]}},{"type":"Feature","properties":{"id":"bottenhach","also":[]},"geometry":{"type":"Polygon","coordinates":[[[7.53009,49.18912],[7.53289,49.1776],[7.52812,49.17319],[7.50323,49.16247],[7.47543,49.16775],[7.47349,49.16917],[7.47236,49.1749],[7.47662,49.23439],[7.48727,49.23559],[7.50346,49.22837],[7.53009,49.18912]]]}},{"type":"Feature","properties":{"id":"boucheporn","also":[]},"geometry":{"type":"Polygon","coordinates":[[[6.62264,49.15562],[6.62788,49.15422],[6.63649,49.14309],[6.60904,49.1268],[6.58889,49.13857],[6.60228,49.15112],[6.62264,49.15562]]]}},{"type":"Feature","properties":{"id":"boulay","also":[]},"geometry":{"type":"Polygon","coordinates":[[[6.49788,49.20282],[6.50938,49.19601],[6.52007,49.1788],[6.51112,49.17106],[6.50391,49.16915],[6.47234,49.1757],[6.47934,49.19448],[6.49788,49.20282]]]}},{"type":"Feature","properties":{"id":"bouquenom","also":[]},"geometry":{"type":"Polygon","coordinates":[[[7.11721,48.94877],[7.10368,48.9294],[7.06935,48.93398],[7.06836,48.93954],[7.07721,48.96285],[7.094,48.97356],[7.11721,48.94877]]]}},{"type":"Feature","properties":{"id":"bourdonnay","also":[]},"geometry":{"type":"Polygon","coordinates":[[[6.75294,48.74299],[6.75087,48.69436],[6.74964,48.69373],[6.70586,48.70975],[6.71149,48.74032],[6.71411,48.74202],[6.75294,48.74299]]]}},{"type":"Feature","properties":{"id":"bourgaltroff","also":[]},"geometry":{"type":"Polygon","coordinates":[[[6.75631,48.88654],[6.78021,48.87418],[6.78035,48.86336],[6.76339,48.85284],[6.73431,48.88667],[6.75631,48.88654]]]}},{"type":"Feature","properties":{"id":"bourlioncourt","also":[]},"geometry":{"type":"Polygon","coordinates":[[[6.58711,48.87992],[6.60455,48.87167],[6.60013,48.85856],[6.57124,48.84851],[6.55837,48.86728],[6.57058,48.87502],[6.58711,48.87992]]]}},{"type":"Feature","properties":{"id":"bourscheid","also":[]},"geometry":{"type":"Polygon","coordinates":[[[7.18216,48.77855],[7.19785,48.77895],[7.2077,48.77138],[7.20607,48.75373],[7.18226,48.74804],[7.17614,48.7636],[7.18216,48.77855]]]}},{"type":"Feature","properties":{"id":"bousbach","also":["dittelingen"]},"geometry":{"type":"Polygon","coordinates":[[[6.94994,49.16005],[6.97155,49.15191],[6.97346,49.14483],[6.94865,49.13587],[6.92883,49.13977],[6.93837,49.15773],[6.94994,49.16005]]]}},{"type":"Feature","properties":{"id":"bousse","also":[]},"geometry":{"type":"Polygon","coordinates":[[[6.21372,49.26512],[6.16303,49.23026],[6.14667,49.23681],[6.13168,49.2469],[6.12333,49.25595],[6.11785,49.2659],[6.11543,49.27635],[6.11656,49.2884],[6.2168,49.28848],[6.21372,49.26512]]]}},{"type":"Feature","properties":{"id":"bousseviller","also":[]},"geometry":{"type":"Polygon","coordinates":[[[7.48148,49.1319],[7.48186,49.11023],[7.45197,49.11382],[7.4432,49.12828],[7.44756,49.13347],[7.48148,49.1319]]]}},{"type":"Feature","properties":{"id":"boustroff","also":[]},"geometry":{"type":"Polygon","coordinates":[[[6.62897,49.01303],[6.64091,49.01237],[6.652,49.00523],[6.62524,48.98648],[6.60669,48.99426],[6.62897,49.01303]]]}},{"type":"Feature","properties":{"id":"bouxwiller","also":[]},"geometry":{"type":"Polygon","coordinates":[[[7.52229,48.87253],[7.53607,48.8662],[7.5575,48.80356],[7.55482,48.79989],[7.54592,48.79109],[7.53461,48.7836],[7.52131,48.77772],[7.50653,48.77366],[7.49084,48.77158],[7.47484,48.77156],[7.45915,48.77361],[7.4448,48.7775],[7.44098,48.83988],[7.52229,48.87253]]]}},{"type":"Feature","properties":{"id":"bouzonville","also":["benting","guiching"]},"geometry":{"type":"Polygon","coordinates":[[[6.54625,49.29648],[6.55143,49.29048],[6.53981,49.28252],[6.50885,49.29968],[6.51376,49.30186],[6.54625,49.29648]]]}},{"type":"Feature","properties":{"id":"brecklange","also":[]},"geometry":{"type":"Polygon","coordinates":[[[6.46027,49.19884],[6.47934,49.19448],[6.47234,49.1757],[6.46991,49.17478],[6.45039,49.17928],[6.45413,49.19755],[6.46027,49.19884]]]}},{"type":"Feature","properties":{"id":"brehain","also":[]},"geometry":{"type":"Polygon","coordinates":[[[6.55966,48.91001],[6.55621,48.90263],[6.54315,48.89634],[6.52225,48.91539],[6.52972,48.92965],[6.55966,48.91001]]]}},{"type":"Feature","properties":{"id":"breidenbach","also":[]},"geometry":{"type":"Polygon","coordinates":[[[7.44401,49.14181],[7.44756,49.13347],[7.4432,49.12828],[7.41757,49.12204],[7.40386,49.12517],[7.40122,49.13944],[7.40613,49.14711],[7.42055,49.15608],[7.44401,49.14181]]]}},{"type":"Feature","properties":{"id":"breistroff-petite","also":[]},"geometry":{"type":"Polygon","coordinates":[[[6.33315,49.36723],[6.33862,49.35535],[6.33244,49.34671],[6.31735,49.34574],[6.30122,49.36112],[6.3049,49.37279],[6.33315,49.36723]]]}},{"type":"Feature","properties":{"id":"brettnach","also":[]},"geometry":{"type":"Polygon","coordinates":[[[6.57271,49.27072],[6.57472,49.26906],[6.57533,49.24428],[6.5536,49.24497],[6.53356,49.25962],[6.53669,49.26503],[6.57271,49.27072]]]}},{"type":"Feature","properties":{"id":"brouck","also":[]},"geometry":{"type":"Polygon","coordinates":[[[6.49399,49.14341],[6.52295,49.14058],[6.53156,49.12817],[6.50947,49.11147],[6.50521,49.11153],[6.49671,49.11546],[6.48677,49.12867],[6.48531,49.13836],[6.49399,49.14341]]]}},{"type":"Feature","properties":{"id":"brouderdorf","also":[]},"geometry":{"type":"Polygon","coordinates":[[[7.07403,48.70561],[7.08503,48.70865],[7.13274,48.69987],[7.1379,48.68825],[7.08351,48.67639],[7.07593,48.67801],[7.07403,48.70561]]]}},{"type":"Feature","properties":{"id":"brouviller","also":[]},"geometry":{"type":"Polygon","coordinates":[[[7.15582,48.7749],[7.17614,48.7636],[7.18226,48.74804],[7.17998,48.74641],[7.13433,48.75577],[7.13298,48.75786],[7.15582,48.7749]]]}},{"type":"Feature","properties":{"id":"brulange","also":[]},"geometry":{"type":"Polygon","coordinates":[[[6.54459,48.98045],[6.56625,48.97286],[6.55912,48.9523],[6.54974,48.94686],[6.53282,48.9452],[6.53192,48.9471],[6.54459,48.98045]]]}},{"type":"Feature","properties":{"id":"bubach-calmesweiler","also":[]},"geometry":{"type":"Polygon","coordinates":[[[6.93989,49.42282],[6.94758,49.42179],[6.951,49.39772],[6.94857,49.39396],[6.9261,49.40235],[6.92611,49.41113],[6.93989,49.42282]]]}},{"type":"Feature","properties":{"id":"budange","also":[]},"geometry":{"type":"Polygon","coordinates":[[[6.37571,49.29897],[6.37331,49.28562],[6.36716,49.27868],[6.33697,49.27817],[6.33265,49.28062],[6.34912,49.30346],[6.36135,49.30585],[6.37571,49.29897]]]}},{"type":"Feature","properties":{"id":"buding","also":[]},"geometry":{"type":"Polygon","coordinates":[[[6.31735,49.34574],[6.33244,49.34671],[6.33525,49.34358],[6.33682,49.32877],[6.30571,49.32232],[6.29388,49.33284],[6.31735,49.34574]]]}},{"type":"Feature","properties":{"id":"budingen","also":[]},"geometry":{"type":"Polygon","coordinates":[[[6.55043,49.46199],[6.56898,49.43932],[6.55202,49.43335],[6.54175,49.43335],[6.53291,49.44913],[6.55043,49.46199]]]}},{"type":"Feature","properties":{"id":"budling","also":[]},"geometry":{"type":"Polygon","coordinates":[[[6.33862,49.35535],[6.37569,49.35711],[6.37689,49.35538],[6.36453,49.33898],[6.33525,49.34358],[6.33244,49.34671],[6.33862,49.35535]]]}},{"type":"Feature","properties":{"id":"buhl-lorraine","also":[]},"geometry":{"type":"Polygon","coordinates":[[[7.1115,48.73214],[7.08503,48.70865],[7.07403,48.70561],[7.05772,48.71469],[7.07718,48.74],[7.08201,48.74291],[7.1115,48.73214]]]}},{"type":"Feature","properties":{"id":"buprich","also":[]},"geometry":{"type":"Polygon","coordinates":[[[6.80804,49.43497],[6.84304,49.43559],[6.8736,49.42572],[6.87328,49.42427],[6.85843,49.41985],[6.80318,49.4276],[6.80245,49.4298],[6.80804,49.43497]]]}},{"type":"Feature","properties":{"id":"burbach","also":[]},"geometry":{"type":"Polygon","coordinates":[[[7.10789,48.91769],[7.12649,48.91365],[7.13511,48.90448],[7.13176,48.88801],[7.12435,48.88063],[7.10676,48.88006],[7.08732,48.89509],[7.09733,48.91169],[7.10789,48.91769]]]}},{"type":"Feature","properties":{"id":"buren","also":[]},"geometry":{"type":"Polygon","coordinates":[[[6.63695,49.36612],[6.66883,49.36332],[6.6695,49.36252],[6.65256,49.34643],[6.64841,49.34655],[6.63695,49.36612]]]}},{"type":"Feature","properties":{"id":"burgalben","also":[]},"geometry":{"type":"Polygon","coordinates":[[[7.63361,49.23649],[7.58355,49.31723],[7.59787,49.32463],[7.61238,49.32931],[7.62801,49.33204],[7.64416,49.33273],[7.6602,49.33134],[7.67551,49.32793],[7.68951,49.32263],[7.70165,49.31564],[7.71147,49.30724],[7.71859,49.29775],[7.72274,49.28752],[7.72376,49.27697],[7.72276,49.27035],[7.64098,49.23483],[7.63361,49.23649]]]}},{"type":"Feature","properties":{"id":"burtoncourt","also":[]},"geometry":{"type":"Polygon","coordinates":[[[6.39812,49.23678],[6.4206,49.23254],[6.42478,49.22241],[6.4189,49.2133],[6.40618,49.21365],[6.38645,49.22793],[6.38793,49.23139],[6.39812,49.23678]]]}},{"type":"Feature","properties":{"id":"buschdorf","also":["biischdorf"]},"geometry":{"type":"Polygon","coordinates":[[[6.48241,49.48826],[6.48851,49.4634],[6.48744,49.46187],[6.47236,49.45687],[6.45697,49.46494],[6.46024,49.47337],[6.48241,49.48826]]]}},{"type":"Feature","properties":{"id":"bust","also":[]},"geometry":{"type":"Polygon","coordinates":[[[7.24856,48.84268],[7.25343,48.8207],[7.24724,48.81806],[7.22453,48.82099],[7.20588,48.83184],[7.21269,48.84744],[7.24856,48.84268]]]}},{"type":"Feature","properties":{"id":"butten","also":[]},"geometry":{"type":"Polygon","coordinates":[[[7.20991,48.98033],[7.26267,48.98727],[7.26589,48.98194],[7.2107,48.95276],[7.20193,48.95725],[7.19631,48.96346],[7.20991,48.98033]]]}},{"type":"Feature","properties":{"id":"buweiler","also":[]},"geometry":{"type":"Polygon","coordinates":[[[6.94968,49.57106],[6.94805,49.54859],[6.90261,49.5678],[6.9056,49.57096],[6.94968,49.57106]]]}},{"type":"Feature","properties":{"id":"cadenbronn","also":[]},"geometry":{"type":"Polygon","coordinates":[[[6.97346,49.14483],[6.97986,49.14146],[6.986,49.1286],[6.9541,49.12113],[6.94865,49.13587],[6.97346,49.14483]]]}},{"type":"Feature","properties":{"id":"calembourg","also":[]},"geometry":{"type":"Polygon","coordinates":[[[6.43537,49.38263],[6.43585,49.35358],[6.41963,49.35703],[6.40435,49.37667],[6.4155,49.38472],[6.43537,49.38263]]]}},{"type":"Feature","properties":{"id":"calmesweiler","also":[]},"geometry":{"type":"Polygon","coordinates":[[[6.97532,49.42505],[6.9876,49.42372],[6.951,49.39772],[6.94758,49.42179],[6.97532,49.42505]]]}},{"type":"Feature","properties":{"id":"cappel","also":[]},"geometry":{"type":"Polygon","coordinates":[[[6.86972,49.0827],[6.86422,49.05862],[6.84675,49.06175],[6.83431,49.08107],[6.83838,49.08478],[6.86972,49.0827]]]}},{"type":"Feature","properties":{"id":"castviller","also":[]},"geometry":{"type":"Polygon","coordinates":[[[6.94416,49.02379],[6.9457,49.02249],[6.94654,49.01499],[6.94147,49.00737],[6.92282,49.01128],[6.91948,49.02771],[6.94416,49.02379]]]}},{"type":"Feature","properties":{"id":"chambrey","also":[]},"geometry":{"type":"Polygon","coordinates":[[[6.47407,48.80334],[6.48294,48.76905],[6.4372,48.76194],[6.43069,48.79021],[6.44351,48.81325],[6.47407,48.80334]]]}},{"type":"Feature","properties":{"id":"charleville","also":["scheuern-charleville","schwarzmerter"]},"geometry":{"type":"Polygon","coordinates":[[[6.39053,49.19538],[6.42878,49.1965],[6.42943,49.17857],[6.39043,49.16756],[6.35376,49.17836],[6.39053,49.19538]]]}},{"type":"Feature","properties":{"id":"chateau-brehain","also":[]},"geometry":{"type":"Polygon","coordinates":[[[6.52225,48.91539],[6.54315,48.89634],[6.54141,48.89456],[6.49717,48.87361],[6.46785,48.87839],[6.52225,48.91539]]]}},{"type":"Feature","properties":{"id":"chateau-rouge","also":[]},"geometry":{"type":"Polygon","coordinates":[[[6.58208,49.2933],[6.61378,49.2819],[6.61437,49.27407],[6.57567,49.28036],[6.57543,49.28863],[6.58208,49.2933]]]}},{"type":"Feature","properties":{"id":"chateau-salins","also":[]},"geometry":{"type":"Polygon","coordinates":[[[6.53251,48.83547],[6.53392,48.83461],[6.52122,48.80308],[6.49746,48.80722],[6.49612,48.8282],[6.53251,48.83547]]]}},{"type":"Feature","properties":{"id":"chateau-voue","also":[]},"geometry":{"type":"Polygon","coordinates":[[[6.60782,48.84794],[6.63106,48.85626],[6.63731,48.85341],[6.63778,48.83203],[6.61395,48.82977],[6.60782,48.84794]]]}},{"type":"Feature","properties":{"id":"chatillon","also":[]},"geometry":{"type":"Polygon","coordinates":[[[6.98524,48.58023],[6.98768,48.57976],[7.00992,48.56544],[7.02114,48.55313],[6.91276,48.53855],[6.89841,48.54644],[6.90657,48.55113],[6.98524,48.58023]]]}},{"type":"Feature","properties":{"id":"chelaincourt","also":[]},"geometry":{"type":"Polygon","coordinates":[[[6.27278,49.23691],[6.27271,49.18643],[6.24912,49.18334],[6.22771,49.18446],[6.20747,49.18917],[6.18978,49.19716],[6.17307,49.2109],[6.16661,49.22059],[6.16343,49.22975],[6.26529,49.25162],[6.27278,49.23691]]]}},{"type":"Feature","properties":{"id":"chemery","also":["ingling"]},"geometry":{"type":"Polygon","coordinates":[[[6.44139,49.31195],[6.4782,49.30499],[6.47908,49.3037],[6.465,49.28771],[6.45853,49.2869],[6.42614,49.30176],[6.42907,49.30676],[6.44139,49.31195]]]}},{"type":"Feature","properties":{"id":"chemery-faulquemont","also":[]},"geometry":{"type":"Polygon","coordinates":[[[6.58934,49.02068],[6.6006,48.9951],[6.58256,48.98495],[6.57268,48.99082],[6.55852,49.00596],[6.57841,49.02255],[6.58934,49.02068]]]}},{"type":"Feature","properties":{"id":"chenois","also":[]},"geometry":{"type":"Polygon","coordinates":[[[6.50097,48.98224],[6.53282,48.9452],[6.52653,48.94031],[6.46951,48.93593],[6.47527,48.96545],[6.50097,48.98224]]]}},{"type":"Feature","properties":{"id":"chicourt","also":[]},"geometry":{"type":"Polygon","coordinates":[[[6.4575,48.92992],[6.46951,48.93593],[6.52653,48.94031],[6.52972,48.92965],[6.52225,48.91539],[6.46785,48.87839],[6.46298,48.87849],[6.45041,48.89904],[6.4575,48.92992]]]}},{"type":"Feature","properties":{"id":"cirey","also":[]},"geometry":{"type":"Polygon","coordinates":[[[6.98524,48.58023],[6.90657,48.55113],[6.95288,48.60274],[6.98524,48.58023]]]}},{"type":"Feature","properties":{"id":"cocheren","also":["ditschviller"]},"geometry":{"type":"Polygon","coordinates":[[[6.86979,49.15351],[6.87371,49.15248],[6.87706,49.13829],[6.86922,49.13003],[6.86085,49.12912],[6.83754,49.1443],[6.83859,49.14861],[6.86979,49.15351]]]}},{"type":"Feature","properties":{"id":"colmen","also":[]},"geometry":{"type":"Polygon","coordinates":[[[6.51941,49.36018],[6.55001,49.36595],[6.54612,49.34088],[6.54366,49.33913],[6.51574,49.34033],[6.51941,49.36018]]]}},{"type":"Feature","properties":{"id":"conde-northen","also":[]},"geometry":{"type":"Polygon","coordinates":[[[6.42911,49.17834],[6.44153,49.16137],[6.4306,49.1526],[6.39289,49.16494],[6.39043,49.16756],[6.42911,49.17834]]]}},{"type":"Feature","properties":{"id":"conthil","also":[]},"geometry":{"type":"Polygon","coordinates":[[[6.65388,48.90985],[6.67719,48.90614],[6.67443,48.8879],[6.64558,48.88641],[6.6436,48.90442],[6.64539,48.90671],[6.65388,48.90985]]]}},{"type":"Feature","properties":{"id":"coume","also":["berange"]},"geometry":{"type":"Polygon","coordinates":[[[6.5807,49.21727],[6.60129,49.20508],[6.59099,49.18192],[6.55643,49.18346],[6.55085,49.2055],[6.55461,49.21337],[6.5807,49.21727]]]}},{"type":"Feature","properties":{"id":"courcelles","also":[]},"geometry":{"type":"Polygon","coordinates":[[[6.42308,49.12586],[6.42979,49.11939],[6.41621,49.09457],[6.34371,49.07783],[6.33507,49.08083],[6.33317,49.08295],[6.32676,49.09265],[6.32334,49.10322],[6.35967,49.11513],[6.42308,49.12586]]]}},{"type":"Feature","properties":{"id":"coutures","also":[]},"geometry":{"type":"Polygon","coordinates":[[[6.49612,48.8282],[6.49746,48.80722],[6.47407,48.80334],[6.44351,48.81325],[6.42984,48.83579],[6.44477,48.84915],[6.49612,48.8282]]]}},{"type":"Feature","properties":{"id":"craincourt","also":[]},"geometry":{"type":"Polygon","coordinates":[[[6.35645,48.86996],[6.35519,48.8663],[6.34126,48.8653],[6.24466,48.89482],[6.25149,48.90435],[6.26335,48.91444],[6.3479,48.88102],[6.35645,48.86996]]]}},{"type":"Feature","properties":{"id":"crehange","also":[]},"geometry":{"type":"Polygon","coordinates":[[[6.60956,49.05854],[6.57212,49.04582],[6.5702,49.06834],[6.58609,49.07943],[6.60956,49.05854]]]}},{"type":"Feature","properties":{"id":"creutzwald","also":[]},"geometry":{"type":"Polygon","coordinates":[[[6.676,49.22457],[6.69365,49.22712],[6.73147,49.22035],[6.75133,49.20085],[6.71957,49.18494],[6.6646,49.19052],[6.64903,49.20276],[6.676,49.22457]]]}},{"type":"Feature","properties":{"id":"cutting","also":[]},"geometry":{"type":"Polygon","coordinates":[[[6.81069,48.84679],[6.83767,48.85883],[6.85726,48.84292],[6.81864,48.83702],[6.81068,48.84119],[6.81069,48.84679]]]}},{"type":"Feature","properties":{"id":"dabo","also":[]},"geometry":{"type":"Polygon","coordinates":[[[7.2047,48.66253],[7.25073,48.68298],[7.26863,48.68351],[7.29306,48.67961],[7.23574,48.59993],[7.21364,48.60217],[7.19437,48.60787],[7.19381,48.63588],[7.2047,48.66253]]]}},{"type":"Feature","properties":{"id":"dalem","also":[]},"geometry":{"type":"Polygon","coordinates":[[[6.61027,49.25562],[6.63806,49.24673],[6.63929,49.24314],[6.62353,49.23191],[6.58652,49.23384],[6.58387,49.24046],[6.61027,49.25562]]]}},{"type":"Feature","properties":{"id":"dalhain","also":[]},"geometry":{"type":"Polygon","coordinates":[[[6.55621,48.90263],[6.58671,48.88532],[6.58711,48.87992],[6.57058,48.87502],[6.54141,48.89456],[6.55621,48.90263]]]}},{"type":"Feature","properties":{"id":"dalstein","also":["hanfgarten"]},"geometry":{"type":"Polygon","coordinates":[[[6.40492,49.32052],[6.42907,49.30676],[6.42614,49.30176],[6.41976,49.29754],[6.3846,49.30365],[6.39258,49.31614],[6.40492,49.32052]]]}},{"type":"Feature","properties":{"id":"dannelbourg","also":[]},"geometry":{"type":"Polygon","coordinates":[[[7.25845,48.75078],[7.23143,48.72906],[7.2101,48.75306],[7.24003,48.75821],[7.25845,48.75078]]]}},{"type":"Feature","properties":{"id":"dedeling","also":[]},"geometry":{"type":"Polygon","coordinates":[[[6.61313,48.87254],[6.63106,48.85626],[6.60782,48.84794],[6.60013,48.85856],[6.60455,48.87167],[6.61313,48.87254]]]}},{"type":"Feature","properties":{"id":"dehlingen","also":[]},"geometry":{"type":"Polygon","coordinates":[[[7.16936,49.00407],[7.1826,49.00552],[7.20991,48.98033],[7.19631,48.96346],[7.16646,48.97115],[7.15568,48.98339],[7.16936,49.00407]]]}},{"type":"Feature","properties":{"id":"delme","also":[]},"geometry":{"type":"Polygon","coordinates":[[[6.40859,48.90564],[6.45041,48.89904],[6.46298,48.87849],[6.46111,48.87669],[6.37361,48.87665],[6.38436,48.89752],[6.40859,48.90564]]]}},{"type":"Feature","properties":{"id":"denting","also":["velling"]},"geometry":{"type":"Polygon","coordinates":[[[6.55085,49.2055],[6.55643,49.18346],[6.54777,49.1787],[6.52007,49.1788],[6.50938,49.19601],[6.55085,49.2055]]]}},{"type":"Feature","properties":{"id":"desseling","also":[]},"geometry":{"type":"Polygon","coordinates":[[[6.84014,48.80775],[6.84735,48.80799],[6.8644,48.79982],[6.87908,48.78449],[6.826,48.76852],[6.81997,48.77809],[6.84014,48.80775]]]}},{"type":"Feature","properties":{"id":"destry","also":[]},"geometry":{"type":"Polygon","coordinates":[[[6.59641,48.95643],[6.60826,48.95062],[6.58672,48.92855],[6.58321,48.92819],[6.54974,48.94686],[6.55912,48.9523],[6.59641,48.95643]]]}},{"type":"Feature","properties":{"id":"diane-cappel","also":[]},"geometry":{"type":"Polygon","coordinates":[[[6.93121,48.75227],[6.95656,48.72293],[6.92843,48.70681],[6.88191,48.70958],[6.89392,48.7323],[6.93121,48.75227]]]}},{"type":"Feature","properties":{"id":"diebling","also":[]},"geometry":{"type":"Polygon","coordinates":[[[6.92795,49.11644],[6.95173,49.11748],[6.94324,49.09172],[6.93508,49.09146],[6.91953,49.09796],[6.91386,49.10536],[6.92795,49.11644]]]}},{"type":"Feature","properties":{"id":"diedendorf","also":[]},"geometry":{"type":"Polygon","coordinates":[[[7.01144,48.90419],[7.02089,48.90465],[7.05924,48.89106],[7.06037,48.8643],[7.05914,48.86364],[6.98797,48.8885],[6.99184,48.89333],[7.01144,48.90419]]]}},{"type":"Feature","properties":{"id":"diederfing","also":[]},"geometry":{"type":"Polygon","coordinates":[[[6.96111,49.02282],[6.96525,49.02001],[6.96701,49.01472],[6.95835,49.01204],[6.94654,49.01499],[6.9457,49.02249],[6.96111,49.02282]]]}},{"type":"Feature","properties":{"id":"dieding","also":[]},"geometry":{"type":"Polygon","coordinates":[[[7.14096,49.06823],[7.12689,49.05136],[7.10893,49.04776],[7.10563,49.07446],[7.11134,49.07562],[7.14096,49.06823]]]}},{"type":"Feature","properties":{"id":"dieffembach","also":[]},"geometry":{"type":"Polygon","coordinates":[[[6.85611,49.01936],[6.87246,49.00671],[6.84476,48.99163],[6.82453,49.01315],[6.83315,49.01655],[6.85611,49.01936]]]}},{"type":"Feature","properties":{"id":"diefferten","also":[]},"geometry":{"type":"Polygon","coordinates":[[[6.74839,49.26351],[6.81669,49.25015],[6.82278,49.232],[6.79209,49.19741],[6.78407,49.19306],[6.75133,49.20085],[6.73147,49.22035],[6.74839,49.26351]]]}},{"type":"Feature","properties":{"id":"diefflen","also":[]},"geometry":{"type":"Polygon","coordinates":[[[6.7756,49.36283],[6.77905,49.34331],[6.74404,49.33405],[6.72857,49.34274],[6.74697,49.37505],[6.7756,49.36283]]]}},{"type":"Feature","properties":{"id":"diemeringen","also":[]},"geometry":{"type":"Polygon","coordinates":[[[7.20193,48.95725],[7.2107,48.95276],[7.21482,48.94591],[7.18772,48.92173],[7.17923,48.92222],[7.16162,48.93345],[7.16602,48.94013],[7.20193,48.95725]]]}},{"type":"Feature","properties":{"id":"diesen","also":[]},"geometry":{"type":"Polygon","coordinates":[[[6.71957,49.18494],[6.69401,49.15478],[6.6609,49.16976],[6.6646,49.19052],[6.71957,49.18494]]]}},{"type":"Feature","properties":{"id":"dieuze","also":[]},"geometry":{"type":"Polygon","coordinates":[[[6.70792,48.81733],[6.71543,48.82145],[6.73423,48.82182],[6.73675,48.79707],[6.72539,48.7901],[6.70323,48.79515],[6.69279,48.80551],[6.70792,48.81733]]]}},{"type":"Feature","properties":{"id":"dillingen","also":[]},"geometry":{"type":"Polygon","coordinates":[[[6.74697,49.37505],[6.72857,49.34274],[6.72097,49.34261],[6.70844,49.37468],[6.74043,49.38192],[6.74697,49.37505]]]}},{"type":"Feature","properties":{"id":"distroff","also":[]},"geometry":{"type":"Polygon","coordinates":[[[6.2497,49.33614],[6.26704,49.34952],[6.27428,49.34771],[6.29393,49.33201],[6.27018,49.32054],[6.25659,49.32265],[6.2497,49.33614]]]}},{"type":"Feature","properties":{"id":"doersdorf","also":[]},"geometry":{"type":"Polygon","coordinates":[[[6.9794,49.46379],[6.94178,49.47046],[6.98013,49.49887],[6.9794,49.46379]]]}},{"type":"Feature","properties":{"id":"dolving","also":[]},"geometry":{"type":"Polygon","coordinates":[[[7.01942,48.78722],[7.04209,48.78009],[7.04074,48.76239],[7.02983,48.75683],[6.99427,48.77549],[7.01942,48.78722]]]}},{"type":"Feature","properties":{"id":"domfessel","also":[]},"geometry":{"type":"Polygon","coordinates":[[[7.16217,48.96424],[7.16602,48.94013],[7.16162,48.93345],[7.15141,48.93391],[7.12848,48.94654],[7.16217,48.96424]]]}},{"type":"Feature","properties":{"id":"domnon","also":[]},"geometry":{"type":"Polygon","coordinates":[[[6.8387,48.86697],[6.83767,48.85883],[6.81069,48.84679],[6.8039,48.85581],[6.82153,48.875],[6.8387,48.86697]]]}},{"type":"Feature","properties":{"id":"donnelay","also":["bru"]},"geometry":{"type":"Polygon","coordinates":[[[6.70347,48.75891],[6.71411,48.74202],[6.71149,48.74032],[6.67914,48.73731],[6.65909,48.75018],[6.67452,48.76955],[6.70347,48.75891]]]}},{"type":"Feature","properties":{"id":"dorst","also":[]},"geometry":{"type":"Polygon","coordinates":[[[7.47349,49.16917],[7.47543,49.16775],[7.46788,49.15482],[7.44401,49.14181],[7.42155,49.15587],[7.45727,49.16764],[7.47349,49.16917]]]}},{"type":"Feature","properties":{"id":"dorvillers","also":[]},"geometry":{"type":"Polygon","coordinates":[[[6.54344,49.07677],[6.56527,49.08898],[6.57636,49.08978],[6.5857,49.08503],[6.58609,49.07943],[6.5702,49.06834],[6.55002,49.06964],[6.54424,49.07164],[6.54344,49.07677]]]}},{"type":"Feature","properties":{"id":"dourd-hal","also":[]},"geometry":{"type":"Polygon","coordinates":[[[6.6809,49.12988],[6.6884,49.09762],[6.67412,49.08427],[6.66701,49.08243],[6.63473,49.10412],[6.67556,49.12943],[6.6809,49.12988]]]}},{"type":"Feature","properties":{"id":"dreisbach","also":[]},"geometry":{"type":"Polygon","coordinates":[[[6.57065,49.49298],[6.58217,49.48615],[6.58439,49.4816],[6.5672,49.4703],[6.55323,49.4701],[6.55274,49.4878],[6.57065,49.49298]]]}},{"type":"Feature","properties":{"id":"drogny","also":[]},"geometry":{"type":"Polygon","coordinates":[[[6.41788,49.25834],[6.4174,49.24374],[6.40218,49.23648],[6.39812,49.23678],[6.4011,49.25915],[6.4115,49.26157],[6.41788,49.25834]]]}},{"type":"Feature","properties":{"id":"drulingen","also":["eyviller","mackviller","ottviller","sieviller"]},"geometry":{"type":"Polygon","coordinates":[[[7.19448,48.87969],[7.20073,48.879],[7.21757,48.8631],[7.21145,48.84952],[7.18015,48.85527],[7.16828,48.86774],[7.17402,48.87398],[7.19448,48.87969]]]}},{"type":"Feature","properties":{"id":"duppenweiler","also":[]},"geometry":{"type":"Polygon","coordinates":[[[6.75995,49.43212],[6.78629,49.43218],[6.80245,49.4298],[6.80514,49.41536],[6.7848,49.40075],[6.74578,49.3916],[6.74538,49.41673],[6.75995,49.43212]]]}},{"type":"Feature","properties":{"id":"duren","also":[]},"geometry":{"type":"Polygon","coordinates":[[[6.68561,49.32082],[6.6929,49.31427],[6.67846,49.29323],[6.65217,49.30273],[6.65189,49.30874],[6.68561,49.32082]]]}},{"type":"Feature","properties":{"id":"durstel","also":[]},"geometry":{"type":"Polygon","coordinates":[[[7.1936,48.89975],[7.21724,48.89448],[7.20073,48.879],[7.19448,48.87969],[7.18485,48.89404],[7.1936,48.89975]]]}},{"type":"Feature","properties":{"id":"ebersviller","also":["labruck"]},"geometry":{"type":"Polygon","coordinates":[[[6.37331,49.28562],[6.38387,49.28481],[6.41744,49.26821],[6.4115,49.26157],[6.4011,49.25915],[6.37452,49.26697],[6.36716,49.27868],[6.37331,49.28562]]]}},{"type":"Feature","properties":{"id":"eblange","also":["buchingen"]},"geometry":{"type":"Polygon","coordinates":[[[6.47682,49.22995],[6.49914,49.23016],[6.50355,49.22762],[6.49751,49.20738],[6.47438,49.21559],[6.47682,49.22995]]]}},{"type":"Feature","properties":{"id":"ebring","also":[]},"geometry":{"type":"Polygon","coordinates":[[[6.91038,49.13726],[6.91557,49.13907],[6.92329,49.13834],[6.92795,49.11644],[6.91386,49.10536],[6.89479,49.11085],[6.91038,49.13726]]]}},{"type":"Feature","properties":{"id":"edling","also":[]},"geometry":{"type":"Polygon","coordinates":[[[6.465,49.28771],[6.47195,49.276],[6.45046,49.26141],[6.4305,49.27698],[6.45853,49.2869],[6.465,49.28771]]]}},{"type":"Feature","properties":{"id":"eft","also":[]},"geometry":{"type":"Polygon","coordinates":[[[6.46024,49.47337],[6.45697,49.46494],[6.44757,49.46438],[6.43329,49.46885],[6.4199,49.48022],[6.41933,49.48482],[6.43308,49.49377],[6.46024,49.47337]]]}},{"type":"Feature","properties":{"id":"eguelshardt","also":[]},"geometry":{"type":"Polygon","coordinates":[[[7.47751,49.05189],[7.51568,49.05348],[7.5086,49.00399],[7.46376,49.00386],[7.43893,49.01796],[7.47751,49.05189]]]}},{"type":"Feature","properties":{"id":"eich-pirmasens","also":[]},"geometry":{"type":"Polygon","coordinates":[[[7.61668,49.23454],[7.51153,49.29006],[7.51933,49.29751],[7.53504,49.30714],[7.54904,49.31244],[7.56436,49.31584],[7.58355,49.31723],[7.63361,49.23649],[7.61668,49.23454]]]}},{"type":"Feature","properties":{"id":"eich-sarralbe","also":[]},"geometry":{"type":"Polygon","coordinates":[[[7.00659,49.01402],[7.02121,48.98797],[6.98913,48.98278],[6.98353,48.99265],[6.99079,49.00511],[7.00659,49.01402]]]}},{"type":"Feature","properties":{"id":"eimersdorf","also":[]},"geometry":{"type":"Polygon","coordinates":[[[6.63827,49.39191],[6.65334,49.39305],[6.67222,49.38092],[6.66773,49.37644],[6.6339,49.36934],[6.62939,49.37338],[6.63827,49.39191]]]}},{"type":"Feature","properties":{"id":"eincheville","also":[]},"geometry":{"type":"Polygon","coordinates":[[[6.6006,48.9951],[6.60669,48.99426],[6.62524,48.98648],[6.62622,48.97839],[6.59482,48.97253],[6.58243,48.98055],[6.58256,48.98495],[6.6006,48.9951]]]}},{"type":"Feature","properties":{"id":"eisweiler","also":[]},"geometry":{"type":"Polygon","coordinates":[[[7.16598,49.53809],[7.16389,49.48239],[7.13144,49.5062],[7.16598,49.53809]]]}},{"type":"Feature","properties":{"id":"eiweiler-nohfelden","also":[]},"geometry":{"type":"Polygon","coordinates":[[[7.00769,49.53517],[6.98752,49.55487],[7.00316,49.58459],[7.03932,49.59813],[7.04667,49.58022],[7.03855,49.55249],[7.00769,49.53517]]]}},{"type":"Feature","properties":{"id":"eiweiler-wiesbach","also":[]},"geometry":{"type":"Polygon","coordinates":[[[6.95135,49.37929],[6.96063,49.35683],[6.92615,49.30857],[6.90872,49.31091],[6.90648,49.37233],[6.95135,49.37929]]]}},{"type":"Feature","properties":{"id":"elvange","also":[]},"geometry":{"type":"Polygon","coordinates":[[[6.54424,49.07164],[6.55002,49.06964],[6.56398,49.039],[6.52354,49.04128],[6.52501,49.05745],[6.54424,49.07164]]]}},{"type":"Feature","properties":{"id":"elviller","also":[]},"geometry":{"type":"Polygon","coordinates":[[[6.9258,49.07321],[6.92525,49.06629],[6.90546,49.05835],[6.8912,49.08072],[6.89819,49.08331],[6.9258,49.07321]]]}},{"type":"Feature","properties":{"id":"elzange","also":[]},"geometry":{"type":"Polygon","coordinates":[[[6.29805,49.37993],[6.3049,49.37279],[6.30122,49.36112],[6.27428,49.34771],[6.26704,49.34952],[6.24559,49.3742],[6.29805,49.37993]]]}},{"type":"Feature","properties":{"id":"elzing","also":[]},"geometry":{"type":"Polygon","coordinates":[[[6.33682,49.32877],[6.34907,49.32091],[6.32083,49.30745],[6.3079,49.31268],[6.30571,49.32232],[6.33682,49.32877]]]}},{"type":"Feature","properties":{"id":"emmersweiler","also":[]},"geometry":{"type":"Polygon","coordinates":[[[6.79209,49.19741],[6.87334,49.19568],[6.87917,49.18121],[6.85441,49.16941],[6.81822,49.173],[6.78573,49.18909],[6.78407,49.19306],[6.79209,49.19741]]]}},{"type":"Feature","properties":{"id":"enchenberg","also":["alberting"]},"geometry":{"type":"Polygon","coordinates":[[[7.31677,49.03234],[7.33694,49.02952],[7.3639,49.01801],[7.34894,48.99002],[7.34652,48.98972],[7.29498,49.02257],[7.29779,49.0254],[7.31677,49.03234]]]}},{"type":"Feature","properties":{"id":"engenthal","also":[]},"geometry":{"type":"Polygon","coordinates":[[[7.30863,48.68262],[7.37954,48.63605],[7.37852,48.62593],[7.37443,48.6157],[7.3674,48.6062],[7.35773,48.59778],[7.33675,48.58704],[7.32204,48.58295],[7.30642,48.58085],[7.28521,48.58126],[7.2698,48.58395],[7.25104,48.59054],[7.23574,48.59993],[7.29306,48.67961],[7.30863,48.68262]]]}},{"type":"Feature","properties":{"id":"ensdorf","also":[]},"geometry":{"type":"Polygon","coordinates":[[[6.77145,49.31278],[6.78946,49.31321],[6.79327,49.30912],[6.79789,49.29236],[6.74862,49.27401],[6.74505,49.27766],[6.77145,49.31278]]]}},{"type":"Feature","properties":{"id":"epange","also":[]},"geometry":{"type":"Polygon","coordinates":[[[6.4189,49.2133],[6.43045,49.20547],[6.43169,49.19999],[6.42878,49.1965],[6.39053,49.19538],[6.40618,49.21365],[6.4189,49.2133]]]}},{"type":"Feature","properties":{"id":"eppelborn","also":[]},"geometry":{"type":"Polygon","coordinates":[[[6.9876,49.42372],[7.01139,49.42532],[7.0239,49.41648],[6.99245,49.38832],[6.95508,49.38388],[6.94857,49.39396],[6.951,49.39772],[6.9876,49.42372]]]}},{"type":"Feature","properties":{"id":"eppenbrunn","also":["dietersbach","ranschborn"]},"geometry":{"type":"Polygon","coordinates":[[[7.54903,49.12663],[7.59579,49.14067],[7.62898,49.12736],[7.6436,49.11704],[7.63475,49.09699],[7.55134,49.08261],[7.53804,49.10478],[7.54903,49.12663]]]}},{"type":"Feature","properties":{"id":"epping","also":[]},"geometry":{"type":"Polygon","coordinates":[[[7.29008,49.10931],[7.3184,49.12409],[7.33331,49.12239],[7.32952,49.10823],[7.29776,49.0971],[7.29438,49.09852],[7.29024,49.10447],[7.29008,49.10931]]]}},{"type":"Feature","properties":{"id":"erbringen","also":[]},"geometry":{"type":"Polygon","coordinates":[[[6.70947,49.44401],[6.75015,49.453],[6.75995,49.43212],[6.75854,49.43159],[6.70994,49.44083],[6.70947,49.44401]]]}},{"type":"Feature","properties":{"id":"erching","also":[]},"geometry":{"type":"Polygon","coordinates":[[[7.26394,49.1375],[7.29008,49.10931],[7.29024,49.10447],[7.23619,49.10272],[7.2467,49.13218],[7.26394,49.1375]]]}},{"type":"Feature","properties":{"id":"erlenbrunn","also":[]},"geometry":{"type":"Polygon","coordinates":[[[7.61848,49.18815],[7.63384,49.19133],[7.62898,49.12736],[7.59579,49.14067],[7.58944,49.15177],[7.61848,49.18815]]]}},{"type":"Feature","properties":{"id":"ernestviller","also":[]},"geometry":{"type":"Polygon","coordinates":[[[6.96634,49.08683],[6.97204,49.08724],[6.98089,49.08561],[6.98623,49.07346],[6.96248,49.05494],[6.95368,49.05389],[6.94599,49.06148],[6.96634,49.08683]]]}},{"type":"Feature","properties":{"id":"erstroff","also":[]},"geometry":{"type":"Polygon","coordinates":[[[6.7576,48.99286],[6.80079,48.99142],[6.80732,48.98278],[6.77394,48.96402],[6.75714,48.96825],[6.7576,48.99286]]]}},{"type":"Feature","properties":{"id":"eschbourg","also":[]},"geometry":{"type":"Polygon","coordinates":[[[7.32032,48.84723],[7.32725,48.85151],[7.33574,48.85332],[7.35679,48.77692],[7.3399,48.7674],[7.30204,48.78119],[7.28453,48.79308],[7.27858,48.8068],[7.32032,48.84723]]]}},{"type":"Feature","properties":{"id":"eschviller","also":[]},"geometry":{"type":"Polygon","coordinates":[[[7.35501,49.1408],[7.40122,49.13944],[7.40386,49.12517],[7.38691,49.11697],[7.37831,49.11788],[7.35501,49.1408]]]}},{"type":"Feature","properties":{"id":"eschwiller","also":[]},"geometry":{"type":"Polygon","coordinates":[[[7.10676,48.88006],[7.12435,48.88063],[7.13965,48.86747],[7.13391,48.84699],[7.10061,48.84894],[7.09113,48.86663],[7.10676,48.88006]]]}},{"type":"Feature","properties":{"id":"etting","also":[]},"geometry":{"type":"Polygon","coordinates":[[[7.21599,49.03267],[7.21877,49.01995],[7.1826,49.00552],[7.16936,49.00407],[7.15737,49.01243],[7.15284,49.02789],[7.15751,49.03943],[7.21599,49.03267]]]}},{"type":"Feature","properties":{"id":"etzling","also":[]},"geometry":{"type":"Polygon","coordinates":[[[6.9801,49.18209],[6.98052,49.17406],[6.95311,49.1713],[6.93559,49.19083],[6.9801,49.18209]]]}},{"type":"Feature","properties":{"id":"evendorf","also":[]},"geometry":{"type":"Polygon","coordinates":[[[6.42437,49.43251],[6.43261,49.43081],[6.44102,49.42398],[6.43522,49.40929],[6.41369,49.40048],[6.39944,49.41636],[6.40308,49.42677],[6.42437,49.43251]]]}},{"type":"Feature","properties":{"id":"falck","also":[]},"geometry":{"type":"Polygon","coordinates":[[[6.676,49.22457],[6.64903,49.20276],[6.62246,49.20808],[6.62353,49.23191],[6.63929,49.24314],[6.676,49.22457]]]}},{"type":"Feature","properties":{"id":"falkenstein-baerenthal","also":[]},"geometry":{"type":"Polygon","coordinates":[[[7.56391,49.03288],[7.5816,49.02989],[7.59962,48.99531],[7.53702,48.99302],[7.53506,48.99438],[7.56391,49.03288]]]}},{"type":"Feature","properties":{"id":"farebersviller","also":[]},"geometry":{"type":"Polygon","coordinates":[[[6.86085,49.12912],[6.86922,49.13003],[6.88985,49.11078],[6.8748,49.1015],[6.848,49.10752],[6.84673,49.12048],[6.86085,49.12912]]]}},{"type":"Feature","properties":{"id":"farschviller","also":[]},"geometry":{"type":"Polygon","coordinates":[[[6.88985,49.11078],[6.89479,49.11085],[6.91386,49.10536],[6.91953,49.09796],[6.89819,49.08331],[6.8912,49.08072],[6.87256,49.08409],[6.8748,49.1015],[6.88985,49.11078]]]}},{"type":"Feature","properties":{"id":"faulquemont","also":["hesser"]},"geometry":{"type":"Polygon","coordinates":[[[6.57212,49.04582],[6.60956,49.05854],[6.62025,49.05701],[6.62073,49.0403],[6.59629,49.02176],[6.58934,49.02068],[6.57841,49.02255],[6.56457,49.03968],[6.57212,49.04582]]]}},{"type":"Feature","properties":{"id":"fechingen","also":[]},"geometry":{"type":"Polygon","coordinates":[[[7.1016,49.19023],[7.04527,49.18428],[7.04648,49.21562],[7.07828,49.25291],[7.09716,49.24913],[7.11549,49.24177],[7.13028,49.23155],[7.14052,49.21917],[7.14391,49.21186],[7.11562,49.19445],[7.1016,49.19023]]]}},{"type":"Feature","properties":{"id":"felsberg","also":[]},"geometry":{"type":"Polygon","coordinates":[[[6.72214,49.30736],[6.72787,49.30247],[6.73468,49.28608],[6.67554,49.28059],[6.67846,49.29323],[6.6929,49.31427],[6.72214,49.30736]]]}},{"type":"Feature","properties":{"id":"fenetrange","also":["melkerhof"]},"geometry":{"type":"Polygon","coordinates":[[[7.04992,48.84672],[7.05087,48.84223],[6.99697,48.83408],[6.97413,48.83876],[6.98653,48.86572],[7.04992,48.84672]]]}},{"type":"Feature","properties":{"id":"ferange","also":[]},"geometry":{"type":"Polygon","coordinates":[[[6.37571,49.29897],[6.3846,49.30365],[6.41976,49.29754],[6.41974,49.2836],[6.37331,49.28562],[6.37571,49.29897]]]}},{"type":"Feature","properties":{"id":"fi-eisheim","also":[]},"geometry":{"type":"Polygon","coordinates":[[[7.17751,48.79531],[7.17512,48.78401],[7.15593,48.77938],[7.14383,48.78743],[7.13449,48.79864],[7.17751,48.79531]]]}},{"type":"Feature","properties":{"id":"fickingen","also":[]},"geometry":{"type":"Polygon","coordinates":[[[6.65999,49.39919],[6.68817,49.40306],[6.68612,49.3821],[6.67222,49.38092],[6.65334,49.39305],[6.65999,49.39919]]]}},{"type":"Feature","properties":{"id":"filstroff","also":[]},"geometry":{"type":"Polygon","coordinates":[[[6.54366,49.33913],[6.55725,49.32924],[6.56268,49.31633],[6.55316,49.31305],[6.52608,49.31389],[6.51765,49.33958],[6.54366,49.33913]]]}},{"type":"Feature","properties":{"id":"fischbach","also":[]},"geometry":{"type":"Polygon","coordinates":[[[7.6436,49.11704],[7.72023,49.14137],[7.72517,49.14094],[7.74073,49.13818],[7.75516,49.13348],[7.76792,49.12702],[7.7785,49.11905],[7.78652,49.10987],[7.79164,49.09985],[7.79369,49.08936],[7.79259,49.0788],[7.78837,49.06859],[7.78112,49.05904],[7.72433,49.05889],[7.68401,49.06638],[7.63671,49.09353],[7.63475,49.09699],[7.6436,49.11704]]]}},{"type":"Feature","properties":{"id":"fitten","also":[]},"geometry":{"type":"Polygon","coordinates":[[[6.59032,49.45147],[6.60151,49.44756],[6.60597,49.44186],[6.60296,49.43086],[6.59015,49.43034],[6.57093,49.43948],[6.58281,49.45194],[6.59032,49.45147]]]}},{"type":"Feature","properties":{"id":"flastroff","also":[]},"geometry":{"type":"Polygon","coordinates":[[[6.52306,49.37813],[6.5555,49.37273],[6.55477,49.36831],[6.55001,49.36595],[6.51941,49.36018],[6.51627,49.36426],[6.52306,49.37813]]]}},{"type":"Feature","properties":{"id":"flatten","also":[]},"geometry":{"type":"Polygon","coordinates":[[[6.51018,49.43537],[6.53667,49.43075],[6.53518,49.42826],[6.51958,49.4191],[6.49112,49.42531],[6.51018,49.43537]]]}},{"type":"Feature","properties":{"id":"fletrange","also":[]},"geometry":{"type":"Polygon","coordinates":[[[6.5702,49.06834],[6.57212,49.04582],[6.56457,49.03968],[6.55002,49.06964],[6.5702,49.06834]]]}},{"type":"Feature","properties":{"id":"folkling","also":["remsing"]},"geometry":{"type":"Polygon","coordinates":[[[6.90066,49.16171],[6.91557,49.13907],[6.91038,49.13726],[6.87706,49.13829],[6.87371,49.15248],[6.89515,49.16353],[6.90066,49.16171]]]}},{"type":"Feature","properties":{"id":"folpersviller","also":[]},"geometry":{"type":"Polygon","coordinates":[[[7.10552,49.13774],[7.12264,49.12606],[7.12578,49.12202],[7.12585,49.10671],[7.10501,49.10647],[7.09173,49.13489],[7.10035,49.1384],[7.10552,49.13774]]]}},{"type":"Feature","properties":{"id":"folschviller","also":["alling","fiirst"]},"geometry":{"type":"Polygon","coordinates":[[[6.67412,49.08427],[6.70894,49.07059],[6.7105,49.06001],[6.6888,49.05236],[6.66075,49.07358],[6.66701,49.08243],[6.67412,49.08427]]]}},{"type":"Feature","properties":{"id":"forbach","also":[]},"geometry":{"type":"Polygon","coordinates":[[[6.92152,49.2329],[6.92541,49.23401],[6.92922,49.23039],[6.93385,49.19244],[6.8915,49.17388],[6.87917,49.18121],[6.87334,49.19568],[6.92152,49.2329]]]}},{"type":"Feature","properties":{"id":"forstheim","also":[]},"geometry":{"type":"Polygon","coordinates":[[[7.69142,48.93078],[7.79593,48.89627],[7.79593,48.89533],[7.79378,48.88485],[7.78858,48.87484],[7.78052,48.86569],[7.76991,48.85776],[7.75717,48.85133],[7.74278,48.84668],[7.72729,48.84396],[7.71131,48.84329],[7.69251,48.8452],[7.6324,48.89648],[7.69142,48.93078]]]}},{"type":"Feature","properties":{"id":"forweiler","also":[]},"geometry":{"type":"Polygon","coordinates":[[[6.73468,49.28608],[6.74862,49.27401],[6.74782,49.26475],[6.71038,49.26409],[6.67554,49.28059],[6.73468,49.28608]]]}},{"type":"Feature","properties":{"id":"fossieux","also":[]},"geometry":{"type":"Polygon","coordinates":[[[6.35519,48.8663],[6.35581,48.86507],[6.33776,48.83981],[6.25775,48.82153],[6.24983,48.83149],[6.24627,48.83905],[6.34126,48.8653],[6.35519,48.8663]]]}},{"type":"Feature","properties":{"id":"foulcrey","also":[]},"geometry":{"type":"Polygon","coordinates":[[[6.88306,48.62538],[6.88152,48.60703],[6.84469,48.58445],[6.82433,48.5884],[6.80408,48.59689],[6.85589,48.68541],[6.86773,48.67755],[6.88306,48.62538]]]}},{"type":"Feature","properties":{"id":"fouligny","also":["chevalin","ibring"]},"geometry":{"type":"Polygon","coordinates":[[[6.50947,49.11147],[6.5267,49.09819],[6.52368,49.08715],[6.50298,49.07759],[6.49562,49.07788],[6.49487,49.10184],[6.50521,49.11153],[6.50947,49.11147]]]}},{"type":"Feature","properties":{"id":"francaltroff","also":[]},"geometry":{"type":"Polygon","coordinates":[[[6.80732,48.98278],[6.8149,48.97973],[6.81896,48.97115],[6.78815,48.95019],[6.78213,48.9519],[6.77394,48.96402],[6.80732,48.98278]]]}},{"type":"Feature","properties":{"id":"fraquelfing","also":[]},"geometry":{"type":"Polygon","coordinates":[[[6.98198,48.65201],[6.99932,48.64485],[6.99383,48.62216],[6.9869,48.62237],[6.9707,48.64329],[6.98198,48.65201]]]}},{"type":"Feature","properties":{"id":"frauenberg","also":[]},"geometry":{"type":"Polygon","coordinates":[[[7.139,49.1428],[7.12264,49.12606],[7.10552,49.13774],[7.139,49.1428]]]}},{"type":"Feature","properties":{"id":"fraulautern","also":[]},"geometry":{"type":"Polygon","coordinates":[[[6.74404,49.33405],[6.77905,49.34331],[6.79412,49.33446],[6.78946,49.31321],[6.7679,49.31321],[6.74371,49.33157],[6.74404,49.33405]]]}},{"type":"Feature","properties":{"id":"freching","also":[]},"geometry":{"type":"Polygon","coordinates":[[[6.37789,49.40851],[6.37859,49.39887],[6.36743,49.38871],[6.34661,49.41115],[6.35308,49.42003],[6.37789,49.40851]]]}},{"type":"Feature","properties":{"id":"frecourt","also":[]},"geometry":{"type":"Polygon","coordinates":[[[6.34371,49.07783],[6.41621,49.09457],[6.45585,49.08119],[6.46156,49.07023],[6.45866,49.06422],[6.34822,49.07471],[6.34371,49.07783]]]}},{"type":"Feature","properties":{"id":"freisen","also":[]},"geometry":{"type":"Polygon","coordinates":[[[7.2763,49.5833],[7.3173,49.58217],[7.32374,49.57467],[7.3289,49.56495],[7.29597,49.54766],[7.2426,49.53597],[7.21228,49.55189],[7.2763,49.5833]]]}},{"type":"Feature","properties":{"id":"freistroff","also":["diding"]},"geometry":{"type":"Polygon","coordinates":[[[6.47908,49.3037],[6.5049,49.2988],[6.50818,49.28168],[6.49428,49.27172],[6.48208,49.27026],[6.47195,49.276],[6.465,49.28771],[6.47908,49.3037]]]}},{"type":"Feature","properties":{"id":"fremersdorf","also":[]},"geometry":{"type":"Polygon","coordinates":[[[6.63966,49.41362],[6.64438,49.41327],[6.65836,49.40739],[6.65999,49.39919],[6.65334,49.39305],[6.63827,49.39191],[6.62134,49.40419],[6.63966,49.41362]]]}},{"type":"Feature","properties":{"id":"fremestroff","also":[]},"geometry":{"type":"Polygon","coordinates":[[[6.7962,49.02906],[6.80842,49.01085],[6.80628,49.00857],[6.75228,49.01362],[6.78519,49.03137],[6.7962,49.02906]]]}},{"type":"Feature","properties":{"id":"freybouse","also":[]},"geometry":{"type":"Polygon","coordinates":[[[6.75228,49.01362],[6.80628,49.00857],[6.80079,48.99142],[6.7576,48.99286],[6.74432,49.00191],[6.7402,49.01081],[6.75228,49.01362]]]}},{"type":"Feature","properties":{"id":"freyming","also":[]},"geometry":{"type":"Polygon","coordinates":[[[6.81822,49.173],[6.83859,49.14861],[6.83754,49.1443],[6.82489,49.13717],[6.82138,49.13734],[6.80383,49.17984],[6.81822,49.173]]]}},{"type":"Feature","properties":{"id":"fribourg","also":[]},"geometry":{"type":"Polygon","coordinates":[[[6.87908,48.78449],[6.88536,48.78183],[6.8744,48.75759],[6.83164,48.75482],[6.82453,48.7598],[6.826,48.76852],[6.87908,48.78449]]]}},{"type":"Feature","properties":{"id":"frohmuhl","also":[]},"geometry":{"type":"Polygon","coordinates":[[[7.27893,48.93038],[7.29598,48.92705],[7.29679,48.92166],[7.27693,48.89575],[7.26734,48.90269],[7.26444,48.91116],[7.27893,48.93038]]]}},{"type":"Feature","properties":{"id":"furschweiler","also":[]},"geometry":{"type":"Polygon","coordinates":[[[7.16598,49.53809],[7.17274,49.55378],[7.1758,49.55281],[7.22056,49.49321],[7.21538,49.47185],[7.18159,49.46274],[7.17613,49.46707],[7.16389,49.48239],[7.16598,49.53809]]]}},{"type":"Feature","properties":{"id":"furweiler","also":["diersdorf"]},"geometry":{"type":"Polygon","coordinates":[[[6.59073,49.39233],[6.61214,49.37424],[6.59255,49.36162],[6.57309,49.38464],[6.59073,49.39233]]]}},{"type":"Feature","properties":{"id":"gandren","also":[]},"geometry":{"type":"Polygon","coordinates":[[[6.33941,49.50299],[6.34821,49.47926],[6.34096,49.46185],[6.30582,49.45179],[6.23097,49.48233],[6.23716,49.49281],[6.24594,49.50171],[6.25722,49.50933],[6.27057,49.51536],[6.28547,49.51958],[6.29879,49.5216],[6.33941,49.50299]]]}},{"type":"Feature","properties":{"id":"garrebourg","also":[]},"geometry":{"type":"Polygon","coordinates":[[[7.20802,48.70364],[7.21162,48.71779],[7.23157,48.72644],[7.24169,48.72296],[7.26863,48.68351],[7.25073,48.68298],[7.20802,48.70364]]]}},{"type":"Feature","properties":{"id":"gauhiving","also":[]},"geometry":{"type":"Polygon","coordinates":[[[6.92453,49.16514],[6.93837,49.15773],[6.92883,49.13977],[6.92329,49.13834],[6.91557,49.13907],[6.90066,49.16171],[6.92453,49.16514]]]}},{"type":"Feature","properties":{"id":"gelucourt","also":["kraffthel"]},"geometry":{"type":"Polygon","coordinates":[[[6.72724,48.78528],[6.76277,48.76046],[6.76532,48.74878],[6.75294,48.74299],[6.71411,48.74202],[6.70347,48.75891],[6.72724,48.78528]]]}},{"type":"Feature","properties":{"id":"gennweiler","also":[]},"geometry":{"type":"Polygon","coordinates":[[[7.10715,49.39652],[7.13641,49.35305],[7.12516,49.33901],[7.03727,49.34485],[7.0375,49.36561],[7.10715,49.39652]]]}},{"type":"Feature","properties":{"id":"gentersberg","also":[]},"geometry":{"type":"Polygon","coordinates":[[[7.41757,49.12204],[7.4432,49.12828],[7.45197,49.11382],[7.43215,49.09211],[7.42913,49.09324],[7.41757,49.12204]]]}},{"type":"Feature","properties":{"id":"gerlfangen","also":[]},"geometry":{"type":"Polygon","coordinates":[[[6.61698,49.40496],[6.62134,49.40419],[6.63827,49.39191],[6.62939,49.37338],[6.61214,49.37424],[6.59073,49.39233],[6.59482,49.39922],[6.61698,49.40496]]]}},{"type":"Feature","properties":{"id":"gershach","also":[]},"geometry":{"type":"Polygon","coordinates":[[[7.58205,49.22463],[7.58044,49.19817],[7.53009,49.18912],[7.50346,49.22837],[7.58205,49.22463]]]}},{"type":"Feature","properties":{"id":"gersheim","also":[]},"geometry":{"type":"Polygon","coordinates":[[[7.1806,49.19705],[7.1854,49.19814],[7.2302,49.13827],[7.19543,49.14151],[7.17307,49.17556],[7.1806,49.19705]]]}},{"type":"Feature","properties":{"id":"giidesweiler","also":[]},"geometry":{"type":"Polygon","coordinates":[[[7.1191,49.54649],[7.12352,49.50946],[7.09559,49.51574],[7.08676,49.53696],[7.09778,49.54422],[7.1191,49.54649]]]}},{"type":"Feature","properties":{"id":"gisingen","also":[]},"geometry":{"type":"Polygon","coordinates":[[[6.64841,49.34655],[6.65256,49.34643],[6.68851,49.33482],[6.68648,49.32092],[6.64423,49.32552],[6.64326,49.34379],[6.64841,49.34655]]]}},{"type":"Feature","properties":{"id":"givricourt","also":[]},"geometry":{"type":"Polygon","coordinates":[[[6.89835,48.94095],[6.93419,48.93477],[6.93942,48.92991],[6.92482,48.9103],[6.88955,48.93472],[6.89008,48.9362],[6.89835,48.94095]]]}},{"type":"Feature","properties":{"id":"goerlingen-drulingen","also":[]},"geometry":{"type":"Polygon","coordinates":[[[7.0584,48.79444],[7.08548,48.81073],[7.11027,48.79281],[7.078,48.78292],[7.05877,48.79037],[7.0584,48.79444]]]}},{"type":"Feature","properties":{"id":"goldhach","also":[]},"geometry":{"type":"Polygon","coordinates":[[[6.86654,49.46879],[6.87415,49.46439],[6.88053,49.44159],[6.85216,49.4449],[6.85012,49.45943],[6.86654,49.46879]]]}},{"type":"Feature","properties":{"id":"gomelange","also":[]},"geometry":{"type":"Polygon","coordinates":[[[6.48064,49.25353],[6.48719,49.24968],[6.46894,49.23323],[6.45358,49.23336],[6.44569,49.24212],[6.4457,49.24718],[6.45087,49.2511],[6.48064,49.25353]]]}},{"type":"Feature","properties":{"id":"gondrexange","also":[]},"geometry":{"type":"Polygon","coordinates":[[[6.88191,48.70958],[6.92843,48.70681],[6.93515,48.70236],[6.94246,48.67691],[6.93679,48.67127],[6.89184,48.67042],[6.86773,48.67755],[6.85589,48.68541],[6.85241,48.69523],[6.88191,48.70958]]]}},{"type":"Feature","properties":{"id":"gonnesweiler","also":[]},"geometry":{"type":"Polygon","coordinates":[[[7.05138,49.61463],[7.06378,49.61856],[7.07922,49.62133],[7.1384,49.55455],[7.1191,49.54649],[7.09778,49.54422],[7.04667,49.58022],[7.03932,49.59813],[7.05138,49.61463]]]}},{"type":"Feature","properties":{"id":"gosselming","also":["gering"]},"geometry":{"type":"Polygon","coordinates":[[[7.0059,48.80204],[7.01895,48.7901],[7.01942,48.78722],[6.99427,48.77549],[6.98475,48.77576],[6.95804,48.78284],[7.0059,48.80204]]]}},{"type":"Feature","properties":{"id":"graefinthal","also":[]},"geometry":{"type":"Polygon","coordinates":[[[7.14391,49.21186],[7.16368,49.20609],[7.1806,49.19705],[7.17307,49.17556],[7.15622,49.1561],[7.11757,49.15199],[7.10503,49.16476],[7.11562,49.19445],[7.14391,49.21186]]]}},{"type":"Feature","properties":{"id":"graufthal","also":[]},"geometry":{"type":"Polygon","coordinates":[[[7.32032,48.84723],[7.27858,48.8068],[7.25924,48.82002],[7.32032,48.84723]]]}},{"type":"Feature","properties":{"id":"gremecey","also":[]},"geometry":{"type":"Polygon","coordinates":[[[6.40933,48.83398],[6.42984,48.83579],[6.44351,48.81325],[6.43069,48.79021],[6.3954,48.79088],[6.37046,48.81077],[6.37678,48.81785],[6.40933,48.83398]]]}},{"type":"Feature","properties":{"id":"grening","also":[]},"geometry":{"type":"Polygon","coordinates":[[[6.84097,48.98583],[6.86113,48.97636],[6.85239,48.96458],[6.83008,48.95957],[6.81896,48.97115],[6.8149,48.97973],[6.84097,48.98583]]]}},{"type":"Feature","properties":{"id":"greppen","also":[]},"geometry":{"type":"Polygon","coordinates":[[[7.54173,49.14916],[7.52496,49.13686],[7.50488,49.14249],[7.50323,49.16247],[7.52812,49.17319],[7.54173,49.14916]]]}},{"type":"Feature","properties":{"id":"gresaubach","also":[]},"geometry":{"type":"Polygon","coordinates":[[[6.87415,49.46439],[6.92028,49.4635],[6.92609,49.46165],[6.92862,49.45438],[6.8825,49.43854],[6.87415,49.46439]]]}},{"type":"Feature","properties":{"id":"griesborn","also":[]},"geometry":{"type":"Polygon","coordinates":[[[6.87704,49.32269],[6.90537,49.31015],[6.90457,49.29841],[6.90422,49.29707],[6.83507,49.27854],[6.79789,49.29236],[6.79327,49.30912],[6.87704,49.32269]]]}},{"type":"Feature","properties":{"id":"griinstadt","also":[]},"geometry":{"type":"Polygon","coordinates":[[[8.2201,49.52718],[8.20652,49.52138],[8.19146,49.51742],[8.1755,49.51544],[8.15926,49.51552],[8.14336,49.51766],[8.1284,49.52178],[8.11497,49.52772],[8.10357,49.53525],[8.09464,49.54408],[8.08852,49.55388],[8.08547,49.56427],[8.08558,49.57485],[8.08887,49.58521],[8.0952,49.59495],[8.10434,49.6037],[8.11593,49.61113],[8.12952,49.61694],[8.14461,49.62092],[8.1606,49.6229],[8.17687,49.62282],[8.19281,49.62067],[8.20779,49.61655],[8.22124,49.6106],[8.23264,49.60305],[8.24156,49.59421],[8.24764,49.5844],[8.25067,49.57401],[8.25052,49.56343],[8.2472,49.55308],[8.24084,49.54334],[8.23169,49.5346],[8.2201,49.52718]]]}},{"type":"Feature","properties":{"id":"grindorf","also":[]},"geometry":{"type":"Polygon","coordinates":[[[6.52147,49.38655],[6.52306,49.37813],[6.51627,49.36426],[6.49509,49.37028],[6.52147,49.38655]]]}},{"type":"Feature","properties":{"id":"gronig","also":["hunweiler"]},"geometry":{"type":"Polygon","coordinates":[[[7.06476,49.5306],[7.08676,49.53696],[7.09559,49.51574],[7.08383,49.51238],[7.06229,49.52126],[7.05918,49.52541],[7.06476,49.5306]]]}},{"type":"Feature","properties":{"id":"grosbliederstroff","also":[]},"geometry":{"type":"Polygon","coordinates":[[[7.00981,49.16177],[7.02696,49.17097],[7.03755,49.14677],[7.02819,49.13939],[7.01239,49.14837],[7.00981,49.16177]]]}},{"type":"Feature","properties":{"id":"grosrederching","also":[]},"geometry":{"type":"Polygon","coordinates":[[[7.21088,49.09311],[7.22585,49.0933],[7.23323,49.05179],[7.21838,49.0449],[7.187,49.06461],[7.21088,49.09311]]]}},{"type":"Feature","properties":{"id":"grosshemmersdorf","also":[]},"geometry":{"type":"Polygon","coordinates":[[[6.61214,49.37424],[6.62939,49.37338],[6.6339,49.36934],[6.60903,49.34789],[6.59027,49.35708],[6.59255,49.36162],[6.61214,49.37424]]]}},{"type":"Feature","properties":{"id":"grostenquin","also":[]},"geometry":{"type":"Polygon","coordinates":[[[6.7576,48.99286],[6.75714,48.96825],[6.74919,48.96576],[6.72433,48.984],[6.74432,49.00191],[6.7576,48.99286]]]}},{"type":"Feature","properties":{"id":"grundviller","also":[]},"geometry":{"type":"Polygon","coordinates":[[[6.96248,49.05494],[7.00693,49.04197],[7.00173,49.03347],[6.97674,49.03327],[6.955,49.03995],[6.95043,49.0474],[6.95368,49.05389],[6.96248,49.05494]]]}},{"type":"Feature","properties":{"id":"gudingen","also":[]},"geometry":{"type":"Polygon","coordinates":[[[7.04648,49.21562],[7.04527,49.18428],[7.03701,49.17976],[7.01932,49.18642],[6.99703,49.19954],[6.99652,49.20107],[7.04648,49.21562]]]}},{"type":"Feature","properties":{"id":"guebenhouse","also":[]},"geometry":{"type":"Polygon","coordinates":[[[6.93508,49.09146],[6.94324,49.09172],[6.96634,49.08683],[6.94599,49.06148],[6.92525,49.06629],[6.9258,49.07321],[6.93508,49.09146]]]}},{"type":"Feature","properties":{"id":"guebestroff","also":[]},"geometry":{"type":"Polygon","coordinates":[[[6.73715,48.82417],[6.73423,48.82182],[6.71543,48.82145],[6.70151,48.84183],[6.71484,48.85306],[6.72164,48.85068],[6.73715,48.82417]]]}},{"type":"Feature","properties":{"id":"gueblange-dieuze","also":[]},"geometry":{"type":"Polygon","coordinates":[[[6.72539,48.7901],[6.72724,48.78528],[6.70347,48.75891],[6.67452,48.76955],[6.67258,48.77328],[6.70323,48.79515],[6.72539,48.7901]]]}},{"type":"Feature","properties":{"id":"guebling","also":[]},"geometry":{"type":"Polygon","coordinates":[[[6.71048,48.86241],[6.73414,48.88638],[6.76339,48.85284],[6.76112,48.84997],[6.72164,48.85068],[6.71484,48.85306],[6.71048,48.86241]]]}},{"type":"Feature","properties":{"id":"guelange","also":["guenange"]},"geometry":{"type":"Polygon","coordinates":[[[6.22296,49.29301],[6.2168,49.28848],[6.11656,49.2884],[6.11553,49.29399],[6.20873,49.31834],[6.22296,49.29301]]]}},{"type":"Feature","properties":{"id":"guenestroff","also":[]},"geometry":{"type":"Polygon","coordinates":[[[6.70151,48.84183],[6.71543,48.82145],[6.70792,48.81733],[6.68882,48.83698],[6.70151,48.84183]]]}},{"type":"Feature","properties":{"id":"guenviller","also":[]},"geometry":{"type":"Polygon","coordinates":[[[6.7704,49.10465],[6.79827,49.11911],[6.80145,49.11976],[6.81236,49.11562],[6.81856,49.102],[6.78204,49.08701],[6.77566,49.09052],[6.7704,49.10465]]]}},{"type":"Feature","properties":{"id":"guerniange","also":[]},"geometry":{"type":"Polygon","coordinates":[[[6.82964,48.81143],[6.84014,48.80775],[6.81997,48.77809],[6.7854,48.78828],[6.77961,48.80213],[6.78301,48.80683],[6.82964,48.81143]]]}},{"type":"Feature","properties":{"id":"guerstling","also":[]},"geometry":{"type":"Polygon","coordinates":[[[6.58699,49.33409],[6.59454,49.33146],[6.58979,49.3197],[6.56727,49.3148],[6.56268,49.31633],[6.56181,49.31924],[6.58699,49.33409]]]}},{"type":"Feature","properties":{"id":"guerting","also":[]},"geometry":{"type":"Polygon","coordinates":[[[6.62246,49.20808],[6.64781,49.20265],[6.63191,49.18244],[6.60565,49.17679],[6.59099,49.18192],[6.60129,49.20508],[6.62246,49.20808]]]}},{"type":"Feature","properties":{"id":"guessling","also":[]},"geometry":{"type":"Polygon","coordinates":[[[6.64225,49.02982],[6.6651,49.03988],[6.66903,49.00295],[6.652,49.00523],[6.64091,49.01237],[6.64225,49.02982]]]}},{"type":"Feature","properties":{"id":"guinglange","also":["helfedange"]},"geometry":{"type":"Polygon","coordinates":[[[6.52368,49.08715],[6.54344,49.07677],[6.54424,49.07164],[6.52501,49.05745],[6.50298,49.07759],[6.52368,49.08715]]]}},{"type":"Feature","properties":{"id":"guinkirchen","also":["flasgarten"]},"geometry":{"type":"Polygon","coordinates":[[[6.45384,49.21814],[6.45849,49.21598],[6.46027,49.19884],[6.45413,49.19755],[6.43169,49.19999],[6.43045,49.20547],[6.45384,49.21814]]]}},{"type":"Feature","properties":{"id":"guinzeling","also":[]},"geometry":{"type":"Polygon","coordinates":[[[6.83336,48.89556],[6.84729,48.8943],[6.86548,48.87305],[6.8387,48.86697],[6.82153,48.875],[6.81537,48.88566],[6.83336,48.89556]]]}},{"type":"Feature","properties":{"id":"guirlange","also":[]},"geometry":{"type":"Polygon","coordinates":[[[6.45122,49.22437],[6.45358,49.23336],[6.46894,49.23323],[6.47682,49.22995],[6.47438,49.21559],[6.45849,49.21598],[6.45384,49.21814],[6.45122,49.22437]]]}},{"type":"Feature","properties":{"id":"guising","also":[]},"geometry":{"type":"Polygon","coordinates":[[[7.26764,49.0839],[7.28165,49.06824],[7.28257,49.06103],[7.27995,49.05845],[7.25513,49.05844],[7.2512,49.08365],[7.26764,49.0839]]]}},{"type":"Feature","properties":{"id":"gungviller","also":[]},"geometry":{"type":"Polygon","coordinates":[[[7.16521,48.88954],[7.17402,48.87398],[7.16828,48.86774],[7.13965,48.86747],[7.12435,48.88063],[7.13176,48.88801],[7.16521,48.88954]]]}},{"type":"Feature","properties":{"id":"guntzviller","also":[]},"geometry":{"type":"Polygon","coordinates":[[[7.136,48.7192],[7.17487,48.71204],[7.1836,48.69772],[7.18122,48.69576],[7.1413,48.68668],[7.1379,48.68825],[7.13274,48.69987],[7.136,48.7192]]]}},{"type":"Feature","properties":{"id":"habkirchen","also":[]},"geometry":{"type":"Polygon","coordinates":[[[7.15751,49.1359],[7.12578,49.12202],[7.12264,49.12606],[7.139,49.1428],[7.15417,49.14899],[7.15751,49.1359]]]}},{"type":"Feature","properties":{"id":"haboudange","also":[]},"geometry":{"type":"Polygon","coordinates":[[[6.59804,48.90058],[6.60013,48.90136],[6.61957,48.89831],[6.62044,48.87531],[6.61313,48.87254],[6.60455,48.87167],[6.58711,48.87992],[6.58671,48.88532],[6.59804,48.90058]]]}},{"type":"Feature","properties":{"id":"hahn","also":[]},"geometry":{"type":"Polygon","coordinates":[[[6.88195,49.43285],[6.90907,49.42848],[6.91082,49.41723],[6.89947,49.41241],[6.87775,49.4153],[6.8736,49.42572],[6.88195,49.43285]]]}},{"type":"Feature","properties":{"id":"hahnweiler","also":[]},"geometry":{"type":"Polygon","coordinates":[[[7.18251,49.58057],[7.18823,49.58276],[7.27447,49.58278],[7.21228,49.55189],[7.1758,49.55281],[7.17274,49.55378],[7.18251,49.58057]]]}},{"type":"Feature","properties":{"id":"halling","also":[]},"geometry":{"type":"Polygon","coordinates":[[[6.50391,49.16915],[6.51112,49.17106],[6.53075,49.15018],[6.52295,49.14058],[6.49399,49.14341],[6.49329,49.15116],[6.50391,49.16915]]]}},{"type":"Feature","properties":{"id":"halstroff","also":[]},"geometry":{"type":"Polygon","coordinates":[[[6.46978,49.39707],[6.51228,49.39709],[6.48649,49.37239],[6.46369,49.38011],[6.45794,49.386],[6.4599,49.39022],[6.46978,49.39707]]]}},{"type":"Feature","properties":{"id":"ham","also":[]},"geometry":{"type":"Polygon","coordinates":[[[6.6646,49.19052],[6.6609,49.16976],[6.64632,49.16749],[6.63191,49.18244],[6.64781,49.20265],[6.6646,49.19052]]]}},{"type":"Feature","properties":{"id":"hambach","also":[]},"geometry":{"type":"Polygon","coordinates":[[[7.0255,49.07021],[7.05038,49.07032],[7.0652,49.05784],[7.06596,49.04417],[7.06412,49.04339],[7.01006,49.04432],[7.00871,49.05731],[7.0255,49.07021]]]}},{"type":"Feature","properties":{"id":"hampont","also":[]},"geometry":{"type":"Polygon","coordinates":[[[6.61395,48.82977],[6.6057,48.82102],[6.57964,48.81389],[6.55331,48.8335],[6.57088,48.84753],[6.61395,48.82977]]]}},{"type":"Feature","properties":{"id":"hangviller","also":[]},"geometry":{"type":"Polygon","coordinates":[[[7.22453,48.82099],[7.24724,48.81806],[7.24522,48.81129],[7.23097,48.80254],[7.21752,48.80382],[7.22453,48.82099]]]}},{"type":"Feature","properties":{"id":"hanviller","also":[]},"geometry":{"type":"Polygon","coordinates":[[[7.45197,49.11382],[7.48186,49.11023],[7.48444,49.10767],[7.48392,49.10201],[7.44638,49.07894],[7.43215,49.09211],[7.45197,49.11382]]]}},{"type":"Feature","properties":{"id":"hanweiler","also":[]},"geometry":{"type":"Polygon","coordinates":[[[7.06772,49.12844],[7.06832,49.1254],[7.06461,49.1209],[7.04414,49.11374],[7.03843,49.13028],[7.06772,49.12844]]]}},{"type":"Feature","properties":{"id":"haraucourt-sur-seille","also":[]},"geometry":{"type":"Polygon","coordinates":[[[6.62623,48.79796],[6.58199,48.78956],[6.57059,48.7991],[6.57964,48.81389],[6.6057,48.82102],[6.62623,48.79796]]]}},{"type":"Feature","properties":{"id":"hargarten-aux-mines","also":[]},"geometry":{"type":"Polygon","coordinates":[[[6.62353,49.23191],[6.62246,49.20808],[6.60129,49.20508],[6.5807,49.21727],[6.58652,49.23384],[6.62353,49.23191]]]}},{"type":"Feature","properties":{"id":"hargarten-beckingen","also":[]},"geometry":{"type":"Polygon","coordinates":[[[6.72932,49.47157],[6.75091,49.45562],[6.75015,49.453],[6.70947,49.44401],[6.70255,49.45575],[6.72932,49.47157]]]}},{"type":"Feature","properties":{"id":"hargarten-laumesfeld","also":[]},"geometry":{"type":"Polygon","coordinates":[[[6.48622,49.37236],[6.47942,49.3538],[6.45394,49.3616],[6.46369,49.38011],[6.48622,49.37236]]]}},{"type":"Feature","properties":{"id":"harlingen","also":[]},"geometry":{"type":"Polygon","coordinates":[[[6.64438,49.41327],[6.63966,49.41362],[6.64071,49.43037],[6.65871,49.43478],[6.67318,49.42603],[6.64438,49.41327]]]}},{"type":"Feature","properties":{"id":"harprich","also":["bening-harprich"]},"geometry":{"type":"Polygon","coordinates":[[[6.63528,48.97065],[6.67138,48.97682],[6.6731,48.97285],[6.67397,48.95987],[6.65727,48.9408],[6.63617,48.94478],[6.62924,48.94987],[6.63528,48.97065]]]}},{"type":"Feature","properties":{"id":"harreberg","also":[]},"geometry":{"type":"Polygon","coordinates":[[[7.14366,48.67098],[7.14399,48.67983],[7.2047,48.66253],[7.19381,48.63588],[7.14366,48.67098]]]}},{"type":"Feature","properties":{"id":"harskirchen","also":[]},"geometry":{"type":"Polygon","coordinates":[[[7.03579,48.93992],[7.05964,48.92367],[7.05564,48.91994],[7.02089,48.90465],[7.01144,48.90419],[7.01026,48.92266],[7.03579,48.93992]]]}},{"type":"Feature","properties":{"id":"haspelschiedt","also":[]},"geometry":{"type":"Polygon","coordinates":[[[7.44638,49.07894],[7.48392,49.10201],[7.53532,49.07081],[7.52554,49.05617],[7.51568,49.05348],[7.47751,49.05189],[7.44712,49.07507],[7.44638,49.07894]]]}},{"type":"Feature","properties":{"id":"hastroff","also":[]},"geometry":{"type":"Polygon","coordinates":[[[6.31735,49.34574],[6.29388,49.33284],[6.27428,49.34771],[6.30122,49.36112],[6.31735,49.34574]]]}},{"type":"Feature","properties":{"id":"hattigny","also":[]},"geometry":{"type":"Polygon","coordinates":[[[6.9707,48.64329],[6.9869,48.62237],[6.9491,48.60891],[6.93439,48.61482],[6.93909,48.63986],[6.94227,48.64177],[6.9707,48.64329]]]}},{"type":"Feature","properties":{"id":"haupersweiler","also":[]},"geometry":{"type":"Polygon","coordinates":[[[7.28406,49.50965],[7.24055,49.51018],[7.27948,49.52372],[7.28406,49.50965]]]}},{"type":"Feature","properties":{"id":"haustadt","also":[]},"geometry":{"type":"Polygon","coordinates":[[[6.74538,49.41673],[6.74578,49.3916],[6.74224,49.38862],[6.69664,49.41074],[6.69397,49.42179],[6.6998,49.42564],[6.74538,49.41673]]]}},{"type":"Feature","properties":{"id":"haut-clocher","also":[]},"geometry":{"type":"Polygon","coordinates":[[[6.99427,48.77549],[7.02983,48.75683],[7.02175,48.74151],[7.01476,48.73969],[6.996,48.74067],[6.98475,48.77576],[6.99427,48.77549]]]}},{"type":"Feature","properties":{"id":"haute-seille","also":[]},"geometry":{"type":"Polygon","coordinates":[[[6.93439,48.61482],[6.9491,48.60891],[6.95288,48.60274],[6.90657,48.55113],[6.89841,48.54644],[6.86833,48.55138],[6.85503,48.56328],[6.84629,48.57987],[6.84542,48.58439],[6.88152,48.60703],[6.93439,48.61482]]]}},{"type":"Feature","properties":{"id":"haute-sierck","also":[]},"geometry":{"type":"Polygon","coordinates":[[[6.37859,49.39887],[6.41165,49.39527],[6.4155,49.38472],[6.40435,49.37667],[6.38009,49.37302],[6.36472,49.3825],[6.36743,49.38871],[6.37859,49.39887]]]}},{"type":"Feature","properties":{"id":"haute-vigneulles","also":[]},"geometry":{"type":"Polygon","coordinates":[[[6.57438,49.1123],[6.57636,49.08978],[6.56527,49.08898],[6.53936,49.09991],[6.56236,49.11893],[6.57438,49.1123]]]}},{"type":"Feature","properties":{"id":"haute-yutz","also":[]},"geometry":{"type":"Polygon","coordinates":[[[6.20456,49.35585],[6.21811,49.35728],[6.21746,49.3365],[6.20978,49.32943],[6.17236,49.34298],[6.17927,49.35006],[6.20456,49.35585]]]}},{"type":"Feature","properties":{"id":"hazelbourg","also":[]},"geometry":{"type":"Polygon","coordinates":[[[7.18122,48.69576],[7.1836,48.69772],[7.20802,48.70364],[7.25073,48.68298],[7.2047,48.66253],[7.18122,48.69576]]]}},{"type":"Feature","properties":{"id":"hazembourg","also":[]},"geometry":{"type":"Polygon","coordinates":[[[6.94194,48.97108],[6.95269,48.95724],[6.95069,48.95645],[6.91731,48.96006],[6.92272,48.97331],[6.94194,48.97108]]]}},{"type":"Feature","properties":{"id":"heckenransbach","also":[]},"geometry":{"type":"Polygon","coordinates":[[[7.00871,49.05731],[7.01006,49.04432],[7.00693,49.04197],[6.96248,49.05494],[6.98623,49.07346],[7.00871,49.05731]]]}},{"type":"Feature","properties":{"id":"heckling","also":[]},"geometry":{"type":"Polygon","coordinates":[[[6.55316,49.31305],[6.54625,49.29648],[6.51376,49.30186],[6.52608,49.31389],[6.55316,49.31305]]]}},{"type":"Feature","properties":{"id":"heimbach-nahe","also":[]},"geometry":{"type":"Polygon","coordinates":[[[7.24401,49.66949],[7.26242,49.66939],[7.31613,49.65051],[7.31983,49.64744],[7.33187,49.6317],[7.33548,49.61429],[7.33029,49.59703],[7.3173,49.58217],[7.2763,49.5833],[7.22598,49.60935],[7.22823,49.66741],[7.24401,49.66949]]]}},{"type":"Feature","properties":{"id":"heining","also":[]},"geometry":{"type":"Polygon","coordinates":[[[6.60071,49.31445],[6.60035,49.30176],[6.58116,49.29319],[6.56727,49.3148],[6.58979,49.3197],[6.60071,49.31445]]]}},{"type":"Feature","properties":{"id":"hellendorf","also":[]},"geometry":{"type":"Polygon","coordinates":[[[6.48328,49.49012],[6.48241,49.48826],[6.46024,49.47337],[6.43308,49.49377],[6.4384,49.49943],[6.48328,49.49012]]]}},{"type":"Feature","properties":{"id":"hellering-fenetrange","also":[]},"geometry":{"type":"Polygon","coordinates":[[[7.04157,48.81812],[7.08523,48.81473],[7.08548,48.81073],[7.0584,48.79444],[7.0408,48.8084],[7.03754,48.81479],[7.04157,48.81812]]]}},{"type":"Feature","properties":{"id":"hellering-hombourg-haut","also":[]},"geometry":{"type":"Polygon","coordinates":[[[6.75511,49.13944],[6.79827,49.11911],[6.7704,49.10465],[6.73694,49.12895],[6.75511,49.13944]]]}},{"type":"Feature","properties":{"id":"hellimer","also":["ackerbach"]},"geometry":{"type":"Polygon","coordinates":[[[6.80628,49.00857],[6.80842,49.01085],[6.82453,49.01315],[6.84476,48.99163],[6.84097,48.98583],[6.8149,48.97973],[6.80732,48.98278],[6.80079,48.99142],[6.80628,49.00857]]]}},{"type":"Feature","properties":{"id":"helling","also":[]},"geometry":{"type":"Polygon","coordinates":[[[6.36453,49.33898],[6.36785,49.33013],[6.34907,49.32091],[6.33682,49.32877],[6.33525,49.34358],[6.36453,49.33898]]]}},{"type":"Feature","properties":{"id":"helstroff","also":[]},"geometry":{"type":"Polygon","coordinates":[[[6.46455,49.16302],[6.49329,49.15116],[6.49399,49.14341],[6.48531,49.13836],[6.47774,49.13924],[6.45964,49.14643],[6.46075,49.16018],[6.46455,49.16302]]]}},{"type":"Feature","properties":{"id":"hemering","also":[]},"geometry":{"type":"Polygon","coordinates":[[[6.6651,49.03988],[6.66667,49.04127],[6.68123,49.04344],[6.70863,49.01625],[6.67746,49.00046],[6.66903,49.00295],[6.6651,49.03988]]]}},{"type":"Feature","properties":{"id":"hemilly","also":[]},"geometry":{"type":"Polygon","coordinates":[[[6.49562,49.07788],[6.50298,49.07759],[6.52501,49.05745],[6.52354,49.04128],[6.51786,49.03882],[6.46524,49.04156],[6.46141,49.04446],[6.45866,49.06422],[6.46156,49.07023],[6.49562,49.07788]]]}},{"type":"Feature","properties":{"id":"heming","also":[]},"geometry":{"type":"Polygon","coordinates":[[[6.98327,48.68824],[6.9624,48.68783],[6.95119,48.6987],[6.98052,48.70311],[6.98327,48.68824]]]}},{"type":"Feature","properties":{"id":"henridorf","also":[]},"geometry":{"type":"Polygon","coordinates":[[[7.17998,48.74641],[7.18226,48.74804],[7.20607,48.75373],[7.2101,48.75306],[7.23143,48.72906],[7.23157,48.72644],[7.21162,48.71779],[7.18251,48.73459],[7.1788,48.73986],[7.17998,48.74641]]]}},{"type":"Feature","properties":{"id":"henriville","also":[]},"geometry":{"type":"Polygon","coordinates":[[[6.848,49.10752],[6.8748,49.1015],[6.87256,49.08409],[6.86972,49.0827],[6.83838,49.08478],[6.83185,49.0987],[6.848,49.10752]]]}},{"type":"Feature","properties":{"id":"herange","also":[]},"geometry":{"type":"Polygon","coordinates":[[[7.18216,48.77855],[7.17614,48.7636],[7.15582,48.7749],[7.15593,48.77938],[7.17512,48.78401],[7.18216,48.77855]]]}},{"type":"Feature","properties":{"id":"herbitzheim","also":[]},"geometry":{"type":"Polygon","coordinates":[[[7.10009,49.03031],[7.10966,49.01098],[7.08752,48.9836],[7.07754,48.98761],[7.06414,49.00621],[7.10009,49.03031]]]}},{"type":"Feature","properties":{"id":"herichsweiler","also":[]},"geometry":{"type":"Polygon","coordinates":[[[7.3289,49.56495],[7.34516,49.55822],[7.35668,49.55077],[7.36575,49.54199],[7.372,49.53224],[7.37559,49.51482],[7.37351,49.50433],[7.36833,49.4943],[7.3534,49.47965],[7.34123,49.47265],[7.33115,49.46861],[7.28406,49.50965],[7.27948,49.52372],[7.29597,49.54766],[7.3289,49.56495]]]}},{"type":"Feature","properties":{"id":"hermelange","also":[]},"geometry":{"type":"Polygon","coordinates":[[[7.02249,48.6958],[7.03673,48.68386],[7.01335,48.66863],[6.99686,48.68292],[7.02249,48.6958]]]}},{"type":"Feature","properties":{"id":"herrenstein","also":[]},"geometry":{"type":"Polygon","coordinates":[[[7.35928,48.86989],[7.36551,48.87033],[7.41335,48.84976],[7.36803,48.77371],[7.35679,48.77692],[7.33574,48.85332],[7.3447,48.86409],[7.35928,48.86989]]]}},{"type":"Feature","properties":{"id":"hertzing","also":[]},"geometry":{"type":"Polygon","coordinates":[[[6.95119,48.6987],[6.9624,48.68783],[6.95479,48.67908],[6.94246,48.67691],[6.93515,48.70236],[6.95119,48.6987]]]}},{"type":"Feature","properties":{"id":"hesse","also":[]},"geometry":{"type":"Polygon","coordinates":[[[7.0529,48.71502],[7.05772,48.71469],[7.07403,48.70561],[7.07593,48.67801],[7.06556,48.67464],[7.03673,48.68386],[7.02249,48.6958],[7.02279,48.70177],[7.0529,48.71502]]]}},{"type":"Feature","properties":{"id":"hessling","also":[]},"geometry":{"type":"Polygon","coordinates":[[[7.01368,49.18951],[7.01932,49.18642],[6.98703,49.1669],[6.98542,49.16856],[7.01368,49.18951]]]}},{"type":"Feature","properties":{"id":"hestroff","also":[]},"geometry":{"type":"Polygon","coordinates":[[[6.42676,49.27702],[6.4305,49.27698],[6.45046,49.26141],[6.45087,49.2511],[6.4457,49.24718],[6.43824,49.24931],[6.4115,49.26157],[6.42676,49.27702]]]}},{"type":"Feature","properties":{"id":"hiilzweiler","also":[]},"geometry":{"type":"Polygon","coordinates":[[[6.84572,49.34288],[6.87704,49.32269],[6.79327,49.30912],[6.78946,49.31321],[6.79412,49.33446],[6.84572,49.34288]]]}},{"type":"Feature","properties":{"id":"hilbesheim","also":[]},"geometry":{"type":"Polygon","coordinates":[[[7.11327,48.79237],[7.11504,48.76657],[7.08226,48.76041],[7.078,48.78292],[7.11027,48.79281],[7.11327,48.79237]]]}},{"type":"Feature","properties":{"id":"hilbringen","also":[]},"geometry":{"type":"Polygon","coordinates":[[[6.62625,49.44998],[6.62839,49.4322],[6.61186,49.42778],[6.60296,49.43086],[6.60597,49.44186],[6.62625,49.44998]]]}},{"type":"Feature","properties":{"id":"hilsprich","also":[]},"geometry":{"type":"Polygon","coordinates":[[[6.91948,49.02771],[6.92282,49.01128],[6.90203,48.99522],[6.8929,48.99554],[6.8838,49.00383],[6.91016,49.03248],[6.91948,49.02771]]]}},{"type":"Feature","properties":{"id":"hilst","also":[]},"geometry":{"type":"Polygon","coordinates":[[[7.52531,49.13651],[7.54903,49.12663],[7.53804,49.10478],[7.51585,49.11398],[7.52531,49.13651]]]}},{"type":"Feature","properties":{"id":"hinckange","also":["petrange"]},"geometry":{"type":"Polygon","coordinates":[[[6.43169,49.19999],[6.45413,49.19755],[6.45039,49.17928],[6.42943,49.17857],[6.42878,49.1965],[6.43169,49.19999]]]}},{"type":"Feature","properties":{"id":"hinsbourg","also":[]},"geometry":{"type":"Polygon","coordinates":[[[7.29679,48.92166],[7.31877,48.87731],[7.28389,48.88726],[7.27693,48.89575],[7.29679,48.92166]]]}},{"type":"Feature","properties":{"id":"hinsing","also":[]},"geometry":{"type":"Polygon","coordinates":[[[6.96323,49.00613],[6.98893,49.00332],[6.98353,48.99265],[6.95779,48.99064],[6.94325,48.99668],[6.9435,48.9977],[6.96323,49.00613]]]}},{"type":"Feature","properties":{"id":"hinsingen","also":[]},"geometry":{"type":"Polygon","coordinates":[[[7.01849,48.96122],[7.00057,48.93833],[6.98763,48.94117],[6.98766,48.9703],[6.98912,48.97087],[7.01849,48.96122]]]}},{"type":"Feature","properties":{"id":"hirbach","also":[]},"geometry":{"type":"Polygon","coordinates":[[[6.94654,49.01499],[6.95835,49.01204],[6.96323,49.00613],[6.9435,48.9977],[6.94147,49.00737],[6.94654,49.01499]]]}},{"type":"Feature","properties":{"id":"hirschland","also":["ischen"]},"geometry":{"type":"Polygon","coordinates":[[[7.10061,48.84894],[7.13391,48.84699],[7.14411,48.83501],[7.13703,48.82225],[7.09697,48.82507],[7.10061,48.84894]]]}},{"type":"Feature","properties":{"id":"hobling","also":[]},"geometry":{"type":"Polygon","coordinates":[[[6.42614,49.30176],[6.45853,49.2869],[6.4305,49.27698],[6.42676,49.27702],[6.41974,49.2836],[6.41976,49.29754],[6.42614,49.30176]]]}},{"type":"Feature","properties":{"id":"hoelling","also":[]},"geometry":{"type":"Polygon","coordinates":[[[7.30634,49.08928],[7.3298,49.07755],[7.32186,49.06729],[7.28257,49.06103],[7.28165,49.06824],[7.30634,49.08928]]]}},{"type":"Feature","properties":{"id":"hoff","also":[]},"geometry":{"type":"Polygon","coordinates":[[[7.02983,48.75683],[7.04074,48.76239],[7.07875,48.7574],[7.08201,48.74291],[7.07718,48.74],[7.02175,48.74151],[7.02983,48.75683]]]}},{"type":"Feature","properties":{"id":"holbach-lachambre","also":[]},"geometry":{"type":"Polygon","coordinates":[[[6.77566,49.09052],[6.78204,49.08701],[6.78577,49.08048],[6.7658,49.06091],[6.74427,49.06158],[6.74386,49.07398],[6.77566,49.09052]]]}},{"type":"Feature","properties":{"id":"holbach-siersthal","also":[]},"geometry":{"type":"Polygon","coordinates":[[[7.37599,49.05839],[7.37298,49.05434],[7.32563,49.04793],[7.32186,49.06729],[7.3298,49.07755],[7.37599,49.05839]]]}},{"type":"Feature","properties":{"id":"holling","also":["tiitting"]},"geometry":{"type":"Polygon","coordinates":[[[6.48208,49.27026],[6.49428,49.27172],[6.5193,49.25599],[6.48958,49.24906],[6.48064,49.25353],[6.48208,49.27026]]]}},{"type":"Feature","properties":{"id":"holving","also":[]},"geometry":{"type":"Polygon","coordinates":[[[6.96701,49.01472],[6.99079,49.00511],[6.98893,49.00332],[6.96323,49.00613],[6.95835,49.01204],[6.96701,49.01472]]]}},{"type":"Feature","properties":{"id":"hombourg-haut-et-bas","also":[]},"geometry":{"type":"Polygon","coordinates":[[[6.80357,49.13682],[6.80145,49.11976],[6.79827,49.11911],[6.75511,49.13944],[6.77522,49.15627],[6.80357,49.13682]]]}},{"type":"Feature","properties":{"id":"hombourg-sur-canner","also":[]},"geometry":{"type":"Polygon","coordinates":[[[6.34912,49.30346],[6.33265,49.28062],[6.32444,49.28473],[6.32563,49.30107],[6.34912,49.30346]]]}},{"type":"Feature","properties":{"id":"hommarting","also":[]},"geometry":{"type":"Polygon","coordinates":[[[7.17998,48.74641],[7.1788,48.73986],[7.13581,48.71993],[7.11636,48.7322],[7.13433,48.75577],[7.17998,48.74641]]]}},{"type":"Feature","properties":{"id":"hommert","also":[]},"geometry":{"type":"Polygon","coordinates":[[[7.18122,48.69576],[7.20383,48.6632],[7.14399,48.67983],[7.1413,48.68668],[7.18122,48.69576]]]}},{"type":"Feature","properties":{"id":"honskirch","also":[]},"geometry":{"type":"Polygon","coordinates":[[[6.95069,48.95645],[6.95947,48.95761],[6.9749,48.94198],[6.95844,48.92622],[6.93942,48.92991],[6.93419,48.93477],[6.95069,48.95645]]]}},{"type":"Feature","properties":{"id":"honzrath","also":[]},"geometry":{"type":"Polygon","coordinates":[[[6.75854,49.43159],[6.74538,49.41673],[6.6998,49.42564],[6.70994,49.44083],[6.75854,49.43159]]]}},{"type":"Feature","properties":{"id":"hoppstetten","also":["werdenstein"]},"geometry":{"type":"Polygon","coordinates":[[[7.12466,49.63929],[7.13552,49.65065],[7.15127,49.66034],[7.17035,49.66705],[7.18607,49.66985],[7.20775,49.67039],[7.22823,49.66741],[7.22598,49.60935],[7.16833,49.61863],[7.14204,49.62531],[7.12466,49.63929]]]}},{"type":"Feature","properties":{"id":"hornbach","also":[]},"geometry":{"type":"Polygon","coordinates":[[[7.34507,49.23964],[7.37167,49.24199],[7.3929,49.23974],[7.416,49.23246],[7.41026,49.1906],[7.40516,49.18118],[7.3508,49.1644],[7.32851,49.19911],[7.32312,49.23274],[7.34507,49.23964]]]}},{"type":"Feature","properties":{"id":"hoste","also":[]},"geometry":{"type":"Polygon","coordinates":[[[6.87256,49.08409],[6.8912,49.08072],[6.90546,49.05835],[6.89613,49.04681],[6.87509,49.04703],[6.86422,49.05862],[6.86972,49.0827],[6.87256,49.08409]]]}},{"type":"Feature","properties":{"id":"hottviller","also":[]},"geometry":{"type":"Polygon","coordinates":[[[7.35338,49.09326],[7.3839,49.08762],[7.3858,49.06208],[7.37599,49.05839],[7.3302,49.07762],[7.35338,49.09326]]]}},{"type":"Feature","properties":{"id":"hultehouse","also":[]},"geometry":{"type":"Polygon","coordinates":[[[7.32172,48.74503],[7.33244,48.74527],[7.33845,48.73595],[7.30863,48.68262],[7.29306,48.67961],[7.26863,48.68351],[7.24169,48.72296],[7.32172,48.74503]]]}},{"type":"Feature","properties":{"id":"hundling","also":[]},"geometry":{"type":"Polygon","coordinates":[[[6.97028,49.11088],[6.99405,49.11996],[6.9915,49.08979],[6.98089,49.08561],[6.97204,49.08724],[6.97028,49.11088]]]}},{"type":"Feature","properties":{"id":"hunting","also":[]},"geometry":{"type":"Polygon","coordinates":[[[6.34344,49.42856],[6.35218,49.42414],[6.35308,49.42003],[6.34661,49.41115],[6.32328,49.39733],[6.32209,49.39732],[6.31274,49.42028],[6.31825,49.42886],[6.34344,49.42856]]]}},{"type":"Feature","properties":{"id":"huttersdorf","also":[]},"geometry":{"type":"Polygon","coordinates":[[[6.85843,49.41985],[6.83345,49.405],[6.82789,49.40571],[6.80514,49.41536],[6.80318,49.4276],[6.85843,49.41985]]]}},{"type":"Feature","properties":{"id":"hutting","also":[]},"geometry":{"type":"Polygon","coordinates":[[[7.15284,49.02789],[7.15737,49.01243],[7.10966,49.01098],[7.10009,49.03031],[7.09898,49.03584],[7.15284,49.02789]]]}},{"type":"Feature","properties":{"id":"ibigny","also":[]},"geometry":{"type":"Polygon","coordinates":[[[6.89184,48.67042],[6.91791,48.64751],[6.88306,48.62538],[6.86773,48.67755],[6.89184,48.67042]]]}},{"type":"Feature","properties":{"id":"ihn","also":[]},"geometry":{"type":"Polygon","coordinates":[[[6.61239,49.33732],[6.62419,49.31954],[6.60071,49.31445],[6.58979,49.3197],[6.59454,49.33146],[6.61239,49.33732]]]}},{"type":"Feature","properties":{"id":"illange","also":["meilherg"]},"geometry":{"type":"Polygon","coordinates":[[[6.20873,49.31834],[6.11553,49.29399],[6.1025,49.30833],[6.09674,49.3255],[6.09677,49.33114],[6.17236,49.34298],[6.20978,49.32943],[6.20873,49.31834]]]}},{"type":"Feature","properties":{"id":"illingen","also":[]},"geometry":{"type":"Polygon","coordinates":[[[7.04241,49.41309],[7.09801,49.41391],[7.10715,49.39652],[7.0375,49.36561],[7.03501,49.37253],[7.04241,49.41309]]]}},{"type":"Feature","properties":{"id":"imling","also":[]},"geometry":{"type":"Polygon","coordinates":[[[7.01476,48.73969],[7.02175,48.74151],[7.0529,48.71502],[7.02279,48.70177],[7.00721,48.70977],[7.01476,48.73969]]]}},{"type":"Feature","properties":{"id":"imweiler","also":[]},"geometry":{"type":"Polygon","coordinates":[[[7.08383,49.51238],[7.07471,49.49144],[7.072,49.49169],[7.06229,49.52126],[7.08383,49.51238]]]}},{"type":"Feature","properties":{"id":"insming","also":[]},"geometry":{"type":"Polygon","coordinates":[[[6.8884,48.96692],[6.9015,48.95365],[6.89835,48.94095],[6.89008,48.9362],[6.86462,48.94452],[6.86309,48.95769],[6.8884,48.96692]]]}},{"type":"Feature","properties":{"id":"insviller","also":["rode-insviller"]},"geometry":{"type":"Polygon","coordinates":[[[6.92401,48.8984],[6.93726,48.88789],[6.90741,48.86593],[6.8812,48.87136],[6.88444,48.90429],[6.92401,48.8984]]]}},{"type":"Feature","properties":{"id":"ippling","also":[]},"geometry":{"type":"Polygon","coordinates":[[[6.99538,49.12144],[7.01362,49.12194],[7.02875,49.09727],[7.01825,49.09182],[6.9915,49.08979],[6.99405,49.11996],[6.99538,49.12144]]]}},{"type":"Feature","properties":{"id":"ising","also":[]},"geometry":{"type":"Polygon","coordinates":[[[6.41974,49.2836],[6.42676,49.27702],[6.41744,49.26821],[6.38387,49.28481],[6.41974,49.2836]]]}},{"type":"Feature","properties":{"id":"ittersdorf","also":[]},"geometry":{"type":"Polygon","coordinates":[[[6.64011,49.29136],[6.65217,49.30273],[6.67846,49.29323],[6.67549,49.28065],[6.65013,49.28433],[6.64011,49.29136]]]}},{"type":"Feature","properties":{"id":"itzbach","also":[]},"geometry":{"type":"Polygon","coordinates":[[[6.69112,49.35803],[6.69325,49.33862],[6.68851,49.33482],[6.65256,49.34643],[6.6695,49.36252],[6.69112,49.35803]]]}},{"type":"Feature","properties":{"id":"jabach","also":[]},"geometry":{"type":"Polygon","coordinates":[[[6.89947,49.41241],[6.91046,49.39776],[6.89222,49.38412],[6.87683,49.4119],[6.87775,49.4153],[6.89947,49.41241]]]}},{"type":"Feature","properties":{"id":"juvelize","also":[]},"geometry":{"type":"Polygon","coordinates":[[[6.67258,48.77328],[6.67452,48.76955],[6.65909,48.75018],[6.65041,48.74915],[6.62188,48.77131],[6.64148,48.78458],[6.67258,48.77328]]]}},{"type":"Feature","properties":{"id":"juville","also":[]},"geometry":{"type":"Polygon","coordinates":[[[6.37655,48.92765],[6.35228,48.91372],[6.26635,48.91981],[6.26506,48.93463],[6.27153,48.95169],[6.28252,48.96378],[6.3003,48.97469],[6.37997,48.95405],[6.37655,48.92765]]]}},{"type":"Feature","properties":{"id":"kaisen","also":[]},"geometry":{"type":"Polygon","coordinates":[[[7.03501,49.37253],[7.0375,49.36561],[7.03727,49.34485],[7.0286,49.34257],[6.99847,49.36008],[6.99778,49.37787],[7.03501,49.37253]]]}},{"type":"Feature","properties":{"id":"kaltweiler","also":[]},"geometry":{"type":"Polygon","coordinates":[[[6.41369,49.40048],[6.41165,49.39527],[6.37859,49.39887],[6.37789,49.40851],[6.39944,49.41636],[6.41369,49.40048]]]}},{"type":"Feature","properties":{"id":"kappelkinger","also":[]},"geometry":{"type":"Polygon","coordinates":[[[6.92272,48.97331],[6.91731,48.96006],[6.9015,48.95365],[6.8884,48.96692],[6.88559,48.97501],[6.92272,48.97331]]]}},{"type":"Feature","properties":{"id":"kastel","also":[]},"geometry":{"type":"Polygon","coordinates":[[[6.94968,49.57106],[6.96062,49.58636],[7.00316,49.58459],[6.98752,49.55487],[6.94867,49.54776],[6.94968,49.57106]]]}},{"type":"Feature","properties":{"id":"kedange","also":[]},"geometry":{"type":"Polygon","coordinates":[[[6.34907,49.32091],[6.36135,49.30585],[6.34912,49.30346],[6.32563,49.30107],[6.32083,49.30745],[6.34907,49.32091]]]}},{"type":"Feature","properties":{"id":"kemplich","also":[]},"geometry":{"type":"Polygon","coordinates":[[[6.39704,49.34207],[6.41337,49.33058],[6.40492,49.32052],[6.39258,49.31614],[6.37562,49.32878],[6.39704,49.34207]]]}},{"type":"Feature","properties":{"id":"kerbach","also":[]},"geometry":{"type":"Polygon","coordinates":[[[6.98052,49.17406],[6.98671,49.16693],[6.97155,49.15191],[6.94994,49.16005],[6.95311,49.1713],[6.98052,49.17406]]]}},{"type":"Feature","properties":{"id":"kerling","also":[]},"geometry":{"type":"Polygon","coordinates":[[[6.34661,49.41115],[6.36743,49.38871],[6.36472,49.3825],[6.35237,49.38184],[6.32328,49.39733],[6.34661,49.41115]]]}},{"type":"Feature","properties":{"id":"kerlingen","also":[]},"geometry":{"type":"Polygon","coordinates":[[[6.62928,49.31752],[6.64423,49.32552],[6.68561,49.32082],[6.65189,49.30874],[6.63086,49.31437],[6.62928,49.31752]]]}},{"type":"Feature","properties":{"id":"kerprich","also":[]},"geometry":{"type":"Polygon","coordinates":[[[6.68882,48.83698],[6.70792,48.81733],[6.69279,48.80551],[6.66366,48.82373],[6.66178,48.82775],[6.66489,48.83012],[6.68882,48.83698]]]}},{"type":"Feature","properties":{"id":"kerprich-aux-bois","also":[]},"geometry":{"type":"Polygon","coordinates":[[[6.98669,48.73879],[6.97052,48.72331],[6.95656,48.72293],[6.93121,48.75227],[6.93957,48.76379],[6.98669,48.73879]]]}},{"type":"Feature","properties":{"id":"kerprich-hemmersdorf","also":[]},"geometry":{"type":"Polygon","coordinates":[[[6.63414,49.36867],[6.64841,49.34655],[6.64326,49.34379],[6.61436,49.34077],[6.60903,49.34789],[6.63414,49.36867]]]}},{"type":"Feature","properties":{"id":"keskastel","also":[]},"geometry":{"type":"Polygon","coordinates":[[[7.03258,48.98283],[7.04547,48.98647],[7.07754,48.98761],[7.08752,48.9836],[7.09425,48.97468],[7.07721,48.96285],[7.03182,48.95724],[7.01796,48.96186],[7.03258,48.98283]]]}},{"type":"Feature","properties":{"id":"ketternostern","also":["blieshach","kriigelborn"]},"geometry":{"type":"Polygon","coordinates":[[[7.29597,49.54766],[7.27948,49.52372],[7.23732,49.5095],[7.2426,49.53597],[7.29597,49.54766]]]}},{"type":"Feature","properties":{"id":"keuchingen","also":[]},"geometry":{"type":"Polygon","coordinates":[[[6.62014,49.54541],[6.63165,49.54073],[6.58217,49.48615],[6.57065,49.49298],[6.5666,49.51652],[6.62014,49.54541]]]}},{"type":"Feature","properties":{"id":"kirberg","also":[]},"geometry":{"type":"Polygon","coordinates":[[[7.05755,48.84003],[7.08992,48.82247],[7.08523,48.81473],[7.04157,48.81812],[7.05171,48.84128],[7.05755,48.84003]]]}},{"type":"Feature","properties":{"id":"kirf","also":[]},"geometry":{"type":"Polygon","coordinates":[[[6.50941,49.60134],[6.51233,49.60058],[6.53089,49.59331],[6.54495,49.58396],[6.49911,49.52723],[6.49727,49.52644],[6.45324,49.53056],[6.48081,49.59469],[6.50941,49.60134]]]}},{"type":"Feature","properties":{"id":"kirsch-sierck","also":[]},"geometry":{"type":"Polygon","coordinates":[[[6.39216,49.45423],[6.42192,49.43795],[6.42437,49.43251],[6.40308,49.42677],[6.38586,49.4328],[6.38643,49.45034],[6.39216,49.45423]]]}},{"type":"Feature","properties":{"id":"kirschnaumen","also":["busenacker"]},"geometry":{"type":"Polygon","coordinates":[[[6.43522,49.40929],[6.4599,49.39022],[6.45794,49.386],[6.43537,49.38263],[6.4155,49.38472],[6.41165,49.39527],[6.41369,49.40048],[6.43522,49.40929]]]}},{"type":"Feature","properties":{"id":"kirviller","also":[]},"geometry":{"type":"Polygon","coordinates":[[[6.98766,48.9703],[6.98763,48.94117],[6.9749,48.94198],[6.95947,48.95761],[6.97286,48.96634],[6.98766,48.9703]]]}},{"type":"Feature","properties":{"id":"kitzing","also":[]},"geometry":{"type":"Polygon","coordinates":[[[6.42137,49.45452],[6.42335,49.45143],[6.42192,49.43795],[6.39216,49.45423],[6.39521,49.4602],[6.39931,49.46146],[6.42137,49.45452]]]}},{"type":"Feature","properties":{"id":"klang","also":[]},"geometry":{"type":"Polygon","coordinates":[[[6.39258,49.31614],[6.3846,49.30365],[6.37571,49.29897],[6.36135,49.30585],[6.34971,49.32079],[6.36785,49.33013],[6.37562,49.32878],[6.39258,49.31614]]]}},{"type":"Feature","properties":{"id":"kleinblittersdorf","also":[]},"geometry":{"type":"Polygon","coordinates":[[[7.03878,49.17995],[7.06264,49.15794],[7.03755,49.14677],[7.02696,49.17097],[7.03701,49.17976],[7.03878,49.17995]]]}},{"type":"Feature","properties":{"id":"kleind-hal","also":[]},"geometry":{"type":"Polygon","coordinates":[[[6.63649,49.14309],[6.67556,49.12943],[6.63473,49.10412],[6.62695,49.10332],[6.60903,49.116],[6.60904,49.1268],[6.63649,49.14309]]]}},{"type":"Feature","properties":{"id":"knorscheid","also":[]},"geometry":{"type":"Polygon","coordinates":[[[6.87683,49.4119],[6.89222,49.38412],[6.89154,49.38244],[6.86163,49.3786],[6.84906,49.39818],[6.87683,49.4119]]]}},{"type":"Feature","properties":{"id":"koenigsmacker","also":[]},"geometry":{"type":"Polygon","coordinates":[[[6.20779,49.42282],[6.24315,49.42026],[6.26931,49.41292],[6.30104,49.38485],[6.29805,49.37993],[6.24559,49.3742],[6.23384,49.37808],[6.20184,49.41578],[6.20779,49.42282]]]}},{"type":"Feature","properties":{"id":"kollig","also":[]},"geometry":{"type":"Polygon","coordinates":[[[6.52617,49.64025],[6.52576,49.62621],[6.51976,49.61267],[6.50941,49.60134],[6.4946,49.59866],[6.4059,49.64479],[6.52617,49.64025]]]}},{"type":"Feature","properties":{"id":"korprich","also":[]},"geometry":{"type":"Polygon","coordinates":[[[6.83345,49.405],[6.84906,49.39818],[6.86163,49.3786],[6.8475,49.369],[6.82503,49.38981],[6.82789,49.40571],[6.83345,49.405]]]}},{"type":"Feature","properties":{"id":"kostenbach","also":[]},"geometry":{"type":"Polygon","coordinates":[[[6.95306,49.59007],[6.96062,49.58636],[6.94968,49.57106],[6.9056,49.57096],[6.91876,49.59732],[6.95306,49.59007]]]}},{"type":"Feature","properties":{"id":"kuntzig","also":[]},"geometry":{"type":"Polygon","coordinates":[[[6.23384,49.37808],[6.24559,49.3742],[6.26704,49.34952],[6.2497,49.33614],[6.21746,49.3365],[6.21811,49.35728],[6.23384,49.37808]]]}},{"type":"Feature","properties":{"id":"kutzhof","also":[]},"geometry":{"type":"Polygon","coordinates":[[[6.99847,49.36008],[7.0286,49.34257],[6.97564,49.29334],[6.95063,49.29767],[6.93656,49.30287],[6.92615,49.30857],[6.96063,49.35683],[6.99847,49.36008]]]}},{"type":"Feature","properties":{"id":"l-hopital","also":[]},"geometry":{"type":"Polygon","coordinates":[[[6.75133,49.20085],[6.78407,49.19306],[6.78573,49.18909],[6.77522,49.15627],[6.75511,49.13944],[6.73694,49.12895],[6.733,49.12864],[6.69494,49.13597],[6.69401,49.15478],[6.71957,49.18494],[6.75133,49.20085]]]}},{"type":"Feature","properties":{"id":"l-renzen","also":[]},"geometry":{"type":"Polygon","coordinates":[[[7.19631,48.96346],[7.20193,48.95725],[7.16602,48.94013],[7.16217,48.96424],[7.16646,48.97115],[7.19631,48.96346]]]}},{"type":"Feature","properties":{"id":"labach","also":[]},"geometry":{"type":"Polygon","coordinates":[[[6.87307,49.64921],[6.87398,49.65976],[6.87806,49.67001],[6.88513,49.67954],[6.89494,49.68799],[6.9071,49.69504],[6.92114,49.70041],[6.93654,49.7039],[6.95268,49.70537],[6.96896,49.70477],[6.98475,49.70212],[6.99942,49.69752],[7.01243,49.69115],[7.02326,49.68325],[7.03151,49.67414],[7.03686,49.66415],[7.03914,49.65014],[7.03657,49.63816],[6.96813,49.62964],[6.88495,49.63434],[6.87544,49.63849],[6.87307,49.64921]]]}},{"type":"Feature","properties":{"id":"lachambre","also":[]},"geometry":{"type":"Polygon","coordinates":[[[6.77566,49.09052],[6.74386,49.07398],[6.72253,49.08635],[6.72313,49.0896],[6.77409,49.09195],[6.77566,49.09052]]]}},{"type":"Feature","properties":{"id":"lacroix","also":[]},"geometry":{"type":"Polygon","coordinates":[[[6.45394,49.3616],[6.47433,49.35535],[6.43796,49.34912],[6.43612,49.35344],[6.45394,49.3616]]]}},{"type":"Feature","properties":{"id":"lafrimbolle","also":[]},"geometry":{"type":"Polygon","coordinates":[[[7.01445,48.6163],[7.02972,48.61818],[7.03951,48.60548],[7.00992,48.56544],[6.98768,48.57976],[7.01445,48.6163]]]}},{"type":"Feature","properties":{"id":"lagarde","also":["xousse"]},"geometry":{"type":"Polygon","coordinates":[[[6.70586,48.70975],[6.74964,48.69373],[6.7207,48.63846],[6.69791,48.63762],[6.67222,48.64197],[6.65,48.65155],[6.63443,48.66444],[6.66737,48.70033],[6.70586,48.70975]]]}},{"type":"Feature","properties":{"id":"lambach","also":[]},"geometry":{"type":"Polygon","coordinates":[[[7.37248,49.04986],[7.38352,49.02345],[7.3639,49.01801],[7.33694,49.02952],[7.37248,49.04986]]]}},{"type":"Feature","properties":{"id":"landange","also":[]},"geometry":{"type":"Polygon","coordinates":[[[6.95479,48.67908],[6.97775,48.67108],[6.97706,48.66425],[6.94675,48.6613],[6.93679,48.67127],[6.94246,48.67691],[6.95479,48.67908]]]}},{"type":"Feature","properties":{"id":"landonvillers","also":[]},"geometry":{"type":"Polygon","coordinates":[[[6.42337,49.12774],[6.42308,49.12586],[6.35967,49.11513],[6.39795,49.14761],[6.42337,49.12774]]]}},{"type":"Feature","properties":{"id":"landroff","also":[]},"geometry":{"type":"Polygon","coordinates":[[[6.59482,48.97253],[6.62622,48.97839],[6.63528,48.97065],[6.62924,48.94987],[6.60826,48.95062],[6.59641,48.95643],[6.59482,48.97253]]]}},{"type":"Feature","properties":{"id":"landsweiler","also":[]},"geometry":{"type":"Polygon","coordinates":[[[6.9261,49.40235],[6.94857,49.39396],[6.95508,49.38388],[6.95135,49.37929],[6.90648,49.37233],[6.89154,49.38244],[6.91046,49.39776],[6.9261,49.40235]]]}},{"type":"Feature","properties":{"id":"laneuveville","also":[]},"geometry":{"type":"Polygon","coordinates":[[[6.98232,48.65885],[7.01392,48.66357],[7.03369,48.64956],[6.99932,48.64485],[6.98198,48.65201],[6.98232,48.65885]]]}},{"type":"Feature","properties":{"id":"langatte","also":[]},"geometry":{"type":"Polygon","coordinates":[[[6.95804,48.78284],[6.98475,48.77576],[6.996,48.74067],[6.98669,48.73879],[6.93957,48.76379],[6.94127,48.78371],[6.95804,48.78284]]]}},{"type":"Feature","properties":{"id":"languimberg","also":[]},"geometry":{"type":"Polygon","coordinates":[[[6.83164,48.75482],[6.8744,48.75759],[6.89392,48.7323],[6.88191,48.70958],[6.85241,48.69523],[6.83164,48.75482]]]}},{"type":"Feature","properties":{"id":"laning","also":[]},"geometry":{"type":"Polygon","coordinates":[[[6.76882,49.04289],[6.77246,49.04376],[6.78519,49.03137],[6.75228,49.01362],[6.7402,49.01081],[6.734,49.01419],[6.76882,49.04289]]]}},{"type":"Feature","properties":{"id":"laudrefang","also":[]},"geometry":{"type":"Polygon","coordinates":[[[6.63473,49.10412],[6.66701,49.08243],[6.66075,49.07358],[6.63363,49.06299],[6.61882,49.09499],[6.62695,49.10332],[6.63473,49.10412]]]}},{"type":"Feature","properties":{"id":"laumesfeld","also":[]},"geometry":{"type":"Polygon","coordinates":[[[6.43537,49.38263],[6.45794,49.386],[6.46369,49.38011],[6.45394,49.3616],[6.43585,49.35358],[6.43537,49.38263]]]}},{"type":"Feature","properties":{"id":"launstroff","also":[]},"geometry":{"type":"Polygon","coordinates":[[[6.50566,49.44604],[6.51018,49.43537],[6.49112,49.42531],[6.48115,49.42433],[6.4785,49.44055],[6.50566,49.44604]]]}},{"type":"Feature","properties":{"id":"lebach","also":[]},"geometry":{"type":"Polygon","coordinates":[[[6.91082,49.41723],[6.92611,49.41113],[6.9261,49.40235],[6.91046,49.39776],[6.89947,49.41241],[6.91082,49.41723]]]}},{"type":"Feature","properties":{"id":"leidingen","also":[]},"geometry":{"type":"Polygon","coordinates":[[[6.60071,49.31445],[6.62419,49.31954],[6.62928,49.31752],[6.63086,49.31437],[6.62736,49.30656],[6.60925,49.30062],[6.60035,49.30176],[6.60071,49.31445]]]}},{"type":"Feature","properties":{"id":"leitzweiler","also":[]},"geometry":{"type":"Polygon","coordinates":[[[7.22598,49.60935],[7.2763,49.5833],[7.18823,49.58276],[7.21205,49.60193],[7.22598,49.60935]]]}},{"type":"Feature","properties":{"id":"lelling","also":[]},"geometry":{"type":"Polygon","coordinates":[[[6.7105,49.06001],[6.72655,49.05467],[6.73145,49.04392],[6.72596,49.01715],[6.70863,49.01625],[6.68123,49.04344],[6.6888,49.05236],[6.7105,49.06001]]]}},{"type":"Feature","properties":{"id":"lemberg-bitche","also":[]},"geometry":{"type":"Polygon","coordinates":[[[7.38352,49.02345],[7.42818,49.01538],[7.40596,48.98499],[7.37859,48.98097],[7.34894,48.99002],[7.3639,49.01801],[7.38352,49.02345]]]}},{"type":"Feature","properties":{"id":"lemberg-pirmasens","also":[]},"geometry":{"type":"Polygon","coordinates":[[[7.73297,49.16777],[7.73268,49.16492],[7.72775,49.15121],[7.72023,49.14137],[7.6436,49.11704],[7.62898,49.12736],[7.63384,49.19133],[7.65294,49.20537],[7.73297,49.16777]]]}},{"type":"Feature","properties":{"id":"lemestroff","also":[]},"geometry":{"type":"Polygon","coordinates":[[[6.35237,49.38184],[6.36472,49.3825],[6.38009,49.37302],[6.37569,49.35711],[6.33862,49.35535],[6.33315,49.36723],[6.35237,49.38184]]]}},{"type":"Feature","properties":{"id":"lemoncourt","also":[]},"geometry":{"type":"Polygon","coordinates":[[[6.35645,48.86996],[6.37361,48.87665],[6.46111,48.87669],[6.44477,48.84915],[6.42984,48.83579],[6.40933,48.83398],[6.35519,48.8663],[6.35645,48.86996]]]}},{"type":"Feature","properties":{"id":"lengelsheim","also":[]},"geometry":{"type":"Polygon","coordinates":[[[7.40386,49.12517],[7.41757,49.12204],[7.42913,49.09324],[7.3958,49.09443],[7.38691,49.11697],[7.40386,49.12517]]]}},{"type":"Feature","properties":{"id":"lening","also":[]},"geometry":{"type":"Polygon","coordinates":[[[6.81896,48.97115],[6.83008,48.95957],[6.82872,48.9459],[6.80309,48.94173],[6.78815,48.95019],[6.81896,48.97115]]]}},{"type":"Feature","properties":{"id":"les-etangs","also":[]},"geometry":{"type":"Polygon","coordinates":[[[6.35376,49.17836],[6.39043,49.16756],[6.39289,49.16494],[6.39795,49.14761],[6.35967,49.11513],[6.32334,49.10322],[6.31062,49.11324],[6.30144,49.12596],[6.29803,49.1363],[6.29838,49.15038],[6.30229,49.16064],[6.31084,49.17193],[6.34007,49.17916],[6.35376,49.17836]]]}},{"type":"Feature","properties":{"id":"ley","also":[]},"geometry":{"type":"Polygon","coordinates":[[[6.65041,48.74915],[6.65909,48.75018],[6.67914,48.73731],[6.66293,48.71958],[6.63464,48.73296],[6.63362,48.73714],[6.65041,48.74915]]]}},{"type":"Feature","properties":{"id":"leyviller","also":[]},"geometry":{"type":"Polygon","coordinates":[[[6.86233,49.03847],[6.85611,49.01936],[6.83315,49.01655],[6.82191,49.04384],[6.86233,49.03847]]]}},{"type":"Feature","properties":{"id":"lezey","also":[]},"geometry":{"type":"Polygon","coordinates":[[[6.62188,48.77131],[6.65041,48.74915],[6.63362,48.73714],[6.60615,48.74665],[6.6048,48.76721],[6.62188,48.77131]]]}},{"type":"Feature","properties":{"id":"lidrequin","also":[]},"geometry":{"type":"Polygon","coordinates":[[[6.67443,48.8879],[6.68089,48.88005],[6.68203,48.86858],[6.66701,48.86492],[6.66001,48.86613],[6.64081,48.87796],[6.64558,48.88641],[6.67443,48.8879]]]}},{"type":"Feature","properties":{"id":"lidrezing","also":["dordhal"]},"geometry":{"type":"Polygon","coordinates":[[[6.70641,48.89543],[6.72905,48.89345],[6.73431,48.88667],[6.71048,48.86241],[6.68203,48.86858],[6.68089,48.88005],[6.70641,48.89543]]]}},{"type":"Feature","properties":{"id":"liederschiedt","also":[]},"geometry":{"type":"Polygon","coordinates":[[[7.48148,49.1319],[7.49437,49.13621],[7.51448,49.11406],[7.48444,49.10767],[7.48186,49.11023],[7.48148,49.1319]]]}},{"type":"Feature","properties":{"id":"limbach","also":[]},"geometry":{"type":"Polygon","coordinates":[[[6.86551,49.47201],[6.87932,49.50688],[6.8848,49.50719],[6.89607,49.49818],[6.92028,49.4635],[6.87415,49.46439],[6.86654,49.46879],[6.86551,49.47201]]]}},{"type":"Feature","properties":{"id":"linden","also":[]},"geometry":{"type":"Polygon","coordinates":[[[7.09559,49.51574],[7.12391,49.509],[7.09009,49.4935],[7.09559,49.51574]]]}},{"type":"Feature","properties":{"id":"lindre-haute-et-basse","also":[]},"geometry":{"type":"Polygon","coordinates":[[[6.77329,48.82864],[6.78301,48.80683],[6.77961,48.80213],[6.73675,48.79707],[6.73423,48.82182],[6.73715,48.82417],[6.77329,48.82864]]]}},{"type":"Feature","properties":{"id":"lindscheid","also":[]},"geometry":{"type":"Polygon","coordinates":[[[6.94032,49.49306],[6.93166,49.48346],[6.89607,49.49818],[6.88781,49.50533],[6.94032,49.49306]]]}},{"type":"Feature","properties":{"id":"lisdorf","also":[]},"geometry":{"type":"Polygon","coordinates":[[[6.7679,49.31321],[6.77145,49.31278],[6.74505,49.27766],[6.73468,49.28608],[6.72787,49.30247],[6.7679,49.31321]]]}},{"type":"Feature","properties":{"id":"lixheim","also":[]},"geometry":{"type":"Polygon","coordinates":[[[7.14383,48.78743],[7.15593,48.77938],[7.15582,48.7749],[7.13298,48.75786],[7.12788,48.76113],[7.14383,48.78743]]]}},{"type":"Feature","properties":{"id":"lixing-rouhling","also":[]},"geometry":{"type":"Polygon","coordinates":[[[6.98671,49.16693],[7.00981,49.16177],[7.01239,49.14837],[6.97986,49.14146],[6.97346,49.14483],[6.97155,49.15191],[6.98671,49.16693]]]}},{"type":"Feature","properties":{"id":"lixing-saint-avold","also":[]},"geometry":{"type":"Polygon","coordinates":[[[6.73145,49.04392],[6.76882,49.04289],[6.734,49.01419],[6.72596,49.01715],[6.73145,49.04392]]]}},{"type":"Feature","properties":{"id":"lohr-la-petite-pierre","also":[]},"geometry":{"type":"Polygon","coordinates":[[[7.27107,48.85204],[7.24856,48.84268],[7.21269,48.84744],[7.21145,48.84952],[7.21757,48.8631],[7.24282,48.87411],[7.27107,48.85204]]]}},{"type":"Feature","properties":{"id":"lohr-munster","also":[]},"geometry":{"type":"Polygon","coordinates":[[[6.87848,48.90787],[6.88444,48.90429],[6.8812,48.87136],[6.87548,48.87071],[6.86548,48.87305],[6.84729,48.8943],[6.87848,48.90787]]]}},{"type":"Feature","properties":{"id":"lorquin","also":[]},"geometry":{"type":"Polygon","coordinates":[[[6.98927,48.68298],[6.99686,48.68292],[7.01335,48.66863],[7.01392,48.66357],[6.98232,48.65885],[6.97706,48.66425],[6.97775,48.67108],[6.98927,48.68298]]]}},{"type":"Feature","properties":{"id":"lostroff","also":[]},"geometry":{"type":"Polygon","coordinates":[[[6.86548,48.87305],[6.87548,48.87071],[6.85834,48.84271],[6.83767,48.85883],[6.8387,48.86697],[6.86548,48.87305]]]}},{"type":"Feature","properties":{"id":"loudrefing","also":[]},"geometry":{"type":"Polygon","coordinates":[[[6.87548,48.87071],[6.8812,48.87136],[6.90741,48.86593],[6.91777,48.83492],[6.86866,48.83447],[6.85834,48.84271],[6.87548,48.87071]]]}},{"type":"Feature","properties":{"id":"loupershouse","also":["johannesviller"]},"geometry":{"type":"Polygon","coordinates":[[[6.93508,49.09146],[6.9258,49.07321],[6.89819,49.08331],[6.91953,49.09796],[6.93508,49.09146]]]}},{"type":"Feature","properties":{"id":"loutremange","also":[]},"geometry":{"type":"Polygon","coordinates":[[[6.44153,49.16137],[6.46075,49.16018],[6.45964,49.14643],[6.43996,49.1409],[6.43711,49.14049],[6.4306,49.1526],[6.44153,49.16137]]]}},{"type":"Feature","properties":{"id":"loutzviller","also":[]},"geometry":{"type":"Polygon","coordinates":[[[7.40613,49.14711],[7.40122,49.13944],[7.35501,49.1408],[7.35277,49.1418],[7.34567,49.15774],[7.35042,49.16347],[7.40613,49.14711]]]}},{"type":"Feature","properties":{"id":"luttange","also":["kirsch-luttange"]},"geometry":{"type":"Polygon","coordinates":[[[6.32444,49.28473],[6.33697,49.27817],[6.32655,49.26125],[6.31031,49.25668],[6.27116,49.26922],[6.274,49.28235],[6.32444,49.28473]]]}},{"type":"Feature","properties":{"id":"lutzelbourg","also":[]},"geometry":{"type":"Polygon","coordinates":[[[7.25845,48.75078],[7.32172,48.74503],[7.24169,48.72296],[7.23157,48.72644],[7.23143,48.72906],[7.25845,48.75078]]]}},{"type":"Feature","properties":{"id":"lutzelhardt","also":[]},"geometry":{"type":"Polygon","coordinates":[[[7.63671,49.09353],[7.68401,49.06638],[7.67421,49.04474],[7.65698,49.01958],[7.61724,49.04211],[7.63671,49.09353]]]}},{"type":"Feature","properties":{"id":"macheren","also":[]},"geometry":{"type":"Polygon","coordinates":[[[6.72588,49.10348],[6.77373,49.09318],[6.77409,49.09195],[6.72313,49.0896],[6.72212,49.09089],[6.72588,49.10348]]]}},{"type":"Feature","properties":{"id":"macker","also":[]},"geometry":{"type":"Polygon","coordinates":[[[6.50391,49.16915],[6.49329,49.15116],[6.46455,49.16302],[6.46991,49.17478],[6.47234,49.1757],[6.50391,49.16915]]]}},{"type":"Feature","properties":{"id":"mailing","also":[]},"geometry":{"type":"Polygon","coordinates":[[[6.31274,49.42028],[6.28717,49.4127],[6.26931,49.41292],[6.24315,49.42026],[6.30699,49.43627],[6.31825,49.42886],[6.31274,49.42028]]]}},{"type":"Feature","properties":{"id":"mainvillers","also":[]},"geometry":{"type":"Polygon","coordinates":[[[6.52354,49.04128],[6.56398,49.039],[6.57841,49.02255],[6.55852,49.00596],[6.54632,49.00383],[6.52009,49.01806],[6.51786,49.03882],[6.52354,49.04128]]]}},{"type":"Feature","properties":{"id":"maizieres","also":[]},"geometry":{"type":"Polygon","coordinates":[[[6.7703,48.74791],[6.8294,48.70007],[6.75087,48.69436],[6.75294,48.74299],[6.76532,48.74878],[6.7703,48.74791]]]}},{"type":"Feature","properties":{"id":"malaucourt","also":[]},"geometry":{"type":"Polygon","coordinates":[[[6.40933,48.83398],[6.37678,48.81785],[6.33776,48.83981],[6.35581,48.86507],[6.40933,48.83398]]]}},{"type":"Feature","properties":{"id":"mancy","also":[]},"geometry":{"type":"Polygon","coordinates":[[[6.27116,49.26922],[6.31031,49.25668],[6.31012,49.24555],[6.27278,49.23691],[6.26529,49.25162],[6.27116,49.26922]]]}},{"type":"Feature","properties":{"id":"manderen","also":[]},"geometry":{"type":"Polygon","coordinates":[[[6.42335,49.45143],[6.4416,49.45502],[6.44706,49.44187],[6.43261,49.43081],[6.42437,49.43251],[6.42192,49.43795],[6.42335,49.45143]]]}},{"type":"Feature","properties":{"id":"manhoue","also":[]},"geometry":{"type":"Polygon","coordinates":[[[6.37678,48.81785],[6.37046,48.81077],[6.29907,48.77882],[6.28432,48.78581],[6.27052,48.79654],[6.2614,48.80927],[6.25775,48.82153],[6.33776,48.83981],[6.37678,48.81785]]]}},{"type":"Feature","properties":{"id":"many","also":[]},"geometry":{"type":"Polygon","coordinates":[[[6.52009,49.01806],[6.54632,49.00383],[6.53245,48.98864],[6.50128,48.98352],[6.48946,48.99612],[6.52009,49.01806]]]}},{"type":"Feature","properties":{"id":"maquenom","also":[]},"geometry":{"type":"Polygon","coordinates":[[[6.1816,49.41588],[6.20184,49.41578],[6.23384,49.37808],[6.21811,49.35728],[6.20456,49.35585],[6.1779,49.36448],[6.15749,49.41152],[6.1816,49.41588]]]}},{"type":"Feature","properties":{"id":"marange","also":["zondrange"]},"geometry":{"type":"Polygon","coordinates":[[[6.53156,49.12817],[6.55878,49.12463],[6.56236,49.11893],[6.53936,49.09991],[6.5267,49.09819],[6.50947,49.11147],[6.53156,49.12817]]]}},{"type":"Feature","properties":{"id":"marienthal","also":[]},"geometry":{"type":"Polygon","coordinates":[[[6.81856,49.102],[6.83185,49.0987],[6.83838,49.08478],[6.83431,49.08107],[6.80636,49.07137],[6.78577,49.08048],[6.78204,49.08701],[6.81856,49.102]]]}},{"type":"Feature","properties":{"id":"marimont","also":[]},"geometry":{"type":"Polygon","coordinates":[[[6.79185,48.90076],[6.81064,48.88618],[6.78021,48.87418],[6.75631,48.88654],[6.7782,48.90144],[6.79185,48.90076]]]}},{"type":"Feature","properties":{"id":"marmoutier","also":[]},"geometry":{"type":"Polygon","coordinates":[[[7.33845,48.73595],[7.35223,48.74045],[7.36766,48.74322],[7.38361,48.74394],[7.39947,48.74259],[7.41462,48.73922],[7.42847,48.73395],[7.4405,48.72699],[7.45025,48.71861],[7.45733,48.70913],[7.46148,48.69891],[7.46254,48.68836],[7.46047,48.67786],[7.45536,48.66784],[7.44739,48.65867],[7.43688,48.6507],[7.42423,48.64424],[7.40993,48.63954],[7.39453,48.63678],[7.37954,48.63605],[7.30863,48.68262],[7.33845,48.73595]]]}},{"type":"Feature","properties":{"id":"marpingen","also":[]},"geometry":{"type":"Polygon","coordinates":[[[7.0301,49.46419],[7.0434,49.46702],[7.09089,49.44974],[7.11313,49.43007],[7.09801,49.41391],[7.04241,49.41309],[7.0239,49.41648],[7.01139,49.42532],[7.00953,49.43442],[7.0301,49.46419]]]}},{"type":"Feature","properties":{"id":"marsal","also":[]},"geometry":{"type":"Polygon","coordinates":[[[6.62623,48.79796],[6.63782,48.79207],[6.64148,48.78458],[6.62188,48.77131],[6.6048,48.76721],[6.59285,48.77087],[6.58199,48.78956],[6.62623,48.79796]]]}},{"type":"Feature","properties":{"id":"marthille","also":[]},"geometry":{"type":"Polygon","coordinates":[[[6.54974,48.94686],[6.58321,48.92819],[6.57244,48.91429],[6.55966,48.91001],[6.52972,48.92965],[6.52653,48.94031],[6.53282,48.9452],[6.54974,48.94686]]]}},{"type":"Feature","properties":{"id":"maxstadt","also":[]},"geometry":{"type":"Polygon","coordinates":[[[6.81279,49.05637],[6.81527,49.05454],[6.81849,49.04525],[6.7962,49.02906],[6.78519,49.03137],[6.77246,49.04376],[6.77383,49.04827],[6.81279,49.05637]]]}},{"type":"Feature","properties":{"id":"mechern","also":[]},"geometry":{"type":"Polygon","coordinates":[[[6.62839,49.4322],[6.64071,49.43037],[6.63966,49.41362],[6.62134,49.40419],[6.61698,49.40496],[6.61186,49.42778],[6.62839,49.4322]]]}},{"type":"Feature","properties":{"id":"megange","also":[]},"geometry":{"type":"Polygon","coordinates":[[[6.42478,49.22241],[6.45122,49.22437],[6.45384,49.21814],[6.43045,49.20547],[6.4189,49.2133],[6.42478,49.22241]]]}},{"type":"Feature","properties":{"id":"meinsberg","also":[]},"geometry":{"type":"Polygon","coordinates":[[[6.43329,49.46885],[6.44757,49.46438],[6.4416,49.45502],[6.42335,49.45143],[6.42137,49.45452],[6.43329,49.46885]]]}},{"type":"Feature","properties":{"id":"meisenthal","also":[]},"geometry":{"type":"Polygon","coordinates":[[[7.34652,48.98972],[7.34894,48.99002],[7.37859,48.98097],[7.36823,48.94581],[7.32873,48.95209],[7.31485,48.96946],[7.34652,48.98972]]]}},{"type":"Feature","properties":{"id":"menningen","also":[]},"geometry":{"type":"Polygon","coordinates":[[[6.67852,49.42399],[6.69397,49.42179],[6.69664,49.41074],[6.68817,49.40306],[6.65999,49.39919],[6.65836,49.40739],[6.67852,49.42399]]]}},{"type":"Feature","properties":{"id":"menskirch","also":[]},"geometry":{"type":"Polygon","coordinates":[[[6.43588,49.33427],[6.44139,49.31195],[6.42907,49.30676],[6.40492,49.32052],[6.41337,49.33058],[6.43588,49.33427]]]}},{"type":"Feature","properties":{"id":"merchingen","also":[]},"geometry":{"type":"Polygon","coordinates":[[[6.70255,49.45575],[6.70994,49.44083],[6.6998,49.42564],[6.69397,49.42179],[6.67852,49.42399],[6.65871,49.43478],[6.66023,49.46791],[6.70255,49.45575]]]}},{"type":"Feature","properties":{"id":"merlebach","also":[]},"geometry":{"type":"Polygon","coordinates":[[[6.80383,49.17984],[6.82138,49.13734],[6.80357,49.13682],[6.77522,49.15627],[6.78573,49.18909],[6.80383,49.17984]]]}},{"type":"Feature","properties":{"id":"merschweiller","also":[]},"geometry":{"type":"Polygon","coordinates":[[[6.43329,49.46885],[6.42137,49.45452],[6.39931,49.46146],[6.4199,49.48022],[6.43329,49.46885]]]}},{"type":"Feature","properties":{"id":"merten","also":["bibling"]},"geometry":{"type":"Polygon","coordinates":[[[6.64753,49.25655],[6.66986,49.26471],[6.6862,49.252],[6.69365,49.22712],[6.676,49.22457],[6.63929,49.24314],[6.63806,49.24673],[6.64753,49.25655]]]}},{"type":"Feature","properties":{"id":"merzig","also":[]},"geometry":{"type":"Polygon","coordinates":[[[6.65871,49.43478],[6.64071,49.43037],[6.62839,49.4322],[6.62625,49.44998],[6.63256,49.46151],[6.65654,49.47099],[6.66023,49.46791],[6.65871,49.43478]]]}},{"type":"Feature","properties":{"id":"metrich","also":[]},"geometry":{"type":"Polygon","coordinates":[[[6.30104,49.38485],[6.26931,49.41292],[6.28717,49.4127],[6.32067,49.39687],[6.30104,49.38485]]]}},{"type":"Feature","properties":{"id":"metting","also":[]},"geometry":{"type":"Polygon","coordinates":[[[7.19642,48.8271],[7.20588,48.83184],[7.22453,48.82099],[7.21752,48.80382],[7.20322,48.79851],[7.19071,48.80312],[7.18745,48.81092],[7.19642,48.8271]]]}},{"type":"Feature","properties":{"id":"mettlach","also":[]},"geometry":{"type":"Polygon","coordinates":[[[6.59432,49.48022],[6.58439,49.4816],[6.58217,49.48615],[6.63165,49.54073],[6.64898,49.53382],[6.66432,49.52333],[6.65489,49.49617],[6.59432,49.48022]]]}},{"type":"Feature","properties":{"id":"mettnich","also":[]},"geometry":{"type":"Polygon","coordinates":[[[6.94867,49.54776],[6.98752,49.55487],[7.00769,49.53517],[7.00719,49.52119],[6.98014,49.5069],[6.93938,49.52681],[6.94867,49.54776]]]}},{"type":"Feature","properties":{"id":"metz","also":[]},"geometry":{"type":"Polygon","coordinates":[[[6.23019,49.07867],[6.21696,49.07263],[6.2022,49.0684],[6.18648,49.06614],[6.17038,49.06593],[6.15454,49.06779],[6.13956,49.07165],[6.12601,49.07735],[6.11441,49.08468],[6.10521,49.09335],[6.09876,49.10304],[6.09532,49.11337],[6.095,49.12395],[6.09784,49.13436],[6.10372,49.14421],[6.11242,49.15312],[6.1236,49.16075],[6.13684,49.1668],[6.15162,49.17104],[6.16738,49.1733],[6.18351,49.17351],[6.19938,49.17164],[6.21439,49.16778],[6.22796,49.16207],[6.23956,49.15473],[6.24874,49.14604],[6.25517,49.13634],[6.25858,49.12601],[6.25886,49.11543],[6.25599,49.10503],[6.25008,49.09518],[6.24137,49.08628],[6.23019,49.07867]]]}},{"type":"Feature","properties":{"id":"metzeresche","also":[]},"geometry":{"type":"Polygon","coordinates":[[[6.3079,49.31268],[6.32083,49.30745],[6.32563,49.30107],[6.32444,49.28473],[6.274,49.28235],[6.27165,49.28598],[6.27796,49.29587],[6.3079,49.31268]]]}},{"type":"Feature","properties":{"id":"metzervisse","also":[]},"geometry":{"type":"Polygon","coordinates":[[[6.29393,49.33201],[6.30571,49.32232],[6.3079,49.31268],[6.27796,49.29587],[6.27018,49.32054],[6.29393,49.33201]]]}},{"type":"Feature","properties":{"id":"metzing-elvange","also":[]},"geometry":{"type":"Polygon","coordinates":[[[6.97027,49.10164],[6.97204,49.08724],[6.96634,49.08683],[6.94324,49.09172],[6.95012,49.1097],[6.97027,49.10164]]]}},{"type":"Feature","properties":{"id":"metzing-forbach","also":[]},"geometry":{"type":"Polygon","coordinates":[[[6.97028,49.11088],[6.97027,49.10164],[6.95012,49.1097],[6.95173,49.11748],[6.97028,49.11088]]]}},{"type":"Feature","properties":{"id":"michelbach","also":[]},"geometry":{"type":"Polygon","coordinates":[[[6.8083,49.48065],[6.86551,49.47201],[6.86654,49.46879],[6.85012,49.45943],[6.81266,49.45057],[6.80067,49.47176],[6.8083,49.48065]]]}},{"type":"Feature","properties":{"id":"mittelbronn","also":[]},"geometry":{"type":"Polygon","coordinates":[[[7.23373,48.78284],[7.24271,48.77567],[7.24003,48.75821],[7.2101,48.75306],[7.20607,48.75373],[7.2077,48.77138],[7.23056,48.7829],[7.23373,48.78284]]]}},{"type":"Feature","properties":{"id":"mittersheim","also":[]},"geometry":{"type":"Polygon","coordinates":[[[6.90741,48.86593],[6.93726,48.88789],[6.9858,48.88692],[6.98653,48.86572],[6.97413,48.83876],[6.96227,48.83141],[6.94258,48.82392],[6.92455,48.83074],[6.91777,48.83492],[6.90741,48.86593]]]}},{"type":"Feature","properties":{"id":"momberg","also":[]},"geometry":{"type":"Polygon","coordinates":[[[7.072,49.49169],[7.05977,49.4896],[7.04723,49.4943],[7.02926,49.51831],[7.05918,49.52541],[7.06229,49.52126],[7.072,49.49169]]]}},{"type":"Feature","properties":{"id":"momerstroff","also":[]},"geometry":{"type":"Polygon","coordinates":[[[6.54777,49.1787],[6.55363,49.15607],[6.53075,49.15018],[6.51112,49.17106],[6.52007,49.1788],[6.54777,49.1787]]]}},{"type":"Feature","properties":{"id":"monclair","also":[]},"geometry":{"type":"Polygon","coordinates":[[[6.5666,49.51652],[6.57065,49.49298],[6.55274,49.4878],[6.53871,49.49715],[6.55062,49.51315],[6.5666,49.51652]]]}},{"type":"Feature","properties":{"id":"moncourt","also":[]},"geometry":{"type":"Polygon","coordinates":[[[6.63464,48.73296],[6.66293,48.71958],[6.66737,48.70033],[6.63443,48.66444],[6.62051,48.66562],[6.60859,48.66802],[6.61014,48.71102],[6.63464,48.73296]]]}},{"type":"Feature","properties":{"id":"mondorf","also":[]},"geometry":{"type":"Polygon","coordinates":[[[6.59015,49.43034],[6.60296,49.43086],[6.61186,49.42778],[6.61698,49.40496],[6.59482,49.39922],[6.57984,49.41035],[6.59015,49.43034]]]}},{"type":"Feature","properties":{"id":"monneren","also":[]},"geometry":{"type":"Polygon","coordinates":[[[6.41963,49.35703],[6.43585,49.35358],[6.44091,49.34213],[6.4401,49.3373],[6.43588,49.33427],[6.41337,49.33058],[6.39704,49.34207],[6.39514,49.34732],[6.41963,49.35703]]]}},{"type":"Feature","properties":{"id":"montbronn","also":[]},"geometry":{"type":"Polygon","coordinates":[[[7.26175,49.00465],[7.28853,49.02012],[7.29498,49.02257],[7.34652,48.98972],[7.31485,48.96946],[7.27667,48.97343],[7.26589,48.98194],[7.26267,48.98727],[7.26175,49.00465]]]}},{"type":"Feature","properties":{"id":"montdidier","also":[]},"geometry":{"type":"Polygon","coordinates":[[[6.80309,48.94173],[6.82872,48.9459],[6.83479,48.94226],[6.8382,48.92317],[6.82709,48.91542],[6.80575,48.91788],[6.79569,48.92618],[6.80309,48.94173]]]}},{"type":"Feature","properties":{"id":"montenach","also":[]},"geometry":{"type":"Polygon","coordinates":[[[6.36832,49.43018],[6.38586,49.4328],[6.40308,49.42677],[6.39944,49.41636],[6.37789,49.40851],[6.35308,49.42003],[6.35218,49.42414],[6.36832,49.43018]]]}},{"type":"Feature","properties":{"id":"montrequienne","also":[]},"geometry":{"type":"Polygon","coordinates":[[[6.27013,49.26829],[6.26529,49.25162],[6.16343,49.22975],[6.21372,49.26512],[6.27013,49.26829]]]}},{"type":"Feature","properties":{"id":"morhange","also":["kraftal"]},"geometry":{"type":"Polygon","coordinates":[[[6.62081,48.92713],[6.63617,48.94478],[6.65548,48.94044],[6.65388,48.90985],[6.64539,48.90671],[6.62934,48.91441],[6.62081,48.92713]]]}},{"type":"Feature","properties":{"id":"morlange","also":[]},"geometry":{"type":"Polygon","coordinates":[[[6.45398,49.1176],[6.48677,49.12867],[6.49671,49.11546],[6.45783,49.10913],[6.45068,49.11504],[6.45398,49.1176]]]}},{"type":"Feature","properties":{"id":"morsbach","also":[]},"geometry":{"type":"Polygon","coordinates":[[[6.85441,49.16941],[6.87917,49.18121],[6.8915,49.17388],[6.89515,49.16353],[6.87371,49.15248],[6.86979,49.15351],[6.85441,49.16941]]]}},{"type":"Feature","properties":{"id":"morsbronn","also":[]},"geometry":{"type":"Polygon","coordinates":[[[6.92282,49.01128],[6.94147,49.00737],[6.94325,48.99668],[6.92556,48.99031],[6.92229,48.98986],[6.90203,48.99522],[6.92282,49.01128]]]}},{"type":"Feature","properties":{"id":"morville","also":[]},"geometry":{"type":"Polygon","coordinates":[[[6.53392,48.83461],[6.55331,48.8335],[6.57964,48.81389],[6.57059,48.7991],[6.55281,48.79584],[6.52254,48.80187],[6.52122,48.80308],[6.53392,48.83461]]]}},{"type":"Feature","properties":{"id":"moussey","also":[]},"geometry":{"type":"Polygon","coordinates":[[[6.8294,48.70007],[6.85126,48.69577],[6.85339,48.68936],[6.72989,48.63243],[6.7207,48.63846],[6.75087,48.69436],[6.8294,48.70007]]]}},{"type":"Feature","properties":{"id":"mouterhouse","also":[]},"geometry":{"type":"Polygon","coordinates":[[[7.43893,49.01796],[7.46376,49.00386],[7.47568,48.96104],[7.43756,48.95476],[7.40596,48.98499],[7.42818,49.01538],[7.43893,49.01796]]]}},{"type":"Feature","properties":{"id":"moyenvic","also":["salival"]},"geometry":{"type":"Polygon","coordinates":[[[6.58199,48.78956],[6.59285,48.77087],[6.53655,48.75218],[6.55281,48.79584],[6.57059,48.7991],[6.58199,48.78956]]]}},{"type":"Feature","properties":{"id":"mulcey","also":[]},"geometry":{"type":"Polygon","coordinates":[[[6.66366,48.82373],[6.69056,48.80627],[6.6422,48.78446],[6.63782,48.79207],[6.66366,48.82373]]]}},{"type":"Feature","properties":{"id":"munchweiler","also":[]},"geometry":{"type":"Polygon","coordinates":[[[7.72276,49.27035],[7.73214,49.26845],[7.74662,49.26375],[7.75941,49.25729],[7.77003,49.24932],[7.77806,49.24015],[7.7832,49.23012],[7.78526,49.21963],[7.78415,49.20908],[7.77993,49.19887],[7.77275,49.18939],[7.76289,49.18102],[7.75073,49.17406],[7.73297,49.16777],[7.65294,49.20537],[7.64098,49.23483],[7.72276,49.27035]]]}},{"type":"Feature","properties":{"id":"munster","also":[]},"geometry":{"type":"Polygon","coordinates":[[[6.87616,48.91775],[6.88955,48.93472],[6.92482,48.9103],[6.92401,48.8984],[6.88444,48.90429],[6.87848,48.90787],[6.87616,48.91775]]]}},{"type":"Feature","properties":{"id":"nalbach","also":[]},"geometry":{"type":"Polygon","coordinates":[[[6.74578,49.3916],[6.7848,49.40075],[6.80306,49.37156],[6.7756,49.36283],[6.74697,49.37505],[6.74043,49.38192],[6.74224,49.38862],[6.74578,49.3916]]]}},{"type":"Feature","properties":{"id":"namborn","also":[]},"geometry":{"type":"Polygon","coordinates":[[[7.1384,49.55455],[7.17217,49.55366],[7.16598,49.53809],[7.13144,49.5062],[7.12352,49.50946],[7.1191,49.54649],[7.1384,49.55455]]]}},{"type":"Feature","properties":{"id":"narbefontaine","also":[]},"geometry":{"type":"Polygon","coordinates":[[[6.55363,49.15607],[6.56249,49.15277],[6.57121,49.13784],[6.55878,49.12463],[6.53156,49.12817],[6.52295,49.14058],[6.53075,49.15018],[6.55363,49.15607]]]}},{"type":"Feature","properties":{"id":"nebing","also":[]},"geometry":{"type":"Polygon","coordinates":[[[6.80575,48.91788],[6.82709,48.91542],[6.83336,48.89556],[6.81537,48.88566],[6.81064,48.88618],[6.79185,48.90076],[6.80575,48.91788]]]}},{"type":"Feature","properties":{"id":"neipel","also":[]},"geometry":{"type":"Polygon","coordinates":[[[6.89607,49.49818],[6.93166,49.48346],[6.93537,49.46867],[6.92609,49.46165],[6.92028,49.4635],[6.89607,49.49818]]]}},{"type":"Feature","properties":{"id":"nelling","also":["rohrbach-la-petite"]},"geometry":{"type":"Polygon","coordinates":[[[6.88327,48.9786],[6.8884,48.96692],[6.86309,48.95769],[6.85239,48.96458],[6.86113,48.97636],[6.88327,48.9786]]]}},{"type":"Feature","properties":{"id":"nennig","also":[]},"geometry":{"type":"Polygon","coordinates":[[[6.38056,49.53404],[6.41898,49.52516],[6.36015,49.50406],[6.33941,49.50299],[6.31588,49.51464],[6.38056,49.53404]]]}},{"type":"Feature","properties":{"id":"neudorf","also":[]},"geometry":{"type":"Polygon","coordinates":[[[6.46138,49.33106],[6.4782,49.30499],[6.44139,49.31195],[6.43588,49.33427],[6.4401,49.3373],[6.46138,49.33106]]]}},{"type":"Feature","properties":{"id":"neufgrange","also":[]},"geometry":{"type":"Polygon","coordinates":[[[7.06682,49.09374],[7.09035,49.07689],[7.0652,49.05784],[7.05038,49.07032],[7.0551,49.09365],[7.06682,49.09374]]]}},{"type":"Feature","properties":{"id":"neufmoulins","also":[]},"geometry":{"type":"Polygon","coordinates":[[[6.98327,48.68824],[6.98927,48.68298],[6.97775,48.67108],[6.95479,48.67908],[6.9624,48.68783],[6.98327,48.68824]]]}},{"type":"Feature","properties":{"id":"neufvillage","also":[]},"geometry":{"type":"Polygon","coordinates":[[[6.78213,48.9519],[6.78815,48.95019],[6.80309,48.94173],[6.79569,48.92618],[6.76223,48.92295],[6.75506,48.92499],[6.7661,48.94165],[6.78213,48.9519]]]}},{"type":"Feature","properties":{"id":"neunhofen","also":[]},"geometry":{"type":"Polygon","coordinates":[[[7.5816,49.02989],[7.61724,49.04211],[7.65698,49.01958],[7.67537,48.99093],[7.62053,48.98159],[7.59962,48.99531],[7.5816,49.02989]]]}},{"type":"Feature","properties":{"id":"neunkirch","also":[]},"geometry":{"type":"Polygon","coordinates":[[[7.07442,49.1331],[7.09173,49.13489],[7.10501,49.10647],[7.0878,49.10573],[7.06832,49.1254],[7.06772,49.12844],[7.07442,49.1331]]]}},{"type":"Feature","properties":{"id":"neunkirchen-bouzonville","also":[]},"geometry":{"type":"Polygon","coordinates":[[[6.57775,49.35409],[6.54612,49.34088],[6.55001,49.36595],[6.55477,49.36831],[6.57775,49.35409]]]}},{"type":"Feature","properties":{"id":"neunkirchen-turkismiihle","also":[]},"geometry":{"type":"Polygon","coordinates":[[[7.09778,49.54422],[7.08676,49.53696],[7.06476,49.5306],[7.03855,49.55249],[7.04667,49.58022],[7.09778,49.54422]]]}},{"type":"Feature","properties":{"id":"neuviller","also":[]},"geometry":{"type":"Polygon","coordinates":[[[7.44098,48.83988],[7.4448,48.7775],[7.42999,48.7726],[7.41455,48.76984],[7.39859,48.76912],[7.37756,48.77137],[7.36803,48.77371],[7.41335,48.84976],[7.44098,48.83988]]]}},{"type":"Feature","properties":{"id":"nidange","also":[]},"geometry":{"type":"Polygon","coordinates":[[[6.38645,49.22793],[6.40618,49.21365],[6.39053,49.19538],[6.35376,49.17836],[6.34007,49.17916],[6.35928,49.21393],[6.38645,49.22793]]]}},{"type":"Feature","properties":{"id":"niderhoff","also":[]},"geometry":{"type":"Polygon","coordinates":[[[6.99932,48.64485],[7.03369,48.64956],[7.04242,48.64694],[7.04792,48.63517],[7.02972,48.61818],[7.01445,48.6163],[6.99383,48.62216],[6.99932,48.64485]]]}},{"type":"Feature","properties":{"id":"niderviller","also":[]},"geometry":{"type":"Polygon","coordinates":[[[7.11636,48.7322],[7.13581,48.71993],[7.13274,48.69987],[7.08503,48.70865],[7.1115,48.73214],[7.11636,48.7322]]]}},{"type":"Feature","properties":{"id":"niedaltdorf","also":[]},"geometry":{"type":"Polygon","coordinates":[[[6.59027,49.35708],[6.60903,49.34789],[6.61436,49.34077],[6.61239,49.33732],[6.59454,49.33146],[6.58699,49.33409],[6.58063,49.33735],[6.5768,49.35297],[6.57775,49.35409],[6.59027,49.35708]]]}},{"type":"Feature","properties":{"id":"niederbronn","also":["offviller","uhrviller"]},"geometry":{"type":"Polygon","coordinates":[[[7.67537,48.99093],[7.70393,48.98041],[7.69142,48.93078],[7.6324,48.89659],[7.61002,48.90086],[7.59189,48.9083],[7.5773,48.91858],[7.56823,48.9294],[7.62053,48.98159],[7.67537,48.99093]]]}},{"type":"Feature","properties":{"id":"niedergailbach","also":[]},"geometry":{"type":"Polygon","coordinates":[[[7.2302,49.13827],[7.23887,49.13356],[7.19838,49.12192],[7.19027,49.127],[7.19543,49.14151],[7.2302,49.13827]]]}},{"type":"Feature","properties":{"id":"niederhofen","also":[]},"geometry":{"type":"Polygon","coordinates":[[[6.93938,49.52681],[6.98014,49.5069],[6.98003,49.50382],[6.94032,49.49306],[6.88781,49.50533],[6.8848,49.50719],[6.91719,49.52229],[6.93938,49.52681]]]}},{"type":"Feature","properties":{"id":"niederlostern","also":[]},"geometry":{"type":"Polygon","coordinates":[[[6.89176,49.56393],[6.94023,49.5296],[6.93938,49.52681],[6.91719,49.52229],[6.88507,49.56218],[6.89176,49.56393]]]}},{"type":"Feature","properties":{"id":"niedersaubach","also":[]},"geometry":{"type":"Polygon","coordinates":[[[6.93989,49.42282],[6.92611,49.41113],[6.91082,49.41723],[6.90907,49.42848],[6.92812,49.43419],[6.93989,49.42282]]]}},{"type":"Feature","properties":{"id":"niedersteinhach","also":[]},"geometry":{"type":"Polygon","coordinates":[[[7.6993,49.03232],[7.72433,49.05889],[7.78112,49.05904],[7.78677,49.05216],[7.79189,49.04214],[7.79355,49.02459],[7.78655,49.00762],[7.77847,48.99848],[7.76823,48.9908],[7.70393,48.98041],[7.67537,48.99093],[7.6993,49.03232]]]}},{"type":"Feature","properties":{"id":"niederstinzel","also":["gueroldseck"]},"geometry":{"type":"Polygon","coordinates":[[[6.98797,48.8885],[7.05914,48.86364],[7.04992,48.84672],[6.98653,48.86572],[6.9858,48.88692],[6.98797,48.8885]]]}},{"type":"Feature","properties":{"id":"niedervisse","also":[]},"geometry":{"type":"Polygon","coordinates":[[[6.55643,49.18346],[6.59053,49.18178],[6.5822,49.16187],[6.56249,49.15277],[6.55363,49.15607],[6.54777,49.1787],[6.55643,49.18346]]]}},{"type":"Feature","properties":{"id":"niedwellingen","also":[]},"geometry":{"type":"Polygon","coordinates":[[[6.58063,49.33735],[6.58699,49.33409],[6.56181,49.31924],[6.55725,49.32924],[6.58063,49.33735]]]}},{"type":"Feature","properties":{"id":"nittel-sur-moselle","also":[]},"geometry":{"type":"Polygon","coordinates":[[[6.36226,49.65428],[6.36309,49.66042],[6.36906,49.67397],[6.38022,49.68605],[6.39583,49.69584],[6.41995,49.70387],[6.43589,49.7061],[6.45219,49.70626],[6.46823,49.70436],[6.48339,49.70046],[6.49707,49.69472],[6.50876,49.68735],[6.518,49.67865],[6.52445,49.66894],[6.52828,49.65508],[6.52617,49.64025],[6.4059,49.64479],[6.36226,49.65428]]]}},{"type":"Feature","properties":{"id":"nitting","also":[]},"geometry":{"type":"Polygon","coordinates":[[[7.03673,48.68386],[7.06556,48.67464],[7.04242,48.64694],[7.03369,48.64956],[7.01392,48.66357],[7.01335,48.66863],[7.03673,48.68386]]]}},{"type":"Feature","properties":{"id":"nohfelden","also":[]},"geometry":{"type":"Polygon","coordinates":[[[7.18251,49.58057],[7.17217,49.55366],[7.1384,49.55455],[7.07922,49.62133],[7.09853,49.6323],[7.11309,49.63704],[7.12466,49.63929],[7.14204,49.62531],[7.18251,49.58057]]]}},{"type":"Feature","properties":{"id":"nohn","also":[]},"geometry":{"type":"Polygon","coordinates":[[[6.51377,49.48936],[6.53871,49.49715],[6.55274,49.4878],[6.55323,49.4701],[6.52216,49.47461],[6.51377,49.48936]]]}},{"type":"Feature","properties":{"id":"nonnweiler","also":[]},"geometry":{"type":"Polygon","coordinates":[[[6.96813,49.62964],[7.03657,49.63816],[7.04683,49.62587],[7.05138,49.61463],[7.03932,49.59813],[7.00316,49.58459],[6.96062,49.58636],[6.95306,49.59007],[6.96813,49.62964]]]}},{"type":"Feature","properties":{"id":"nousseviller-les-bitche","also":[]},"geometry":{"type":"Polygon","coordinates":[[[7.38691,49.11697],[7.3958,49.09443],[7.3839,49.08762],[7.35338,49.09326],[7.3607,49.1105],[7.37831,49.11788],[7.38691,49.11697]]]}},{"type":"Feature","properties":{"id":"nousseviller-saint-nabor","also":[]},"geometry":{"type":"Polygon","coordinates":[[[6.9541,49.12113],[6.986,49.1286],[6.99538,49.12144],[6.99405,49.11996],[6.97028,49.11088],[6.95268,49.11794],[6.9541,49.12113]]]}},{"type":"Feature","properties":{"id":"nunkirchen","also":[]},"geometry":{"type":"Polygon","coordinates":[[[6.84325,49.52122],[6.87932,49.50688],[6.86551,49.47201],[6.8083,49.48065],[6.80988,49.51046],[6.84325,49.52122]]]}},{"type":"Feature","properties":{"id":"oberdorf","also":["odenhofen"]},"geometry":{"type":"Polygon","coordinates":[[[6.57567,49.28036],[6.6145,49.27379],[6.6074,49.26291],[6.57472,49.26906],[6.57271,49.27072],[6.57567,49.28036]]]}},{"type":"Feature","properties":{"id":"oberesch","also":[]},"geometry":{"type":"Polygon","coordinates":[[[6.56666,49.41168],[6.57984,49.41035],[6.59482,49.39922],[6.59073,49.39233],[6.57309,49.38464],[6.56266,49.38334],[6.54002,49.39741],[6.54442,49.40238],[6.56666,49.41168]]]}},{"type":"Feature","properties":{"id":"obergailbach","also":[]},"geometry":{"type":"Polygon","coordinates":[[[7.19838,49.12192],[7.23887,49.13356],[7.2467,49.13218],[7.23619,49.10272],[7.22585,49.0933],[7.21088,49.09311],[7.20205,49.09818],[7.19838,49.12192]]]}},{"type":"Feature","properties":{"id":"oberleuken","also":[]},"geometry":{"type":"Polygon","coordinates":[[[6.49727,49.52644],[6.49701,49.49543],[6.48328,49.49012],[6.4384,49.49943],[6.43498,49.52724],[6.45324,49.53056],[6.49727,49.52644]]]}},{"type":"Feature","properties":{"id":"obernaumen","also":[]},"geometry":{"type":"Polygon","coordinates":[[[6.47105,49.4204],[6.46978,49.39707],[6.4599,49.39022],[6.43522,49.40929],[6.44102,49.42398],[6.47105,49.4204]]]}},{"type":"Feature","properties":{"id":"oberstein","also":["mittelbollenbach"]},"geometry":{"type":"Polygon","coordinates":[[[7.25293,49.67843],[7.24663,49.68818],[7.24338,49.69854],[7.24331,49.70912],[7.24643,49.7195],[7.25261,49.72929],[7.26161,49.73811],[7.27311,49.74562],[7.28664,49.75154],[7.3017,49.75562],[7.3177,49.75773],[7.33402,49.75777],[7.35004,49.75574],[7.36513,49.75172],[7.37873,49.74588],[7.39029,49.73842],[7.39939,49.72964],[7.40566,49.71988],[7.40888,49.70951],[7.40891,49.69894],[7.40576,49.68856],[7.39956,49.67878],[7.39053,49.66997],[7.37904,49.66247],[7.36552,49.65657],[7.35049,49.65249],[7.33452,49.65039],[7.31824,49.65035],[7.26242,49.66939],[7.25293,49.67843]]]}},{"type":"Feature","properties":{"id":"oberstinzel","also":["sarreck"]},"geometry":{"type":"Polygon","coordinates":[[[7.01895,48.7901],[7.0408,48.8084],[7.0584,48.79444],[7.05877,48.79037],[7.04209,48.78009],[7.01942,48.78722],[7.01895,48.7901]]]}},{"type":"Feature","properties":{"id":"obervisse","also":[]},"geometry":{"type":"Polygon","coordinates":[[[6.5822,49.16187],[6.60228,49.15112],[6.58889,49.13857],[6.57121,49.13784],[6.56249,49.15277],[6.5822,49.16187]]]}},{"type":"Feature","properties":{"id":"obreck","also":[]},"geometry":{"type":"Polygon","coordinates":[[[6.60013,48.85856],[6.60782,48.84794],[6.61395,48.82977],[6.57088,48.84753],[6.57124,48.84851],[6.60013,48.85856]]]}},{"type":"Feature","properties":{"id":"obrick","also":[]},"geometry":{"type":"Polygon","coordinates":[[[6.75714,48.96825],[6.77394,48.96402],[6.78213,48.9519],[6.7661,48.94165],[6.73806,48.95921],[6.74919,48.96576],[6.75714,48.96825]]]}},{"type":"Feature","properties":{"id":"oermingen","also":[]},"geometry":{"type":"Polygon","coordinates":[[[7.10966,49.01098],[7.15737,49.01243],[7.16936,49.00407],[7.15568,48.98339],[7.09425,48.97468],[7.08752,48.9836],[7.10966,49.01098]]]}},{"type":"Feature","properties":{"id":"oeting","also":[]},"geometry":{"type":"Polygon","coordinates":[[[6.8915,49.17388],[6.93385,49.19244],[6.93474,49.19131],[6.92453,49.16514],[6.90066,49.16171],[6.89515,49.16353],[6.8915,49.17388]]]}},{"type":"Feature","properties":{"id":"ohersteinbach","also":[]},"geometry":{"type":"Polygon","coordinates":[[[7.65698,49.01958],[7.67421,49.04474],[7.6993,49.03232],[7.67537,48.99093],[7.65698,49.01958]]]}},{"type":"Feature","properties":{"id":"olferding","also":[]},"geometry":{"type":"Polygon","coordinates":[[[7.2512,49.08365],[7.25513,49.05844],[7.24215,49.05308],[7.23323,49.05179],[7.2262,49.09305],[7.2512,49.08365]]]}},{"type":"Feature","properties":{"id":"ommeray","also":[]},"geometry":{"type":"Polygon","coordinates":[[[6.71149,48.74032],[6.70586,48.70975],[6.66737,48.70033],[6.66293,48.71958],[6.67914,48.73731],[6.71149,48.74032]]]}},{"type":"Feature","properties":{"id":"oppen","also":[]},"geometry":{"type":"Polygon","coordinates":[[[6.77883,49.47081],[6.80067,49.47176],[6.81266,49.45057],[6.80804,49.43497],[6.80245,49.4298],[6.78629,49.43218],[6.76831,49.46119],[6.77883,49.47081]]]}},{"type":"Feature","properties":{"id":"ormesviller","also":[]},"geometry":{"type":"Polygon","coordinates":[[[7.35277,49.1418],[7.33331,49.12239],[7.3184,49.12409],[7.29199,49.15068],[7.34567,49.15774],[7.35277,49.1418]]]}},{"type":"Feature","properties":{"id":"orscholz","also":[]},"geometry":{"type":"Polygon","coordinates":[[[6.55062,49.51315],[6.53871,49.49715],[6.51377,49.48936],[6.49701,49.49543],[6.49727,49.52644],[6.49911,49.52723],[6.55062,49.51315]]]}},{"type":"Feature","properties":{"id":"osenhach","also":[]},"geometry":{"type":"Polygon","coordinates":[[[7.08383,49.51238],[7.09471,49.51508],[7.09009,49.4935],[7.08583,49.49037],[7.08249,49.48975],[7.07471,49.49144],[7.08383,49.51238]]]}},{"type":"Feature","properties":{"id":"ottonville","also":[]},"geometry":{"type":"Polygon","coordinates":[[[6.50355,49.22762],[6.51895,49.23147],[6.53977,49.22646],[6.54637,49.21823],[6.49751,49.20738],[6.50355,49.22762]]]}},{"type":"Feature","properties":{"id":"ottweiler-neumunster","also":[]},"geometry":{"type":"Polygon","coordinates":[[[7.17314,49.45345],[7.23459,49.36967],[7.22593,49.3634],[7.21313,49.35692],[7.18832,49.35011],[7.16149,49.34886],[7.13641,49.35305],[7.10715,49.39652],[7.09801,49.41391],[7.11313,49.43007],[7.17314,49.45345]]]}},{"type":"Feature","properties":{"id":"oudrenne","also":["petit-breistroff"]},"geometry":{"type":"Polygon","coordinates":[[[6.32067,49.39687],[6.32328,49.39733],[6.35237,49.38184],[6.33315,49.36723],[6.3049,49.37279],[6.29805,49.37993],[6.30104,49.38485],[6.32067,49.39687]]]}},{"type":"Feature","properties":{"id":"pachten","also":[]},"geometry":{"type":"Polygon","coordinates":[[[6.70588,49.37436],[6.70844,49.37468],[6.72097,49.34261],[6.69325,49.33862],[6.69112,49.35803],[6.70588,49.37436]]]}},{"type":"Feature","properties":{"id":"perl","also":[]},"geometry":{"type":"Polygon","coordinates":[[[6.41793,49.48507],[6.41933,49.48482],[6.4199,49.48022],[6.39931,49.46146],[6.39521,49.4602],[6.37444,49.47186],[6.41793,49.48507]]]}},{"type":"Feature","properties":{"id":"petershach","also":[]},"geometry":{"type":"Polygon","coordinates":[[[7.28389,48.88726],[7.31877,48.87731],[7.3447,48.86409],[7.33574,48.85332],[7.32725,48.85151],[7.27107,48.85204],[7.24282,48.87411],[7.24511,48.8787],[7.28389,48.88726]]]}},{"type":"Feature","properties":{"id":"petit-arnsberg","also":[]},"geometry":{"type":"Polygon","coordinates":[[[7.72433,49.05889],[7.6993,49.03232],[7.67421,49.04474],[7.68401,49.06638],[7.72433,49.05889]]]}},{"type":"Feature","properties":{"id":"petit-ebersviller","also":[]},"geometry":{"type":"Polygon","coordinates":[[[6.7704,49.10465],[6.77373,49.09318],[6.72588,49.10348],[6.733,49.12864],[6.73694,49.12895],[6.7704,49.10465]]]}},{"type":"Feature","properties":{"id":"petit-hettange","also":[]},"geometry":{"type":"Polygon","coordinates":[[[6.31274,49.42028],[6.32209,49.39732],[6.32067,49.39687],[6.28717,49.4127],[6.31274,49.42028]]]}},{"type":"Feature","properties":{"id":"petit-rederching","also":[]},"geometry":{"type":"Polygon","coordinates":[[[7.32186,49.06729],[7.32563,49.04793],[7.31677,49.03234],[7.29779,49.0254],[7.27995,49.05845],[7.28257,49.06103],[7.32186,49.06729]]]}},{"type":"Feature","properties":{"id":"petit-tenquin","also":["zell"]},"geometry":{"type":"Polygon","coordinates":[[[6.87246,49.00671],[6.8838,49.00383],[6.8929,48.99554],[6.88327,48.9786],[6.86113,48.97636],[6.84097,48.98583],[6.84476,48.99163],[6.87246,49.00671]]]}},{"type":"Feature","properties":{"id":"petite-rosselle","also":[]},"geometry":{"type":"Polygon","coordinates":[[[6.92152,49.2329],[6.87334,49.19568],[6.79209,49.19741],[6.82278,49.232],[6.92152,49.2329]]]}},{"type":"Feature","properties":{"id":"pettoncourt","also":[]},"geometry":{"type":"Polygon","coordinates":[[[6.43069,48.79021],[6.4372,48.76194],[6.39724,48.72766],[6.38222,48.7295],[6.37053,48.7324],[6.3954,48.79088],[6.43069,48.79021]]]}},{"type":"Feature","properties":{"id":"pevange","also":[]},"geometry":{"type":"Polygon","coordinates":[[[6.64539,48.90671],[6.6436,48.90442],[6.61957,48.89831],[6.60013,48.90136],[6.60528,48.9108],[6.62934,48.91441],[6.64539,48.90671]]]}},{"type":"Feature","properties":{"id":"pfaffenhoffen","also":[]},"geometry":{"type":"Polygon","coordinates":[[[7.69251,48.8452],[7.69038,48.83214],[7.6852,48.82213],[7.67717,48.81297],[7.66659,48.80503],[7.65388,48.79859],[7.63951,48.79392],[7.62405,48.79119],[7.60808,48.7905],[7.59221,48.79188],[7.57227,48.79685],[7.5575,48.80356],[7.53607,48.8662],[7.54143,48.87293],[7.55119,48.88133],[7.56325,48.88831],[7.57714,48.8936],[7.60289,48.89815],[7.61893,48.89814],[7.63123,48.89669],[7.69251,48.8452]]]}},{"type":"Feature","properties":{"id":"pfalzweyer","also":[]},"geometry":{"type":"Polygon","coordinates":[[[7.25343,48.8207],[7.25924,48.82002],[7.27858,48.8068],[7.28453,48.79308],[7.25511,48.79615],[7.24522,48.81129],[7.24724,48.81806],[7.25343,48.8207]]]}},{"type":"Feature","properties":{"id":"phalsbourg","also":["bichelherg","einartshausen"]},"geometry":{"type":"Polygon","coordinates":[[[7.30204,48.78119],[7.3399,48.7674],[7.33785,48.75573],[7.33244,48.74527],[7.32172,48.74503],[7.25845,48.75078],[7.24003,48.75821],[7.24271,48.77567],[7.30204,48.78119]]]}},{"type":"Feature","properties":{"id":"philippsbourg","also":[]},"geometry":{"type":"Polygon","coordinates":[[[7.59962,48.99531],[7.62053,48.98159],[7.56823,48.9294],[7.56148,48.92951],[7.53702,48.99302],[7.59962,48.99531]]]}},{"type":"Feature","properties":{"id":"piblange","also":[]},"geometry":{"type":"Polygon","coordinates":[[[6.43824,49.24931],[6.4174,49.24374],[6.41788,49.25834],[6.43824,49.24931]]]}},{"type":"Feature","properties":{"id":"piesbach","also":[]},"geometry":{"type":"Polygon","coordinates":[[[6.81241,49.38519],[6.80299,49.37355],[6.7848,49.40075],[6.80251,49.41292],[6.81241,49.38519]]]}},{"type":"Feature","properties":{"id":"pirmasens","also":["donsitters"]},"geometry":{"type":"Polygon","coordinates":[[[7.61668,49.23454],[7.63361,49.23649],[7.64098,49.23483],[7.65294,49.20537],[7.63384,49.19133],[7.61848,49.18815],[7.58791,49.18798],[7.58044,49.19817],[7.58205,49.22463],[7.61668,49.23454]]]}},{"type":"Feature","properties":{"id":"plappecourt","also":[]},"geometry":{"type":"Polygon","coordinates":[[[6.45068,49.11504],[6.45783,49.10913],[6.46112,49.09422],[6.45585,49.08119],[6.41621,49.09457],[6.42979,49.11939],[6.45068,49.11504]]]}},{"type":"Feature","properties":{"id":"pommern","also":[]},"geometry":{"type":"Polygon","coordinates":[[[7.32738,50.12955],[7.31374,50.12364],[7.29857,50.11956],[7.28245,50.11745],[7.266,50.11741],[7.24986,50.11942],[7.23464,50.12342],[7.22092,50.12925],[7.20923,50.13669],[7.20002,50.14545],[7.19365,50.15519],[7.19035,50.16555],[7.19027,50.17613],[7.1934,50.18651],[7.19962,50.1963],[7.20871,50.20512],[7.2203,50.21264],[7.23396,50.21856],[7.24916,50.22265],[7.26531,50.22477],[7.28179,50.22481],[7.29797,50.22279],[7.31322,50.21879],[7.32695,50.21295],[7.33864,50.2055],[7.34784,50.19672],[7.35419,50.18697],[7.35745,50.17661],[7.3575,50.16603],[7.35433,50.15565],[7.34808,50.14587],[7.33898,50.13706],[7.32738,50.12955]]]}},{"type":"Feature","properties":{"id":"pont-a-mousson","also":[]},"geometry":{"type":"Polygon","coordinates":[[[6.10728,48.86344],[6.09413,48.85739],[6.07944,48.85314],[6.06379,48.85086],[6.04777,48.85064],[6.03199,48.85249],[6.01706,48.85633],[6.00356,48.86201],[5.99199,48.86933],[5.98281,48.87799],[5.97637,48.88768],[5.97291,48.898],[5.97258,48.90858],[5.97538,48.919],[5.98121,48.92885],[5.98985,48.93777],[6.00097,48.94541],[6.01414,48.95148],[6.02884,48.95573],[6.04453,48.95802],[6.06059,48.95824],[6.07639,48.95639],[6.09135,48.95254],[6.10487,48.94684],[6.11643,48.93952],[6.1256,48.93084],[6.13202,48.92115],[6.13545,48.91082],[6.13575,48.90024],[6.13291,48.88983],[6.12705,48.87998],[6.1184,48.87107],[6.10728,48.86344]]]}},{"type":"Feature","properties":{"id":"pontigny","also":[]},"geometry":{"type":"Polygon","coordinates":[[[6.4306,49.1526],[6.43711,49.14049],[6.42337,49.12774],[6.39795,49.14761],[6.39289,49.16494],[6.4306,49.1526]]]}},{"type":"Feature","properties":{"id":"pontpierre","also":[]},"geometry":{"type":"Polygon","coordinates":[[[6.63242,49.06162],[6.66667,49.04127],[6.64225,49.02982],[6.62073,49.0403],[6.62025,49.05701],[6.63242,49.06162]]]}},{"type":"Feature","properties":{"id":"porcelette","also":[]},"geometry":{"type":"Polygon","coordinates":[[[6.64632,49.16749],[6.6609,49.16976],[6.69401,49.15478],[6.69494,49.13597],[6.6809,49.12988],[6.67556,49.12943],[6.63649,49.14309],[6.62788,49.15422],[6.64632,49.16749]]]}},{"type":"Feature","properties":{"id":"postroff","also":[]},"geometry":{"type":"Polygon","coordinates":[[[7.04992,48.84672],[7.05914,48.86364],[7.09113,48.86663],[7.10061,48.84894],[7.09971,48.84805],[7.05755,48.84003],[7.05087,48.84223],[7.04992,48.84672]]]}},{"type":"Feature","properties":{"id":"primsweiler","also":[]},"geometry":{"type":"Polygon","coordinates":[[[6.85843,49.41985],[6.87328,49.42427],[6.87775,49.4153],[6.87683,49.4119],[6.84906,49.39818],[6.83345,49.405],[6.85843,49.41985]]]}},{"type":"Feature","properties":{"id":"puberg","also":[]},"geometry":{"type":"Polygon","coordinates":[[[7.31204,48.93035],[7.3483,48.91194],[7.35928,48.86989],[7.3447,48.86409],[7.31877,48.87731],[7.29679,48.92166],[7.29598,48.92705],[7.31204,48.93035]]]}},{"type":"Feature","properties":{"id":"puttelange","also":["dieffenbach","edersviller","himmrod","honnert"]},"geometry":{"type":"Polygon","coordinates":[[[6.92525,49.06629],[6.94599,49.06148],[6.95368,49.05389],[6.95043,49.0474],[6.90779,49.038],[6.89613,49.04681],[6.90546,49.05835],[6.92525,49.06629]]]}},{"type":"Feature","properties":{"id":"puttigny","also":[]},"geometry":{"type":"Polygon","coordinates":[[[6.55837,48.86728],[6.57088,48.84753],[6.55331,48.8335],[6.53392,48.83461],[6.51254,48.86611],[6.55837,48.86728]]]}},{"type":"Feature","properties":{"id":"puzieux","also":[]},"geometry":{"type":"Polygon","coordinates":[[[6.35882,48.90316],[6.38436,48.89752],[6.37361,48.87665],[6.35645,48.86996],[6.3479,48.88102],[6.35882,48.90316]]]}},{"type":"Feature","properties":{"id":"quierschied","also":[]},"geometry":{"type":"Polygon","coordinates":[[[7.03727,49.34485],[7.12516,49.33901],[7.13025,49.32931],[7.13245,49.31883],[7.13149,49.30827],[7.12739,49.29804],[7.11409,49.28276],[7.10273,49.27523],[7.08934,49.2693],[7.06774,49.26404],[6.9822,49.28598],[6.97753,49.29089],[6.97564,49.29334],[7.0286,49.34257],[7.03727,49.34485]]]}},{"type":"Feature","properties":{"id":"racrange","also":[]},"geometry":{"type":"Polygon","coordinates":[[[6.68675,48.93512],[6.6946,48.92135],[6.67749,48.9062],[6.65388,48.90985],[6.65548,48.94044],[6.68675,48.93512]]]}},{"type":"Feature","properties":{"id":"rahling","also":[]},"geometry":{"type":"Polygon","coordinates":[[[7.26175,49.00465],[7.26267,48.98727],[7.20991,48.98033],[7.1826,49.00552],[7.21877,49.01995],[7.26175,49.00465]]]}},{"type":"Feature","properties":{"id":"rammelfangen","also":[]},"geometry":{"type":"Polygon","coordinates":[[[6.64326,49.34379],[6.64423,49.32552],[6.62928,49.31752],[6.62419,49.31954],[6.61239,49.33732],[6.61436,49.34077],[6.64326,49.34379]]]}},{"type":"Feature","properties":{"id":"rappweiler","also":[]},"geometry":{"type":"Polygon","coordinates":[[[6.84325,49.52122],[6.80988,49.51046],[6.72556,49.52401],[6.71695,49.52928],[6.71509,49.53848],[6.71597,49.54904],[6.72437,49.56575],[6.73325,49.57461],[6.74463,49.58218],[6.76789,49.59114],[6.78894,49.59449],[6.8055,49.59458],[6.84474,49.56109],[6.84325,49.52122]]]}},{"type":"Feature","properties":{"id":"rathen","also":[]},"geometry":{"type":"Polygon","coordinates":[[[6.94805,49.54859],[6.94023,49.5296],[6.89176,49.56393],[6.90261,49.5678],[6.94805,49.54859]]]}},{"type":"Feature","properties":{"id":"ratzviller","also":[]},"geometry":{"type":"Polygon","coordinates":[[[7.26589,48.98194],[7.27667,48.97343],[7.26544,48.94023],[7.24144,48.93672],[7.21482,48.94591],[7.2107,48.95276],[7.26589,48.98194]]]}},{"type":"Feature","properties":{"id":"raville","also":[]},"geometry":{"type":"Polygon","coordinates":[[[6.49487,49.10184],[6.49562,49.07788],[6.46156,49.07023],[6.45585,49.08119],[6.46112,49.09422],[6.49487,49.10184]]]}},{"type":"Feature","properties":{"id":"rech-ballem","also":["rech"]},"geometry":{"type":"Polygon","coordinates":[[[6.61469,49.46216],[6.62228,49.46127],[6.60151,49.44756],[6.59032,49.45147],[6.61469,49.46216]]]}},{"type":"Feature","properties":{"id":"rech-sarralbe","also":[]},"geometry":{"type":"Polygon","coordinates":[[[7.02121,48.98797],[7.03258,48.98283],[7.01796,48.96186],[6.98912,48.97087],[6.98913,48.98278],[7.02121,48.98797]]]}},{"type":"Feature","properties":{"id":"rechicourt-la-petite","also":[]},"geometry":{"type":"Polygon","coordinates":[[[6.58864,48.73505],[6.61014,48.71102],[6.60859,48.66802],[6.58647,48.66526],[6.56013,48.66732],[6.53618,48.67487],[6.51716,48.68712],[6.5083,48.69722],[6.52942,48.73454],[6.58864,48.73505]]]}},{"type":"Feature","properties":{"id":"reding","also":["eich-reding"]},"geometry":{"type":"Polygon","coordinates":[[[7.11504,48.76657],[7.13298,48.75786],[7.13433,48.75577],[7.11636,48.7322],[7.1115,48.73214],[7.08201,48.74291],[7.07875,48.7574],[7.08226,48.76041],[7.11504,48.76657]]]}},{"type":"Feature","properties":{"id":"rehlingen-sur-moselle","also":[]},"geometry":{"type":"Polygon","coordinates":[[[6.4946,49.59866],[6.48081,49.59469],[6.39355,49.58502],[6.36072,49.59358],[6.35104,49.60671],[6.34716,49.62056],[6.35025,49.63802],[6.35889,49.65094],[6.36226,49.65428],[6.4059,49.64479],[6.4946,49.59866]]]}},{"type":"Feature","properties":{"id":"rehlingen-sur-sarre","also":[]},"geometry":{"type":"Polygon","coordinates":[[[6.67222,49.38092],[6.68612,49.3821],[6.70588,49.37436],[6.70068,49.36861],[6.66839,49.3686],[6.66773,49.37644],[6.67222,49.38092]]]}},{"type":"Feature","properties":{"id":"reimsbach","also":[]},"geometry":{"type":"Polygon","coordinates":[[[6.76831,49.46119],[6.78629,49.43218],[6.75995,49.43212],[6.75015,49.453],[6.75091,49.45562],[6.76831,49.46119]]]}},{"type":"Feature","properties":{"id":"reinange","also":[]},"geometry":{"type":"Polygon","coordinates":[[[6.24525,49.31633],[6.25631,49.29098],[6.22296,49.29301],[6.20882,49.31845],[6.24525,49.31633]]]}},{"type":"Feature","properties":{"id":"reinheim","also":[]},"geometry":{"type":"Polygon","coordinates":[[[7.19543,49.14151],[7.19027,49.127],[7.1666,49.12661],[7.15751,49.1359],[7.15417,49.14899],[7.15622,49.1561],[7.17307,49.17556],[7.19543,49.14151]]]}},{"type":"Feature","properties":{"id":"reipertswiller","also":[]},"geometry":{"type":"Polygon","coordinates":[[[7.47764,48.96063],[7.54575,48.92437],[7.54306,48.91633],[7.53692,48.90656],[7.52801,48.89776],[7.51694,48.89042],[7.46939,48.89864],[7.42412,48.94023],[7.43756,48.95476],[7.47764,48.96063]]]}},{"type":"Feature","properties":{"id":"reisweiler","also":[]},"geometry":{"type":"Polygon","coordinates":[[[6.86163,49.3786],[6.89154,49.38244],[6.90648,49.37233],[6.90872,49.31091],[6.90537,49.31015],[6.87704,49.32269],[6.84572,49.34288],[6.84135,49.36227],[6.8475,49.369],[6.86163,49.3786]]]}},{"type":"Feature","properties":{"id":"reitscheid","also":[]},"geometry":{"type":"Polygon","coordinates":[[[7.21228,49.55189],[7.2426,49.53597],[7.23732,49.5095],[7.22056,49.49321],[7.1758,49.55281],[7.21228,49.55189]]]}},{"type":"Feature","properties":{"id":"reitweiler","also":[]},"geometry":{"type":"Polygon","coordinates":[[[7.66837,48.63477],[7.65509,48.62891],[7.64034,48.62486],[7.6247,48.62281],[7.60875,48.62281],[7.5931,48.62488],[7.57837,48.62893],[7.56511,48.6348],[7.55383,48.64228],[7.54497,48.65107],[7.53887,48.66085],[7.53575,48.67122],[7.53575,48.6818],[7.53887,48.69218],[7.54498,48.70196],[7.55386,48.71076],[7.56516,48.71824],[7.57846,48.72412],[7.59323,48.72817],[7.60891,48.73023],[7.62489,48.73023],[7.64056,48.72816],[7.65532,48.7241],[7.66859,48.71821],[7.67987,48.71072],[7.68872,48.70192],[7.6948,48.69214],[7.69788,48.68176],[7.69785,48.67118],[7.6947,48.66081],[7.68856,48.65104],[7.67967,48.64225],[7.66837,48.63477]]]}},{"type":"Feature","properties":{"id":"remeldorf","also":[]},"geometry":{"type":"Polygon","coordinates":[[[6.5768,49.35297],[6.58063,49.33735],[6.55725,49.32924],[6.54366,49.33913],[6.5768,49.35297]]]}},{"type":"Feature","properties":{"id":"remelfang","also":[]},"geometry":{"type":"Polygon","coordinates":[[[6.50818,49.28168],[6.53465,49.26944],[6.53669,49.26503],[6.53356,49.25962],[6.52256,49.25586],[6.5193,49.25599],[6.49428,49.27172],[6.50818,49.28168]]]}},{"type":"Feature","properties":{"id":"remelfing-sarreguemines","also":[]},"geometry":{"type":"Polygon","coordinates":[[[7.10667,49.10615],[7.09518,49.07699],[7.09035,49.07689],[7.06682,49.09374],[7.0878,49.10573],[7.10667,49.10615]]]}},{"type":"Feature","properties":{"id":"remelfing-sierck","also":[]},"geometry":{"type":"Polygon","coordinates":[[[6.48115,49.42433],[6.48411,49.42395],[6.51294,49.39728],[6.46978,49.39707],[6.47105,49.4204],[6.48115,49.42433]]]}},{"type":"Feature","properties":{"id":"remering-bouzonville","also":[]},"geometry":{"type":"Polygon","coordinates":[[[6.6145,49.27379],[6.63447,49.27264],[6.64753,49.25655],[6.63806,49.24673],[6.61027,49.25562],[6.6074,49.26291],[6.6145,49.27379]]]}},{"type":"Feature","properties":{"id":"remering-puttelange","also":["obersheim"]},"geometry":{"type":"Polygon","coordinates":[[[6.95043,49.0474],[6.955,49.03995],[6.94416,49.02379],[6.91948,49.02771],[6.91016,49.03248],[6.90779,49.038],[6.95043,49.0474]]]}},{"type":"Feature","properties":{"id":"remilly","also":[]},"geometry":{"type":"Polygon","coordinates":[[[6.40355,49.03521],[6.42227,48.99265],[6.35791,49.00598],[6.37773,49.04111],[6.40355,49.03521]]]}},{"type":"Feature","properties":{"id":"rening","also":[]},"geometry":{"type":"Polygon","coordinates":[[[6.85239,48.96458],[6.86309,48.95769],[6.86462,48.94452],[6.83479,48.94226],[6.82872,48.9459],[6.83008,48.95957],[6.85239,48.96458]]]}},{"type":"Feature","properties":{"id":"renting","also":[]},"geometry":{"type":"Polygon","coordinates":[[[6.98669,48.73879],[6.996,48.74067],[7.01476,48.73969],[7.00721,48.70977],[6.98483,48.70936],[6.97052,48.72331],[6.98669,48.73879]]]}},{"type":"Feature","properties":{"id":"rettel","also":[]},"geometry":{"type":"Polygon","coordinates":[[[6.30582,49.45179],[6.34096,49.46185],[6.34454,49.4551],[6.34344,49.42856],[6.31825,49.42886],[6.30699,49.43627],[6.30582,49.45179]]]}},{"type":"Feature","properties":{"id":"rexingen","also":[]},"geometry":{"type":"Polygon","coordinates":[[[7.17923,48.92222],[7.18772,48.92173],[7.1936,48.89975],[7.18485,48.89404],[7.17095,48.89487],[7.16474,48.90855],[7.17923,48.92222]]]}},{"type":"Feature","properties":{"id":"reyersviller","also":[]},"geometry":{"type":"Polygon","coordinates":[[[7.3858,49.06208],[7.39924,49.06043],[7.43311,49.01722],[7.42818,49.01538],[7.38352,49.02345],[7.37248,49.04986],[7.37298,49.05434],[7.37599,49.05839],[7.3858,49.06208]]]}},{"type":"Feature","properties":{"id":"rhodes","also":[]},"geometry":{"type":"Polygon","coordinates":[[[6.94127,48.78371],[6.93957,48.76379],[6.93121,48.75227],[6.89392,48.7323],[6.8744,48.75759],[6.88536,48.78183],[6.94127,48.78371]]]}},{"type":"Feature","properties":{"id":"riche","also":[]},"geometry":{"type":"Polygon","coordinates":[[[6.6436,48.90442],[6.64558,48.88641],[6.64081,48.87796],[6.62044,48.87531],[6.61957,48.89831],[6.6436,48.90442]]]}},{"type":"Feature","properties":{"id":"richeling","also":[]},"geometry":{"type":"Polygon","coordinates":[[[6.955,49.03995],[6.97674,49.03327],[6.96111,49.02282],[6.9457,49.02249],[6.94416,49.02379],[6.955,49.03995]]]}},{"type":"Feature","properties":{"id":"richeval","also":[]},"geometry":{"type":"Polygon","coordinates":[[[6.91791,48.64751],[6.93909,48.63986],[6.93439,48.61482],[6.88152,48.60703],[6.88306,48.62538],[6.91791,48.64751]]]}},{"type":"Feature","properties":{"id":"ricrange","also":[]},"geometry":{"type":"Polygon","coordinates":[[[6.54637,49.21823],[6.55461,49.21337],[6.55085,49.2055],[6.50938,49.19601],[6.49788,49.20282],[6.49783,49.20672],[6.54637,49.21823]]]}},{"type":"Feature","properties":{"id":"riedelberg","also":[]},"geometry":{"type":"Polygon","coordinates":[[[7.41736,49.18792],[7.47236,49.1749],[7.47349,49.16917],[7.45727,49.16764],[7.41736,49.18792]]]}},{"type":"Feature","properties":{"id":"riimmelbach","also":[]},"geometry":{"type":"Polygon","coordinates":[[[6.92862,49.45438],[6.9326,49.45048],[6.92812,49.43419],[6.90907,49.42848],[6.88195,49.43285],[6.8825,49.43854],[6.92862,49.45438]]]}},{"type":"Feature","properties":{"id":"rilchingen","also":[]},"geometry":{"type":"Polygon","coordinates":[[[7.04414,49.11374],[7.06461,49.1209],[7.04808,49.0967],[7.0457,49.09712],[7.04414,49.11374]]]}},{"type":"Feature","properties":{"id":"rimling","also":[]},"geometry":{"type":"Polygon","coordinates":[[[7.23619,49.10272],[7.29024,49.10447],[7.29438,49.09852],[7.26764,49.0839],[7.2512,49.08365],[7.22585,49.0933],[7.23619,49.10272]]]}},{"type":"Feature","properties":{"id":"rimstroff","also":[]},"geometry":{"type":"Polygon","coordinates":[[[7.11721,48.94877],[7.12848,48.94654],[7.15141,48.93391],[7.12649,48.91365],[7.10789,48.91769],[7.10368,48.9294],[7.11721,48.94877]]]}},{"type":"Feature","properties":{"id":"ripplingen","also":[]},"geometry":{"type":"Polygon","coordinates":[[[6.60179,49.4663],[6.61469,49.46216],[6.59032,49.45147],[6.58281,49.45194],[6.58106,49.45986],[6.60179,49.4663]]]}},{"type":"Feature","properties":{"id":"rissenthal","also":[]},"geometry":{"type":"Polygon","coordinates":[[[6.77883,49.47081],[6.76831,49.46119],[6.75091,49.45562],[6.72932,49.47157],[6.73756,49.49051],[6.77883,49.47081]]]}},{"type":"Feature","properties":{"id":"ritzing","also":[]},"geometry":{"type":"Polygon","coordinates":[[[6.44706,49.44187],[6.47069,49.44855],[6.4785,49.44055],[6.48115,49.42433],[6.47105,49.4204],[6.44102,49.42398],[6.43261,49.43081],[6.44706,49.44187]]]}},{"type":"Feature","properties":{"id":"rodalbe","also":[]},"geometry":{"type":"Polygon","coordinates":[[[6.6946,48.92135],[6.73277,48.91682],[6.72905,48.89345],[6.70641,48.89543],[6.67749,48.9062],[6.6946,48.92135]]]}},{"type":"Feature","properties":{"id":"rode-morhange","also":[]},"geometry":{"type":"Polygon","coordinates":[[[6.62934,48.91441],[6.60528,48.9108],[6.60019,48.92383],[6.62081,48.92713],[6.62934,48.91441]]]}},{"type":"Feature","properties":{"id":"roden","also":[]},"geometry":{"type":"Polygon","coordinates":[[[6.74371,49.33157],[6.7679,49.31321],[6.72787,49.30247],[6.72214,49.30736],[6.74371,49.33157]]]}},{"type":"Feature","properties":{"id":"rodlach","also":[]},"geometry":{"type":"Polygon","coordinates":[[[6.48075,49.35057],[6.49317,49.34216],[6.46138,49.33106],[6.4401,49.3373],[6.44091,49.34213],[6.48075,49.35057]]]}},{"type":"Feature","properties":{"id":"rohrbach","also":["kalhouse"]},"geometry":{"type":"Polygon","coordinates":[[[7.27995,49.05845],[7.29779,49.0254],[7.29498,49.02257],[7.28853,49.02012],[7.24215,49.05308],[7.25513,49.05844],[7.27995,49.05845]]]}},{"type":"Feature","properties":{"id":"rohrhach","also":[]},"geometry":{"type":"Polygon","coordinates":[[[6.81864,48.83702],[6.85834,48.84271],[6.86866,48.83447],[6.84735,48.80799],[6.84014,48.80775],[6.82964,48.81143],[6.81864,48.83702]]]}},{"type":"Feature","properties":{"id":"rolbing","also":[]},"geometry":{"type":"Polygon","coordinates":[[[7.45727,49.16764],[7.42055,49.15608],[7.40516,49.18118],[7.41026,49.1906],[7.45727,49.16764]]]}},{"type":"Feature","properties":{"id":"romelfing","also":[]},"geometry":{"type":"Polygon","coordinates":[[[7.05171,48.84128],[7.04157,48.81812],[7.03754,48.81479],[7.02886,48.81525],[6.99697,48.83408],[7.05087,48.84223],[7.05171,48.84128]]]}},{"type":"Feature","properties":{"id":"roppeviller","also":[]},"geometry":{"type":"Polygon","coordinates":[[[7.51585,49.11398],[7.53804,49.10478],[7.55134,49.08261],[7.53532,49.07081],[7.48392,49.10201],[7.48444,49.10767],[7.51585,49.11398]]]}},{"type":"Feature","properties":{"id":"rosbruck","also":[]},"geometry":{"type":"Polygon","coordinates":[[[6.85441,49.16941],[6.86979,49.15351],[6.83859,49.14861],[6.81822,49.173],[6.85441,49.16941]]]}},{"type":"Feature","properties":{"id":"rosteig","also":[]},"geometry":{"type":"Polygon","coordinates":[[[7.36823,48.94581],[7.3729,48.94177],[7.3483,48.91194],[7.31204,48.93035],[7.32873,48.95209],[7.36823,48.94581]]]}},{"type":"Feature","properties":{"id":"roth","also":[]},"geometry":{"type":"Polygon","coordinates":[[[7.02875,49.09727],[7.0457,49.09712],[7.0551,49.09365],[7.05038,49.07032],[7.0255,49.07021],[7.01825,49.09182],[7.02875,49.09727]]]}},{"type":"Feature","properties":{"id":"rouhling","also":[]},"geometry":{"type":"Polygon","coordinates":[[[7.01239,49.14837],[7.02819,49.13939],[7.02972,49.13257],[7.01362,49.12194],[6.99538,49.12144],[6.986,49.1286],[6.97986,49.14146],[7.01239,49.14837]]]}},{"type":"Feature","properties":{"id":"roupeldange","also":[]},"geometry":{"type":"Polygon","coordinates":[[[6.47438,49.21559],[6.49751,49.20738],[6.49788,49.20282],[6.47934,49.19448],[6.46027,49.19884],[6.45849,49.21598],[6.47438,49.21559]]]}},{"type":"Feature","properties":{"id":"rouviller","also":[]},"geometry":{"type":"Polygon","coordinates":[[[7.08992,48.82247],[7.09697,48.82507],[7.13703,48.82225],[7.13912,48.81719],[7.13384,48.79899],[7.11327,48.79237],[7.11027,48.79281],[7.08548,48.81073],[7.08523,48.81473],[7.08992,48.82247]]]}},{"type":"Feature","properties":{"id":"rudling","also":[]},"geometry":{"type":"Polygon","coordinates":[[[6.38643,49.45034],[6.38628,49.45013],[6.36556,49.44714],[6.34454,49.4551],[6.34096,49.46185],[6.34363,49.46603],[6.38643,49.45034]]]}},{"type":"Feature","properties":{"id":"rurange-megange","also":[]},"geometry":{"type":"Polygon","coordinates":[[[6.44569,49.24212],[6.45358,49.23336],[6.45122,49.22437],[6.42478,49.22241],[6.4206,49.23254],[6.44569,49.24212]]]}},{"type":"Feature","properties":{"id":"rurange-metzervisse","also":[]},"geometry":{"type":"Polygon","coordinates":[[[6.22296,49.29301],[6.25631,49.29098],[6.27165,49.28598],[6.274,49.28235],[6.27116,49.26922],[6.27013,49.26829],[6.21372,49.26512],[6.2168,49.28848],[6.22296,49.29301]]]}},{"type":"Feature","properties":{"id":"rustroff","also":[]},"geometry":{"type":"Polygon","coordinates":[[[6.38628,49.45013],[6.38586,49.4328],[6.36832,49.43018],[6.36556,49.44714],[6.38628,49.45013]]]}},{"type":"Feature","properties":{"id":"saarwellingen-14","also":[]},"geometry":{"type":"Polygon","coordinates":[[[6.80306,49.37156],[6.84135,49.36227],[6.84572,49.34288],[6.79412,49.33446],[6.77905,49.34331],[6.7756,49.36283],[6.80306,49.37156]]]}},{"type":"Feature","properties":{"id":"saint-arnual","also":[]},"geometry":{"type":"Polygon","coordinates":[[[7.07558,49.25479],[7.07828,49.25291],[7.04648,49.21562],[6.99652,49.20107],[6.98176,49.21328],[7.07558,49.25479]]]}},{"type":"Feature","properties":{"id":"saint-avold","also":[]},"geometry":{"type":"Polygon","coordinates":[[[6.69494,49.13597],[6.733,49.12864],[6.72212,49.09089],[6.6884,49.09762],[6.6809,49.12988],[6.69494,49.13597]]]}},{"type":"Feature","properties":{"id":"saint-bernard","also":[]},"geometry":{"type":"Polygon","coordinates":[[[6.4011,49.25915],[6.39812,49.23678],[6.38793,49.23139],[6.36013,49.24854],[6.37452,49.26697],[6.4011,49.25915]]]}},{"type":"Feature","properties":{"id":"saint-francois","also":[]},"geometry":{"type":"Polygon","coordinates":[[[6.47433,49.35535],[6.47942,49.3538],[6.48075,49.35057],[6.44091,49.34213],[6.43796,49.34912],[6.47433,49.35535]]]}},{"type":"Feature","properties":{"id":"saint-georges","also":[]},"geometry":{"type":"Polygon","coordinates":[[[6.93679,48.67127],[6.94675,48.6613],[6.94227,48.64177],[6.93909,48.63986],[6.91791,48.64751],[6.89184,48.67042],[6.93679,48.67127]]]}},{"type":"Feature","properties":{"id":"saint-hippolyte-haut-rhin","also":[]},"geometry":{"type":"Polygon","coordinates":[[[7.42297,48.1903],[7.40983,48.1844],[7.39523,48.18033],[7.37973,48.17823],[7.36392,48.1782],[7.34841,48.18024],[7.33379,48.18425],[7.32062,48.1901],[7.30941,48.19756],[7.30058,48.20633],[7.29448,48.2161],[7.29135,48.22647],[7.2913,48.23705],[7.29434,48.24743],[7.30036,48.25723],[7.30912,48.26605],[7.32029,48.27356],[7.33343,48.27947],[7.34806,48.28355],[7.36359,48.28564],[7.37943,48.28567],[7.39497,48.28364],[7.40962,48.27961],[7.4228,48.27375],[7.43402,48.26629],[7.44283,48.2575],[7.4489,48.24773],[7.45201,48.23736],[7.45202,48.22677],[7.44895,48.21639],[7.44291,48.20661],[7.43414,48.1978],[7.42297,48.1903]]]}},{"type":"Feature","properties":{"id":"saint-hubert","also":["belle-fontaine","fliessborn"]},"geometry":{"type":"Polygon","coordinates":[[[6.34031,49.23736],[6.35928,49.21393],[6.34007,49.17916],[6.31084,49.17193],[6.29075,49.17758],[6.2743,49.18608],[6.32084,49.23476],[6.34031,49.23736]]]}},{"type":"Feature","properties":{"id":"saint-jean-de-bassel","also":[]},"geometry":{"type":"Polygon","coordinates":[[[6.96227,48.83141],[7.00696,48.80551],[7.0059,48.80204],[6.95804,48.78284],[6.94199,48.78426],[6.94258,48.82392],[6.96227,48.83141]]]}},{"type":"Feature","properties":{"id":"saint-jean-rohrbach","also":[]},"geometry":{"type":"Polygon","coordinates":[[[6.87509,49.04703],[6.89613,49.04681],[6.90779,49.038],[6.91016,49.03248],[6.8838,49.00383],[6.87246,49.00671],[6.85611,49.01936],[6.86233,49.03847],[6.87509,49.04703]]]}},{"type":"Feature","properties":{"id":"saint-louis","also":["deserted-village-roderbann"]},"geometry":{"type":"Polygon","coordinates":[[[7.18251,48.73459],[7.21162,48.71779],[7.20802,48.70364],[7.1836,48.69772],[7.17487,48.71204],[7.18251,48.73459]]]}},{"type":"Feature","properties":{"id":"saint-medard","also":["bathelemont"]},"geometry":{"type":"Polygon","coordinates":[[[6.63778,48.83203],[6.66178,48.82775],[6.66366,48.82373],[6.63782,48.79207],[6.62623,48.79796],[6.6057,48.82102],[6.61445,48.82917],[6.63778,48.83203]]]}},{"type":"Feature","properties":{"id":"saint-michel","also":[]},"geometry":{"type":"Polygon","coordinates":[[[7.09649,49.03894],[7.09898,49.03584],[7.10009,49.03031],[7.06414,49.00621],[7.05277,49.01575],[7.06412,49.04339],[7.06596,49.04417],[7.09649,49.03894]]]}},{"type":"Feature","properties":{"id":"saint-quirin","also":[]},"geometry":{"type":"Polygon","coordinates":[[[7.04792,48.63517],[7.06329,48.63278],[7.141,48.5916],[7.13109,48.57914],[7.11449,48.56767],[7.03951,48.60548],[7.02972,48.61818],[7.04792,48.63517]]]}},{"type":"Feature","properties":{"id":"saint-sauveur","also":[]},"geometry":{"type":"Polygon","coordinates":[[[7.02114,48.55313],[7.05478,48.53513],[7.05449,48.52902],[7.05148,48.51863],[7.04549,48.50882],[7.03673,48.49998],[7.02555,48.49244],[7.01239,48.4865],[6.99773,48.48237],[6.98216,48.48022],[6.96839,48.48005],[6.91276,48.53855],[7.02114,48.55313]]]}},{"type":"Feature","properties":{"id":"sainte-marguerite","also":[]},"geometry":{"type":"Polygon","coordinates":[[[6.38009,49.37302],[6.40435,49.37667],[6.41963,49.35703],[6.39514,49.34732],[6.37689,49.35538],[6.37569,49.35711],[6.38009,49.37302]]]}},{"type":"Feature","properties":{"id":"salonnes","also":[]},"geometry":{"type":"Polygon","coordinates":[[[6.49746,48.80722],[6.52122,48.80308],[6.52254,48.80187],[6.50129,48.7651],[6.48294,48.76905],[6.47407,48.80334],[6.49746,48.80722]]]}},{"type":"Feature","properties":{"id":"saltzbronn","also":[]},"geometry":{"type":"Polygon","coordinates":[[[7.06414,49.00621],[7.07754,48.98761],[7.04547,48.98647],[7.0225,49.01242],[7.05277,49.01575],[7.06414,49.00621]]]}},{"type":"Feature","properties":{"id":"sarralbe","also":["nideck"]},"geometry":{"type":"Polygon","coordinates":[[[7.0225,49.01242],[7.04547,48.98647],[7.03258,48.98283],[7.02121,48.98797],[7.00659,49.01402],[7.0225,49.01242]]]}},{"type":"Feature","properties":{"id":"sarraltroff","also":[]},"geometry":{"type":"Polygon","coordinates":[[[7.05877,48.79037],[7.078,48.78292],[7.08226,48.76041],[7.07875,48.7574],[7.04074,48.76239],[7.04209,48.78009],[7.05877,48.79037]]]}},{"type":"Feature","properties":{"id":"sarrebourg","also":[]},"geometry":{"type":"Polygon","coordinates":[[[7.07718,48.74],[7.05772,48.71469],[7.0529,48.71502],[7.0226,48.74109],[7.07718,48.74]]]}},{"type":"Feature","properties":{"id":"sarreguemines-m","also":[]},"geometry":{"type":"Polygon","coordinates":[[[7.0878,49.10573],[7.06682,49.09374],[7.0551,49.09365],[7.04808,49.0967],[7.06832,49.1254],[7.0878,49.10573]]]}},{"type":"Feature","properties":{"id":"sarrehruck","also":[]},"geometry":{"type":"Polygon","coordinates":[[[6.93611,49.26736],[6.95595,49.27891],[6.98069,49.28577],[7.06774,49.26404],[7.07558,49.25479],[6.98176,49.21328],[6.92922,49.23039],[6.92541,49.23401],[6.93611,49.26736]]]}},{"type":"Feature","properties":{"id":"sarreinsming","also":[]},"geometry":{"type":"Polygon","coordinates":[[[7.12585,49.10671],[7.13523,49.10243],[7.11134,49.07562],[7.10563,49.07446],[7.09518,49.07699],[7.10667,49.10615],[7.12585,49.10671]]]}},{"type":"Feature","properties":{"id":"sarrewerden","also":[]},"geometry":{"type":"Polygon","coordinates":[[[7.10368,48.9294],[7.10789,48.91769],[7.09733,48.91169],[7.05908,48.9225],[7.06935,48.93398],[7.10368,48.9294]]]}},{"type":"Feature","properties":{"id":"schalbach","also":[]},"geometry":{"type":"Polygon","coordinates":[[[7.14411,48.83501],[7.15343,48.8366],[7.19642,48.8271],[7.18745,48.81092],[7.13912,48.81719],[7.13703,48.82225],[7.14411,48.83501]]]}},{"type":"Feature","properties":{"id":"schellenbach","also":[]},"geometry":{"type":"Polygon","coordinates":[[[6.94553,49.44654],[6.99466,49.44489],[7.00953,49.43442],[7.01139,49.42532],[6.9876,49.42372],[6.97532,49.42505],[6.94553,49.44654]]]}},{"type":"Feature","properties":{"id":"scheuern-hasborn","also":[]},"geometry":{"type":"Polygon","coordinates":[[[6.94032,49.49306],[6.98003,49.50382],[6.98013,49.49887],[6.94178,49.47046],[6.93537,49.46867],[6.93166,49.48346],[6.94032,49.49306]]]}},{"type":"Feature","properties":{"id":"scheuerwald","also":[]},"geometry":{"type":"Polygon","coordinates":[[[6.48744,49.46187],[6.50846,49.45109],[6.50566,49.44604],[6.4785,49.44055],[6.47069,49.44855],[6.47236,49.45687],[6.48744,49.46187]]]}},{"type":"Feature","properties":{"id":"schmalenthal","also":[]},"geometry":{"type":"Polygon","coordinates":[[[7.5086,49.00399],[7.52249,48.9959],[7.47764,48.96063],[7.47568,48.96104],[7.46376,49.00386],[7.5086,49.00399]]]}},{"type":"Feature","properties":{"id":"schoenbourg","also":[]},"geometry":{"type":"Polygon","coordinates":[[[7.27107,48.85204],[7.32725,48.85151],[7.32032,48.84723],[7.25924,48.82002],[7.25343,48.8207],[7.24856,48.84268],[7.27107,48.85204]]]}},{"type":"Feature","properties":{"id":"schopperten","also":[]},"geometry":{"type":"Polygon","coordinates":[[[7.07721,48.96285],[7.06836,48.93954],[7.03748,48.94383],[7.03182,48.95724],[7.07721,48.96285]]]}},{"type":"Feature","properties":{"id":"schorbach","also":[]},"geometry":{"type":"Polygon","coordinates":[[[7.3958,49.09443],[7.42913,49.09324],[7.43215,49.09211],[7.44638,49.07894],[7.44712,49.07507],[7.39924,49.06043],[7.3858,49.06208],[7.3839,49.08762],[7.3958,49.09443]]]}},{"type":"Feature","properties":{"id":"schreckling","also":[]},"geometry":{"type":"Polygon","coordinates":[[[6.62736,49.30656],[6.63708,49.29202],[6.62011,49.28765],[6.60925,49.30062],[6.62736,49.30656]]]}},{"type":"Feature","properties":{"id":"schweix-gueblange-les-sarralbe","also":[]},"geometry":{"type":"Polygon","coordinates":[[[6.98353,48.99265],[6.98913,48.98278],[6.98912,48.97087],[6.97286,48.96634],[6.95533,48.98049],[6.95779,48.99064],[6.98353,48.99265]]]}},{"type":"Feature","properties":{"id":"schweix-pirmasens","also":[]},"geometry":{"type":"Polygon","coordinates":[[[7.50488,49.14249],[7.52496,49.13686],[7.51585,49.11398],[7.49437,49.13621],[7.50488,49.14249]]]}},{"type":"Feature","properties":{"id":"schwemlingen","also":[]},"geometry":{"type":"Polygon","coordinates":[[[6.59432,49.48022],[6.60179,49.4663],[6.58106,49.45986],[6.5672,49.4703],[6.58439,49.4816],[6.59432,49.48022]]]}},{"type":"Feature","properties":{"id":"schwerdorf","also":["burgesch","kottendorf"]},"geometry":{"type":"Polygon","coordinates":[[[6.56266,49.38334],[6.57309,49.38464],[6.59255,49.36162],[6.59027,49.35708],[6.57775,49.35409],[6.55477,49.36831],[6.5555,49.37273],[6.56266,49.38334]]]}},{"type":"Feature","properties":{"id":"schweyen","also":[]},"geometry":{"type":"Polygon","coordinates":[[[7.35042,49.16347],[7.3508,49.1644],[7.40516,49.18118],[7.42055,49.15608],[7.40613,49.14711],[7.35042,49.16347]]]}},{"type":"Feature","properties":{"id":"sehndorf","also":[]},"geometry":{"type":"Polygon","coordinates":[[[6.36015,49.50406],[6.41793,49.48507],[6.37444,49.47186],[6.34821,49.47926],[6.33941,49.50299],[6.36015,49.50406]]]}},{"type":"Feature","properties":{"id":"seingbouse","also":[]},"geometry":{"type":"Polygon","coordinates":[[[6.83084,49.12344],[6.84673,49.12048],[6.848,49.10752],[6.83185,49.0987],[6.81856,49.102],[6.81236,49.11562],[6.83084,49.12344]]]}},{"type":"Feature","properties":{"id":"seitzweiler","also":[]},"geometry":{"type":"Polygon","coordinates":[[[7.28406,49.50965],[7.33115,49.46861],[7.31564,49.4604],[7.30246,49.45605],[7.21538,49.47185],[7.22056,49.49321],[7.23732,49.5095],[7.28406,49.50965]]]}},{"type":"Feature","properties":{"id":"selbach","also":[]},"geometry":{"type":"Polygon","coordinates":[[[7.00769,49.53517],[7.03855,49.55249],[7.06476,49.5306],[7.05918,49.52541],[7.02926,49.51831],[7.00719,49.52119],[7.00769,49.53517]]]}},{"type":"Feature","properties":{"id":"setting","also":[]},"geometry":{"type":"Polygon","coordinates":[[[7.1479,49.10036],[7.14729,49.06988],[7.14096,49.06823],[7.11134,49.07562],[7.13523,49.10243],[7.1479,49.10036]]]}},{"type":"Feature","properties":{"id":"sierck","also":["basse-contz","bestroff","gongelfang","haute-contz","koenigsberg","marienfloss"]},"geometry":{"type":"Polygon","coordinates":[[[6.36556,49.44714],[6.36832,49.43018],[6.35218,49.42414],[6.34344,49.42856],[6.34454,49.4551],[6.36556,49.44714]]]}},{"type":"Feature","properties":{"id":"siersberg","also":[]},"geometry":{"type":"Polygon","coordinates":[[[6.66839,49.3686],[6.70068,49.36861],[6.69112,49.35803],[6.66883,49.36332],[6.66839,49.3686]]]}},{"type":"Feature","properties":{"id":"siersdorf","also":[]},"geometry":{"type":"Polygon","coordinates":[[[6.66773,49.37644],[6.66883,49.36332],[6.63695,49.36612],[6.63414,49.36867],[6.66773,49.37644]]]}},{"type":"Feature","properties":{"id":"siersthal","also":[]},"geometry":{"type":"Polygon","coordinates":[[[7.32563,49.04793],[7.37298,49.05434],[7.37248,49.04986],[7.33694,49.02952],[7.31677,49.03234],[7.32563,49.04793]]]}},{"type":"Feature","properties":{"id":"silwingen","also":[]},"geometry":{"type":"Polygon","coordinates":[[[6.57093,49.43948],[6.59015,49.43034],[6.57984,49.41035],[6.56666,49.41168],[6.55202,49.43335],[6.57093,49.43948]]]}},{"type":"Feature","properties":{"id":"silzheim","also":[]},"geometry":{"type":"Polygon","coordinates":[[[7.09035,49.07689],[7.09518,49.07699],[7.10563,49.07446],[7.10893,49.04776],[7.09649,49.03894],[7.06596,49.04417],[7.0652,49.05784],[7.09035,49.07689]]]}},{"type":"Feature","properties":{"id":"simten","also":[]},"geometry":{"type":"Polygon","coordinates":[[[7.58791,49.18798],[7.61848,49.18815],[7.58944,49.15177],[7.57195,49.1702],[7.58791,49.18798]]]}},{"type":"Feature","properties":{"id":"sotzeling","also":[]},"geometry":{"type":"Polygon","coordinates":[[[6.64081,48.87796],[6.66001,48.86613],[6.63731,48.85341],[6.63106,48.85626],[6.61313,48.87254],[6.62044,48.87531],[6.64081,48.87796]]]}},{"type":"Feature","properties":{"id":"sotzweiler","also":[]},"geometry":{"type":"Polygon","coordinates":[[[7.0186,49.47269],[7.0301,49.46419],[7.00953,49.43442],[6.99466,49.44489],[6.98027,49.45932],[6.98017,49.4652],[7.0186,49.47269]]]}},{"type":"Feature","properties":{"id":"spicheren","also":["ruchling"]},"geometry":{"type":"Polygon","coordinates":[[[6.92922,49.23039],[6.98176,49.21328],[6.99703,49.19954],[6.9801,49.18209],[6.93559,49.19083],[6.93385,49.19244],[6.92922,49.23039]]]}},{"type":"Feature","properties":{"id":"steinbach-audviller","also":[]},"geometry":{"type":"Polygon","coordinates":[[[6.95779,48.99064],[6.95533,48.98049],[6.94507,48.97717],[6.92556,48.99031],[6.94325,48.99668],[6.95779,48.99064]]]}},{"type":"Feature","properties":{"id":"steinbach-eppelborn","also":[]},"geometry":{"type":"Polygon","coordinates":[[[6.93537,49.46867],[6.94178,49.47046],[6.9794,49.46379],[6.98027,49.45932],[6.93776,49.44977],[6.9326,49.45048],[6.92862,49.45438],[6.92609,49.46165],[6.93537,49.46867]]]}},{"type":"Feature","properties":{"id":"steinhausen","also":[]},"geometry":{"type":"Polygon","coordinates":[[[7.416,49.23246],[7.43119,49.23585],[7.4472,49.23726],[7.46331,49.23658],[7.47662,49.23439],[7.47236,49.1749],[7.41736,49.18792],[7.41026,49.1906],[7.416,49.23246]]]}},{"type":"Feature","properties":{"id":"stoncourt-les-villers","also":[]},"geometry":{"type":"Polygon","coordinates":[[[6.40615,49.06873],[6.43053,49.03972],[6.40355,49.03521],[6.37773,49.04111],[6.34822,49.07471],[6.40615,49.06873]]]}},{"type":"Feature","properties":{"id":"struth","also":[]},"geometry":{"type":"Polygon","coordinates":[[[7.26734,48.90269],[7.27693,48.89575],[7.28389,48.88726],[7.24511,48.8787],[7.23222,48.89445],[7.26734,48.90269]]]}},{"type":"Feature","properties":{"id":"stuckange","also":[]},"geometry":{"type":"Polygon","coordinates":[[[6.21746,49.3365],[6.2497,49.33614],[6.25659,49.32265],[6.24525,49.31633],[6.20882,49.31845],[6.20978,49.32943],[6.21746,49.3365]]]}},{"type":"Feature","properties":{"id":"sturzelbronn","also":[]},"geometry":{"type":"Polygon","coordinates":[[[7.55134,49.08261],[7.63475,49.09699],[7.63671,49.09353],[7.61724,49.04211],[7.5816,49.02989],[7.56391,49.03288],[7.52554,49.05617],[7.53532,49.07081],[7.55134,49.08261]]]}},{"type":"Feature","properties":{"id":"suisse","also":[]},"geometry":{"type":"Polygon","coordinates":[[[6.58243,48.98055],[6.59482,48.97253],[6.59641,48.95643],[6.55912,48.9523],[6.56625,48.97286],[6.58243,48.98055]]]}},{"type":"Feature","properties":{"id":"tarquimpol","also":["alteville","tripoli"]},"geometry":{"type":"Polygon","coordinates":[[[6.73675,48.79707],[6.77961,48.80213],[6.7854,48.78828],[6.76277,48.76046],[6.72724,48.78528],[6.72539,48.7901],[6.73675,48.79707]]]}},{"type":"Feature","properties":{"id":"tenteling","also":[]},"geometry":{"type":"Polygon","coordinates":[[[6.92883,49.13977],[6.94865,49.13587],[6.9541,49.12113],[6.95268,49.11794],[6.92795,49.11644],[6.92329,49.13834],[6.92883,49.13977]]]}},{"type":"Feature","properties":{"id":"teterchen","also":["penning"]},"geometry":{"type":"Polygon","coordinates":[[[6.53977,49.22646],[6.5536,49.24497],[6.57533,49.24428],[6.58387,49.24046],[6.58652,49.23384],[6.5807,49.21727],[6.55461,49.21337],[6.54637,49.21823],[6.53977,49.22646]]]}},{"type":"Feature","properties":{"id":"teting","also":["metring"]},"geometry":{"type":"Polygon","coordinates":[[[6.66075,49.07358],[6.6888,49.05236],[6.68123,49.04344],[6.66667,49.04127],[6.63242,49.06162],[6.63363,49.06299],[6.66075,49.07358]]]}},{"type":"Feature","properties":{"id":"thal","also":[]},"geometry":{"type":"Polygon","coordinates":[[[7.15141,48.93391],[7.16162,48.93345],[7.17923,48.92222],[7.16474,48.90855],[7.13511,48.90448],[7.12649,48.91365],[7.15141,48.93391]]]}},{"type":"Feature","properties":{"id":"thalexweiler","also":[]},"geometry":{"type":"Polygon","coordinates":[[[6.98027,49.45932],[6.99466,49.44489],[6.94553,49.44654],[6.93776,49.44977],[6.98027,49.45932]]]}},{"type":"Feature","properties":{"id":"thalfroschen","also":[]},"geometry":{"type":"Polygon","coordinates":[[[7.58205,49.22463],[7.50346,49.22837],[7.48727,49.23559],[7.48538,49.24116],[7.48536,49.25874],[7.49159,49.27223],[7.49966,49.28139],[7.51153,49.29006],[7.61668,49.23454],[7.58205,49.22463]]]}},{"type":"Feature","properties":{"id":"theding","also":[]},"geometry":{"type":"Polygon","coordinates":[[[6.87706,49.13829],[6.91038,49.13726],[6.89479,49.11085],[6.88985,49.11078],[6.86922,49.13003],[6.87706,49.13829]]]}},{"type":"Feature","properties":{"id":"theley","also":[]},"geometry":{"type":"Polygon","coordinates":[[[6.98014,49.5069],[7.00719,49.52119],[7.02926,49.51831],[7.04723,49.4943],[7.00926,49.48697],[6.98116,49.50086],[6.98014,49.5069]]]}},{"type":"Feature","properties":{"id":"thicourt","also":[]},"geometry":{"type":"Polygon","coordinates":[[[6.54632,49.00383],[6.55852,49.00596],[6.57268,48.99082],[6.54376,48.98141],[6.53245,48.98864],[6.54632,49.00383]]]}},{"type":"Feature","properties":{"id":"thionville","also":[]},"geometry":{"type":"Polygon","coordinates":[[[6.17927,49.35006],[6.17236,49.34298],[6.09677,49.33114],[6.09161,49.33806],[6.08712,49.34821],[6.08575,49.35875],[6.08754,49.36926],[6.09245,49.37934],[6.10027,49.38861],[6.11072,49.3967],[6.12338,49.4033],[6.13778,49.40817],[6.15749,49.41152],[6.1779,49.36448],[6.17927,49.35006]]]}},{"type":"Feature","properties":{"id":"tholey","also":["imshach","schaumberg"]},"geometry":{"type":"Polygon","coordinates":[[[7.04723,49.4943],[7.05977,49.4896],[7.0434,49.46702],[7.0301,49.46419],[7.0186,49.47269],[7.00926,49.48697],[7.04723,49.4943]]]}},{"type":"Feature","properties":{"id":"thonville","also":[]},"geometry":{"type":"Polygon","coordinates":[[[6.57268,48.99082],[6.58256,48.98495],[6.58243,48.98055],[6.56625,48.97286],[6.54376,48.98141],[6.57268,48.99082]]]}},{"type":"Feature","properties":{"id":"tieffenbach","also":[]},"geometry":{"type":"Polygon","coordinates":[[[7.22939,48.91319],[7.26444,48.91116],[7.26734,48.90269],[7.23222,48.89445],[7.22695,48.89736],[7.22696,48.91162],[7.22939,48.91319]]]}},{"type":"Feature","properties":{"id":"torcheville","also":[]},"geometry":{"type":"Polygon","coordinates":[[[6.8382,48.92317],[6.87616,48.91775],[6.87848,48.90787],[6.84729,48.8943],[6.83336,48.89556],[6.82709,48.91542],[6.8382,48.92317]]]}},{"type":"Feature","properties":{"id":"tritteling","also":[]},"geometry":{"type":"Polygon","coordinates":[[[6.61882,49.09499],[6.63363,49.06299],[6.63242,49.06162],[6.62025,49.05701],[6.60956,49.05854],[6.58609,49.07943],[6.5857,49.08503],[6.61882,49.09499]]]}},{"type":"Feature","properties":{"id":"tromborn","also":[]},"geometry":{"type":"Polygon","coordinates":[[[6.57472,49.26906],[6.6074,49.26291],[6.61027,49.25562],[6.58387,49.24046],[6.57533,49.24428],[6.57472,49.26906]]]}},{"type":"Feature","properties":{"id":"trulben","also":["imsbach"]},"geometry":{"type":"Polygon","coordinates":[[[7.54173,49.14916],[7.59324,49.14037],[7.54903,49.12663],[7.52531,49.13651],[7.54173,49.14916]]]}},{"type":"Feature","properties":{"id":"tunsdorf","also":[]},"geometry":{"type":"Polygon","coordinates":[[[6.49701,49.49543],[6.51377,49.48936],[6.52216,49.47461],[6.48851,49.4634],[6.48241,49.48826],[6.48328,49.49012],[6.49701,49.49543]]]}},{"type":"Feature","properties":{"id":"tunting","also":[]},"geometry":{"type":"Polygon","coordinates":[[[6.45697,49.46494],[6.47236,49.45687],[6.47069,49.44855],[6.44706,49.44187],[6.4416,49.45502],[6.44757,49.46438],[6.45697,49.46494]]]}},{"type":"Feature","properties":{"id":"turquestein","also":[]},"geometry":{"type":"Polygon","coordinates":[[[7.00992,48.56544],[7.03951,48.60548],[7.11449,48.56767],[7.10567,48.55695],[7.09126,48.5466],[7.07807,48.54067],[7.05827,48.53561],[7.05478,48.53513],[7.02114,48.55313],[7.00992,48.56544]]]}},{"type":"Feature","properties":{"id":"uberkinger","also":[]},"geometry":{"type":"Polygon","coordinates":[[[6.8929,48.99554],[6.90203,48.99522],[6.92229,48.98986],[6.92272,48.97331],[6.88559,48.97501],[6.88327,48.9786],[6.8929,48.99554]]]}},{"type":"Feature","properties":{"id":"uchtelfangen","also":[]},"geometry":{"type":"Polygon","coordinates":[[[7.0239,49.41648],[7.04241,49.41309],[7.03501,49.37253],[6.99778,49.37787],[6.99245,49.38832],[7.0239,49.41648]]]}},{"type":"Feature","properties":{"id":"urbach","also":[]},"geometry":{"type":"Polygon","coordinates":[[[7.32952,49.10823],[7.35077,49.09253],[7.3298,49.07755],[7.30634,49.08928],[7.29776,49.0971],[7.32952,49.10823]]]}},{"type":"Feature","properties":{"id":"utweiler","also":[]},"geometry":{"type":"Polygon","coordinates":[[[7.29199,49.15068],[7.3184,49.12409],[7.29008,49.10931],[7.26394,49.1375],[7.27812,49.15223],[7.29199,49.15068]]]}},{"type":"Feature","properties":{"id":"v-olksherg","also":[]},"geometry":{"type":"Polygon","coordinates":[[[7.27667,48.97343],[7.31485,48.96946],[7.32873,48.95209],[7.31204,48.93035],[7.29598,48.92705],[7.27893,48.93038],[7.26544,48.94023],[7.27667,48.97343]]]}},{"type":"Feature","properties":{"id":"vahl-dieuze","also":[]},"geometry":{"type":"Polygon","coordinates":[[[6.76223,48.92295],[6.79569,48.92618],[6.80575,48.91788],[6.79185,48.90076],[6.7782,48.90144],[6.76223,48.92295]]]}},{"type":"Feature","properties":{"id":"vahl-ebersing","also":[]},"geometry":{"type":"Polygon","coordinates":[[[6.74427,49.06158],[6.7658,49.06091],[6.77383,49.04827],[6.77246,49.04376],[6.76882,49.04289],[6.73145,49.04392],[6.72655,49.05467],[6.74427,49.06158]]]}},{"type":"Feature","properties":{"id":"vahl-faulquemont","also":[]},"geometry":{"type":"Polygon","coordinates":[[[6.62073,49.0403],[6.64225,49.02982],[6.64091,49.01237],[6.62897,49.01303],[6.59629,49.02176],[6.62073,49.0403]]]}},{"type":"Feature","properties":{"id":"valette","also":[]},"geometry":{"type":"Polygon","coordinates":[[[6.81527,49.05454],[6.84675,49.06175],[6.86422,49.05862],[6.87509,49.04703],[6.86233,49.03847],[6.82191,49.04384],[6.81849,49.04525],[6.81527,49.05454]]]}},{"type":"Feature","properties":{"id":"vallerange","also":[]},"geometry":{"type":"Polygon","coordinates":[[[6.71489,48.95063],[6.68675,48.93512],[6.65727,48.9408],[6.67397,48.95987],[6.71489,48.95063]]]}},{"type":"Feature","properties":{"id":"valmont","also":[]},"geometry":{"type":"Polygon","coordinates":[[[6.72212,49.09089],[6.72313,49.0896],[6.72253,49.08635],[6.70894,49.07059],[6.67412,49.08427],[6.6884,49.09762],[6.72212,49.09089]]]}},{"type":"Feature","properties":{"id":"valmunster","also":[]},"geometry":{"type":"Polygon","coordinates":[[[6.5193,49.25599],[6.52256,49.25586],[6.51895,49.23147],[6.50355,49.22762],[6.49914,49.23016],[6.48958,49.24906],[6.5193,49.25599]]]}},{"type":"Feature","properties":{"id":"vanne-court","also":[]},"geometry":{"type":"Polygon","coordinates":[[[6.54141,48.89456],[6.57058,48.87502],[6.55837,48.86728],[6.51254,48.86611],[6.49717,48.87361],[6.54141,48.89456]]]}},{"type":"Feature","properties":{"id":"varize","also":[]},"geometry":{"type":"Polygon","coordinates":[[[6.47774,49.13924],[6.46111,49.12996],[6.43996,49.1409],[6.45964,49.14643],[6.47774,49.13924]]]}},{"type":"Feature","properties":{"id":"varsberg","also":[]},"geometry":{"type":"Polygon","coordinates":[[[6.63191,49.18244],[6.64632,49.16749],[6.62788,49.15422],[6.62264,49.15562],[6.60565,49.17679],[6.63191,49.18244]]]}},{"type":"Feature","properties":{"id":"vatimont","also":[]},"geometry":{"type":"Polygon","coordinates":[[[6.46173,49.00564],[6.48946,48.99612],[6.50128,48.98352],[6.50097,48.98224],[6.47527,48.96545],[6.42368,48.98518],[6.42471,48.99112],[6.46173,49.00564]]]}},{"type":"Feature","properties":{"id":"vaudoncourt","also":[]},"geometry":{"type":"Polygon","coordinates":[[[6.42337,49.12774],[6.43711,49.14049],[6.43996,49.1409],[6.46111,49.12996],[6.45398,49.1176],[6.45068,49.11504],[6.42979,49.11939],[6.42308,49.12586],[6.42337,49.12774]]]}},{"type":"Feature","properties":{"id":"vaudreching","also":[]},"geometry":{"type":"Polygon","coordinates":[[[6.50885,49.29968],[6.53981,49.28252],[6.53465,49.26944],[6.50818,49.28168],[6.5049,49.2988],[6.50885,49.29968]]]}},{"type":"Feature","properties":{"id":"vaudrevange","also":[]},"geometry":{"type":"Polygon","coordinates":[[[6.68851,49.33482],[6.69325,49.33862],[6.72097,49.34261],[6.72857,49.34274],[6.74404,49.33405],[6.74371,49.33157],[6.72214,49.30736],[6.6929,49.31427],[6.68648,49.32092],[6.68851,49.33482]]]}},{"type":"Feature","properties":{"id":"veckersviller","also":[]},"geometry":{"type":"Polygon","coordinates":[[[7.21145,48.84952],[7.21269,48.84744],[7.20588,48.83184],[7.19642,48.8271],[7.15343,48.8366],[7.18015,48.85527],[7.21145,48.84952]]]}},{"type":"Feature","properties":{"id":"veckring","also":["hackenberg"]},"geometry":{"type":"Polygon","coordinates":[[[6.36453,49.33898],[6.37689,49.35538],[6.39514,49.34732],[6.39704,49.34207],[6.37562,49.32878],[6.36785,49.33013],[6.36453,49.33898]]]}},{"type":"Feature","properties":{"id":"velving","also":[]},"geometry":{"type":"Polygon","coordinates":[[[6.53356,49.25962],[6.5536,49.24497],[6.53977,49.22646],[6.51895,49.23147],[6.52256,49.25586],[6.53356,49.25962]]]}},{"type":"Feature","properties":{"id":"vergaville","also":["steinbach-vergaville"]},"geometry":{"type":"Polygon","coordinates":[[[6.76112,48.84997],[6.77329,48.82864],[6.73715,48.82417],[6.72164,48.85068],[6.76112,48.84997]]]}},{"type":"Feature","properties":{"id":"veschheim","also":[]},"geometry":{"type":"Polygon","coordinates":[[[7.21752,48.80382],[7.23097,48.80254],[7.23971,48.7903],[7.23373,48.78284],[7.23056,48.7829],[7.20435,48.79668],[7.20322,48.79851],[7.21752,48.80382]]]}},{"type":"Feature","properties":{"id":"vibersviller","also":[]},"geometry":{"type":"Polygon","coordinates":[[[6.93942,48.92991],[6.95844,48.92622],[6.99184,48.89333],[6.9858,48.88692],[6.93726,48.88789],[6.92401,48.8984],[6.92482,48.9103],[6.93942,48.92991]]]}},{"type":"Feature","properties":{"id":"vic-sur-seille","also":[]},"geometry":{"type":"Polygon","coordinates":[[[6.52254,48.80187],[6.55281,48.79584],[6.53655,48.75218],[6.52827,48.7463],[6.50129,48.7651],[6.52254,48.80187]]]}},{"type":"Feature","properties":{"id":"vieux-lixheim","also":[]},"geometry":{"type":"Polygon","coordinates":[[[7.14383,48.78743],[7.12788,48.76113],[7.11504,48.76657],[7.11327,48.79237],[7.13384,48.79899],[7.14383,48.78743]]]}},{"type":"Feature","properties":{"id":"viller","also":[]},"geometry":{"type":"Polygon","coordinates":[[[6.652,49.00523],[6.66903,49.00295],[6.67746,49.00046],[6.68013,48.98911],[6.67138,48.97682],[6.63528,48.97065],[6.62622,48.97839],[6.62524,48.98648],[6.652,49.00523]]]}},{"type":"Feature","properties":{"id":"villers-bettnach","also":["goderscheuren"]},"geometry":{"type":"Polygon","coordinates":[[[6.36013,49.24854],[6.38793,49.23139],[6.38645,49.22793],[6.35928,49.21393],[6.34031,49.23736],[6.34805,49.24574],[6.36013,49.24854]]]}},{"type":"Feature","properties":{"id":"villers-stoncourt","also":[]},"geometry":{"type":"Polygon","coordinates":[[[6.40615,49.06873],[6.45866,49.06422],[6.46141,49.04446],[6.43053,49.03972],[6.40615,49.06873]]]}},{"type":"Feature","properties":{"id":"villing","also":["gaweistroff"]},"geometry":{"type":"Polygon","coordinates":[[[6.62011,49.28765],[6.63708,49.29202],[6.64011,49.29136],[6.65013,49.28433],[6.63447,49.27264],[6.6145,49.27379],[6.61378,49.2819],[6.62011,49.28765]]]}},{"type":"Feature","properties":{"id":"vilsberg","also":[]},"geometry":{"type":"Polygon","coordinates":[[[7.25511,48.79615],[7.28453,48.79308],[7.30204,48.78119],[7.24271,48.77567],[7.23373,48.78284],[7.23971,48.7903],[7.25511,48.79615]]]}},{"type":"Feature","properties":{"id":"vinningen","also":["stanwenstein"]},"geometry":{"type":"Polygon","coordinates":[[[7.53289,49.1776],[7.57195,49.1702],[7.58944,49.15177],[7.59579,49.14067],[7.54173,49.14916],[7.52812,49.17319],[7.53289,49.1776]]]}},{"type":"Feature","properties":{"id":"virming","also":[]},"geometry":{"type":"Polygon","coordinates":[[[6.73806,48.95921],[6.7661,48.94165],[6.75506,48.92499],[6.7414,48.92374],[6.71987,48.95182],[6.72099,48.95347],[6.73806,48.95921]]]}},{"type":"Feature","properties":{"id":"vittersbourg","also":[]},"geometry":{"type":"Polygon","coordinates":[[[6.91731,48.96006],[6.95069,48.95645],[6.93419,48.93477],[6.89835,48.94095],[6.9015,48.95365],[6.91731,48.96006]]]}},{"type":"Feature","properties":{"id":"vittoncourt","also":[]},"geometry":{"type":"Polygon","coordinates":[[[6.40355,49.03521],[6.46141,49.04446],[6.46524,49.04156],[6.46173,49.00564],[6.42471,48.99112],[6.42227,48.99265],[6.40355,49.03521]]]}},{"type":"Feature","properties":{"id":"voelklingen","also":[]},"geometry":{"type":"Polygon","coordinates":[[[6.83507,49.27854],[6.90422,49.29707],[6.92324,49.28482],[6.93144,49.27571],[6.93611,49.26736],[6.92541,49.23401],[6.92152,49.2329],[6.82278,49.232],[6.81669,49.25015],[6.83507,49.27854]]]}},{"type":"Feature","properties":{"id":"voellerdingen","also":[]},"geometry":{"type":"Polygon","coordinates":[[[7.09425,48.97468],[7.15568,48.98339],[7.16646,48.97115],[7.16217,48.96424],[7.12848,48.94654],[7.11721,48.94877],[7.09425,48.97468]]]}},{"type":"Feature","properties":{"id":"volmerange","also":["bingen"]},"geometry":{"type":"Polygon","coordinates":[[[6.45039,49.17928],[6.46991,49.17478],[6.46455,49.16302],[6.46075,49.16018],[6.44153,49.16137],[6.42943,49.17857],[6.45039,49.17928]]]}},{"type":"Feature","properties":{"id":"volmunster","also":[]},"geometry":{"type":"Polygon","coordinates":[[[7.37831,49.11788],[7.3607,49.1105],[7.33331,49.12239],[7.35277,49.1418],[7.37831,49.11788]]]}},{"type":"Feature","properties":{"id":"volstroff","also":[]},"geometry":{"type":"Polygon","coordinates":[[[6.25631,49.29098],[6.24525,49.31633],[6.25659,49.32265],[6.27018,49.32054],[6.27796,49.29587],[6.27165,49.28598],[6.25631,49.29098]]]}},{"type":"Feature","properties":{"id":"voyer","also":[]},"geometry":{"type":"Polygon","coordinates":[[[7.07593,48.67801],[7.08351,48.67639],[7.10441,48.65249],[7.06329,48.63278],[7.04792,48.63517],[7.04242,48.64694],[7.06556,48.67464],[7.07593,48.67801]]]}},{"type":"Feature","properties":{"id":"w-oustviller","also":[]},"geometry":{"type":"Polygon","coordinates":[[[7.01825,49.09182],[7.0255,49.07021],[7.00871,49.05731],[6.98623,49.07346],[6.98089,49.08561],[6.9915,49.08979],[7.01825,49.09182]]]}},{"type":"Feature","properties":{"id":"w-rth","also":[]},"geometry":{"type":"Polygon","coordinates":[[[7.70393,48.98041],[7.76823,48.9908],[7.7893,48.98465],[7.80579,48.97568],[7.81818,48.9642],[7.82564,48.951],[7.82766,48.93698],[7.82235,48.91975],[7.81221,48.90734],[7.79593,48.89627],[7.69142,48.93078],[7.70393,48.98041]]]}},{"type":"Feature","properties":{"id":"wadern","also":[]},"geometry":{"type":"Polygon","coordinates":[[[6.88507,49.56218],[6.91719,49.52229],[6.8848,49.50719],[6.87932,49.50688],[6.84325,49.52122],[6.84474,49.56109],[6.88507,49.56218]]]}},{"type":"Feature","properties":{"id":"wadgassen","also":[]},"geometry":{"type":"Polygon","coordinates":[[[6.74862,49.27401],[6.79789,49.29236],[6.83507,49.27854],[6.81669,49.25015],[6.74839,49.26351],[6.74862,49.27401]]]}},{"type":"Feature","properties":{"id":"wadrill","also":[]},"geometry":{"type":"Polygon","coordinates":[[[6.81361,49.61005],[6.82986,49.6241],[6.85221,49.63402],[6.87544,49.63849],[6.88495,49.63434],[6.91876,49.59732],[6.9056,49.57096],[6.90261,49.5678],[6.88507,49.56218],[6.84474,49.56109],[6.8055,49.59458],[6.81361,49.61005]]]}},{"type":"Feature","properties":{"id":"wahl-en","also":[]},"geometry":{"type":"Polygon","coordinates":[[[6.80988,49.51046],[6.8083,49.48065],[6.80067,49.47176],[6.77883,49.47081],[6.73756,49.49051],[6.72556,49.52401],[6.80988,49.51046]]]}},{"type":"Feature","properties":{"id":"waldeck","also":[]},"geometry":{"type":"Polygon","coordinates":[[[7.56391,49.03288],[7.53506,48.99438],[7.52249,48.9959],[7.5086,49.00399],[7.51568,49.05348],[7.52554,49.05617],[7.56391,49.03288]]]}},{"type":"Feature","properties":{"id":"waldhambach","also":[]},"geometry":{"type":"Polygon","coordinates":[[[7.21482,48.94591],[7.24144,48.93672],[7.22939,48.91319],[7.22696,48.91162],[7.18772,48.92173],[7.21482,48.94591]]]}},{"type":"Feature","properties":{"id":"waldhouse","also":[]},"geometry":{"type":"Polygon","coordinates":[[[7.46788,49.15482],[7.48339,49.13307],[7.48148,49.1319],[7.44756,49.13347],[7.44401,49.14181],[7.46788,49.15482]]]}},{"type":"Feature","properties":{"id":"waldvisse","also":[]},"geometry":{"type":"Polygon","coordinates":[[[6.51958,49.4191],[6.53518,49.42826],[6.54442,49.40238],[6.54002,49.39741],[6.52041,49.39538],[6.51354,49.39728],[6.51958,49.4191]]]}},{"type":"Feature","properties":{"id":"waldweistroff","also":[]},"geometry":{"type":"Polygon","coordinates":[[[6.48622,49.37236],[6.51627,49.36426],[6.51941,49.36018],[6.51574,49.34033],[6.50512,49.33906],[6.49317,49.34216],[6.48075,49.35057],[6.47942,49.3538],[6.48622,49.37236]]]}},{"type":"Feature","properties":{"id":"walschbronn","also":[]},"geometry":{"type":"Polygon","coordinates":[[[7.50323,49.16247],[7.50488,49.14249],[7.49437,49.13621],[7.48339,49.13307],[7.46788,49.15482],[7.47543,49.16775],[7.50323,49.16247]]]}},{"type":"Feature","properties":{"id":"walscheidt","also":[]},"geometry":{"type":"Polygon","coordinates":[[[7.14366,48.67098],[7.19381,48.63588],[7.19437,48.60787],[7.17398,48.60153],[7.15477,48.59923],[7.12169,48.64739],[7.14366,48.67098]]]}},{"type":"Feature","properties":{"id":"walsheim","also":[]},"geometry":{"type":"Polygon","coordinates":[[[7.27812,49.15223],[7.26394,49.1375],[7.2467,49.13218],[7.23887,49.13356],[7.2302,49.13827],[7.1854,49.19814],[7.20312,49.2043],[7.21882,49.2071],[7.27607,49.15605],[7.27812,49.15223]]]}},{"type":"Feature","properties":{"id":"wehingen","also":[]},"geometry":{"type":"Polygon","coordinates":[[[6.52216,49.47461],[6.52221,49.47458],[6.51875,49.45362],[6.50846,49.45109],[6.48744,49.46187],[6.48851,49.4634],[6.52216,49.47461]]]}},{"type":"Feature","properties":{"id":"weidesheim","also":[]},"geometry":{"type":"Polygon","coordinates":[[[7.10893,49.04776],[7.12689,49.05136],[7.15751,49.03943],[7.15284,49.02789],[7.09898,49.03584],[7.09649,49.03894],[7.10893,49.04776]]]}},{"type":"Feature","properties":{"id":"weiersbach-bleiderdingen","also":[]},"geometry":{"type":"Polygon","coordinates":[[[7.21205,49.60193],[7.18823,49.58276],[7.18251,49.58057],[7.14204,49.62531],[7.16833,49.61863],[7.21205,49.60193]]]}},{"type":"Feature","properties":{"id":"weiler","also":[]},"geometry":{"type":"Polygon","coordinates":[[[6.5672,49.4703],[6.58106,49.45986],[6.58281,49.45194],[6.57093,49.43948],[6.56898,49.43932],[6.55043,49.46199],[6.55312,49.47006],[6.5672,49.4703]]]}},{"type":"Feature","properties":{"id":"weinbourg","also":[]},"geometry":{"type":"Polygon","coordinates":[[[7.36551,48.87033],[7.38991,48.88388],[7.46939,48.89864],[7.51694,48.89042],[7.52123,48.87998],[7.52229,48.87253],[7.44098,48.83988],[7.41335,48.84976],[7.36551,48.87033]]]}},{"type":"Feature","properties":{"id":"weiskirch","also":[]},"geometry":{"type":"Polygon","coordinates":[[[7.33349,49.12209],[7.3607,49.1105],[7.35338,49.09326],[7.35077,49.09253],[7.32952,49.10823],[7.33349,49.12209]]]}},{"type":"Feature","properties":{"id":"weisslingen","also":[]},"geometry":{"type":"Polygon","coordinates":[[[7.26544,48.94023],[7.27893,48.93038],[7.26444,48.91116],[7.22939,48.91319],[7.24144,48.93672],[7.26544,48.94023]]]}},{"type":"Feature","properties":{"id":"weiten","also":[]},"geometry":{"type":"Polygon","coordinates":[[[6.55062,49.51315],[6.49911,49.52723],[6.54495,49.58396],[6.56881,49.58086],[6.59239,49.57229],[6.61046,49.55923],[6.62014,49.54541],[6.5666,49.51652],[6.55062,49.51315]]]}},{"type":"Feature","properties":{"id":"welferding","also":[]},"geometry":{"type":"Polygon","coordinates":[[[7.03843,49.13028],[7.04414,49.11374],[7.0457,49.09712],[7.02875,49.09727],[7.01362,49.12194],[7.02972,49.13257],[7.03843,49.13028]]]}},{"type":"Feature","properties":{"id":"wellingen-hilbringen","also":[]},"geometry":{"type":"Polygon","coordinates":[[[6.51875,49.45362],[6.53291,49.44913],[6.54175,49.43335],[6.53667,49.43075],[6.51018,49.43537],[6.50566,49.44604],[6.50846,49.45109],[6.51875,49.45362]]]}},{"type":"Feature","properties":{"id":"wentzviller","also":[]},"geometry":{"type":"Polygon","coordinates":[[[6.92556,48.99031],[6.94507,48.97717],[6.94194,48.97108],[6.92299,48.97358],[6.92229,48.98986],[6.92556,48.99031]]]}},{"type":"Feature","properties":{"id":"wetschhausen","also":[]},"geometry":{"type":"Polygon","coordinates":[[[7.21538,49.47185],[7.30246,49.45605],[7.30919,49.44924],[7.31545,49.43948],[7.31866,49.42912],[7.31871,49.41854],[7.3156,49.40816],[7.30945,49.39837],[7.29313,49.38439],[7.28031,49.37791],[7.26582,49.37319],[7.25019,49.37041],[7.23459,49.36967],[7.17314,49.45345],[7.18159,49.46274],[7.21538,49.47185]]]}},{"type":"Feature","properties":{"id":"weyer-drulingen","also":[]},"geometry":{"type":"Polygon","coordinates":[[[7.13965,48.86747],[7.16828,48.86774],[7.18015,48.85527],[7.15343,48.8366],[7.14411,48.83501],[7.13391,48.84699],[7.13965,48.86747]]]}},{"type":"Feature","properties":{"id":"wies","also":[]},"geometry":{"type":"Polygon","coordinates":[[[6.29494,49.5387],[6.29902,49.5545],[6.383,49.53859],[6.38056,49.53404],[6.31588,49.51464],[6.29879,49.5216],[6.29494,49.5387]]]}},{"type":"Feature","properties":{"id":"wiesbach","also":[]},"geometry":{"type":"Polygon","coordinates":[[[6.99245,49.38832],[6.99778,49.37787],[6.99847,49.36008],[6.96063,49.35683],[6.95135,49.37929],[6.95508,49.38388],[6.99245,49.38832]]]}},{"type":"Feature","properties":{"id":"wiesviller","also":[]},"geometry":{"type":"Polygon","coordinates":[[[7.1479,49.10036],[7.18838,49.06732],[7.187,49.06461],[7.17347,49.06175],[7.14729,49.06988],[7.1479,49.10036]]]}},{"type":"Feature","properties":{"id":"willer","also":[]},"geometry":{"type":"Polygon","coordinates":[[[7.06836,48.93954],[7.06935,48.93398],[7.05964,48.92367],[7.03579,48.93992],[7.03748,48.94383],[7.06836,48.93954]]]}},{"type":"Feature","properties":{"id":"willerwald","also":[]},"geometry":{"type":"Polygon","coordinates":[[[7.00173,49.03347],[7.00693,49.04197],[7.01006,49.04432],[7.06412,49.04339],[7.05277,49.01575],[7.0225,49.01242],[7.00589,49.01425],[7.00173,49.03347]]]}},{"type":"Feature","properties":{"id":"wimmenau","also":[]},"geometry":{"type":"Polygon","coordinates":[[[7.42412,48.94023],[7.46939,48.89864],[7.38991,48.88388],[7.40872,48.93622],[7.42412,48.94023]]]}},{"type":"Feature","properties":{"id":"wingen","also":[]},"geometry":{"type":"Polygon","coordinates":[[[7.3729,48.94177],[7.40872,48.93622],[7.38991,48.88388],[7.36551,48.87033],[7.35928,48.86989],[7.3483,48.91194],[7.3729,48.94177]]]}},{"type":"Feature","properties":{"id":"winterbach","also":[]},"geometry":{"type":"Polygon","coordinates":[[[7.08249,49.48975],[7.08583,49.49037],[7.17613,49.46707],[7.18159,49.46274],[7.17314,49.45345],[7.11313,49.43007],[7.09089,49.44974],[7.08249,49.48975]]]}},{"type":"Feature","properties":{"id":"wintersbourg","also":[]},"geometry":{"type":"Polygon","coordinates":[[[7.20322,48.79851],[7.20435,48.79668],[7.19785,48.77895],[7.18216,48.77855],[7.17512,48.78401],[7.17751,48.79531],[7.19071,48.80312],[7.20322,48.79851]]]}},{"type":"Feature","properties":{"id":"wintrange","also":[]},"geometry":{"type":"Polygon","coordinates":[[[6.71711,48.95895],[6.72099,48.95347],[6.71987,48.95182],[6.71489,48.95063],[6.67397,48.95987],[6.6731,48.97285],[6.71711,48.95895]]]}},{"type":"Feature","properties":{"id":"wintringen","also":[]},"geometry":{"type":"Polygon","coordinates":[[[7.1016,49.19023],[7.06826,49.15916],[7.06264,49.15794],[7.03878,49.17995],[7.04527,49.18428],[7.1016,49.19023]]]}},{"type":"Feature","properties":{"id":"winzeln","also":[]},"geometry":{"type":"Polygon","coordinates":[[[7.53009,49.18912],[7.58044,49.19817],[7.58791,49.18798],[7.57195,49.1702],[7.53289,49.1776],[7.53009,49.18912]]]}},{"type":"Feature","properties":{"id":"wittring","also":[]},"geometry":{"type":"Polygon","coordinates":[[[7.14729,49.06988],[7.17347,49.06175],[7.15751,49.03943],[7.12689,49.05136],[7.14096,49.06823],[7.14729,49.06988]]]}},{"type":"Feature","properties":{"id":"wochern","also":[]},"geometry":{"type":"Polygon","coordinates":[[[6.43147,49.52837],[6.43498,49.52724],[6.4384,49.49943],[6.43308,49.49377],[6.41933,49.48482],[6.36015,49.50406],[6.41898,49.52516],[6.43147,49.52837]]]}},{"type":"Feature","properties":{"id":"woelfling-bouzonville","also":[]},"geometry":{"type":"Polygon","coordinates":[[[6.60925,49.30062],[6.62011,49.28765],[6.61378,49.2819],[6.58208,49.2933],[6.60035,49.30176],[6.60925,49.30062]]]}},{"type":"Feature","properties":{"id":"woelfling-sarreguemines","also":[]},"geometry":{"type":"Polygon","coordinates":[[[7.15396,49.10254],[7.20205,49.09818],[7.21088,49.09311],[7.18838,49.06732],[7.14785,49.10054],[7.15396,49.10254]]]}},{"type":"Feature","properties":{"id":"wolfskirchen","also":[]},"geometry":{"type":"Polygon","coordinates":[[[7.08732,48.89509],[7.10676,48.88006],[7.09113,48.86663],[7.06037,48.8643],[7.05924,48.89106],[7.08732,48.89509]]]}},{"type":"Feature","properties":{"id":"wuisse","also":[]},"geometry":{"type":"Polygon","coordinates":[[[6.63731,48.85341],[6.66001,48.86613],[6.66701,48.86492],[6.66489,48.83012],[6.66178,48.82775],[6.63778,48.83203],[6.63731,48.85341]]]}},{"type":"Feature","properties":{"id":"xanrey","also":[]},"geometry":{"type":"Polygon","coordinates":[[[6.59285,48.77087],[6.6048,48.76721],[6.60615,48.74665],[6.58864,48.73505],[6.52942,48.73454],[6.52827,48.7463],[6.53655,48.75218],[6.59285,48.77087]]]}},{"type":"Feature","properties":{"id":"xocourt","also":[]},"geometry":{"type":"Polygon","coordinates":[[[6.37655,48.92765],[6.40859,48.90564],[6.38436,48.89752],[6.35882,48.90316],[6.35228,48.91372],[6.37655,48.92765]]]}},{"type":"Feature","properties":{"id":"xouaxange","also":[]},"geometry":{"type":"Polygon","coordinates":[[[6.98483,48.70936],[7.00721,48.70977],[7.02279,48.70177],[7.02249,48.6958],[6.99686,48.68292],[6.98927,48.68298],[6.98327,48.68824],[6.98052,48.70311],[6.98483,48.70936]]]}},{"type":"Feature","properties":{"id":"zarbeling","also":[]},"geometry":{"type":"Polygon","coordinates":[[[6.70641,48.89543],[6.68089,48.88005],[6.67443,48.8879],[6.67719,48.90614],[6.70641,48.89543]]]}},{"type":"Feature","properties":{"id":"zeurange","also":[]},"geometry":{"type":"Polygon","coordinates":[[[6.52041,49.39538],[6.54002,49.39741],[6.56266,49.38334],[6.5555,49.37273],[6.52306,49.37813],[6.52041,49.39538]]]}},{"type":"Feature","properties":{"id":"zilling","also":[]},"geometry":{"type":"Polygon","coordinates":[[[7.23056,48.7829],[7.2077,48.77138],[7.19785,48.77895],[7.20435,48.79668],[7.23056,48.7829]]]}},{"type":"Feature","properties":{"id":"zimming","also":["betting-zimming"]},"geometry":{"type":"Polygon","coordinates":[[[6.57121,49.13784],[6.58889,49.13857],[6.60904,49.1268],[6.60903,49.116],[6.57438,49.1123],[6.56236,49.11893],[6.55878,49.12463],[6.57121,49.13784]]]}},{"type":"Feature","properties":{"id":"zinzing","also":[]},"geometry":{"type":"Polygon","coordinates":[[[7.03701,49.17976],[7.02696,49.17097],[7.00981,49.16177],[6.98703,49.1669],[7.01932,49.18642],[7.03701,49.17976]]]}},{"type":"Feature","properties":{"id":"zollingen","also":[]},"geometry":{"type":"Polygon","coordinates":[[[7.09733,48.91169],[7.08732,48.89509],[7.05564,48.91994],[7.05908,48.9225],[7.09733,48.91169]]]}},{"type":"Feature","properties":{"id":"zommange","also":[]},"geometry":{"type":"Polygon","coordinates":[[[6.81068,48.84119],[6.81864,48.83702],[6.82964,48.81143],[6.78301,48.80683],[6.77376,48.8296],[6.81068,48.84119]]]}}]}