{"type":"FeatureCollection","features":[{"type":"Feature","properties":{"id":"advocacy-herbitzheim","from_year":1600,"to_year":1621,"settlements":6,"place_type":"advocacy"},"geometry":{"type":"MultiPolygon","coordinates":[[[[7.07754,48.98761],[7.06414,49.00621],[7.05277,49.01575],[7.06412,49.04339],[7.06596,49.04417],[7.09649,49.03894],[7.10966,49.01098],[7.15737,49.01243],[7.17285,49.00163],[7.16968,48.98537],[7.09425,48.97468],[7.07679,48.9628],[7.03182,48.95724],[7.01849,48.96122],[7.03258,48.98283],[7.04547,48.98647],[7.07754,48.98761]]],[[[6.97674,49.03327],[6.94782,49.04215],[6.95368,49.05389],[6.96248,49.05494],[7.00693,49.04197],[7.00173,49.03347],[6.97674,49.03327]]],[[[7.1854,49.19814],[7.2302,49.13827],[7.19543,49.14151],[7.17307,49.17556],[7.1806,49.19705],[7.1854,49.19814]]]]}},{"type":"Feature","properties":{"id":"advocacy-herbitzheim","from_year":1622,"to_year":1632,"settlements":5,"place_type":"advocacy"},"geometry":{"type":"MultiPolygon","coordinates":[[[[7.07754,48.98761],[7.06414,49.00621],[7.05277,49.01575],[7.06412,49.04339],[7.06596,49.04417],[7.09649,49.03894],[7.10966,49.01098],[7.15737,49.01243],[7.17285,49.00163],[7.16968,48.98537],[7.09425,48.97468],[7.07679,48.9628],[7.03182,48.95724],[7.01849,48.96122],[7.03258,48.98283],[7.04547,48.98647],[7.07754,48.98761]]],[[[7.1854,49.19814],[7.2302,49.13827],[7.19543,49.14151],[7.17307,49.17556],[7.1806,49.19705],[7.1854,49.19814]]]]}},{"type":"Feature","properties":{"id":"advocacy-saint-avold","from_year":1600,"to_year":1632,"settlements":4,"place_type":"advocacy"},"geometry":{"type":"MultiPolygon","coordinates":[[[[6.83315,49.01655],[6.82191,49.04384],[6.86233,49.03847],[6.85611,49.01936],[6.83315,49.01655]]],[[[6.86085,49.12912],[6.83754,49.1443],[6.83859,49.14861],[6.86979,49.15351],[6.85441,49.16941],[6.87917,49.18121],[6.8915,49.17388],[6.89515,49.16353],[6.90066,49.16171],[6.91557,49.13907],[6.91038,49.13726],[6.87706,49.13829],[6.86922,49.13003],[6.86085,49.12912]]]]}},{"type":"Feature","properties":{"id":"advocacy-saint-nabor","from_year":1600,"to_year":1632,"settlements":38,"place_type":"advocacy"},"geometry":{"type":"MultiPolygon","coordinates":[[[[6.7658,49.06091],[6.77383,49.04827],[6.81279,49.05637],[6.81527,49.05454],[6.81849,49.04525],[6.7962,49.02906],[6.80842,49.01085],[6.82453,49.01315],[6.84476,48.99163],[6.84097,48.98583],[6.8149,48.97973],[6.80732,48.98278],[6.77394,48.96402],[6.75714,48.96825],[6.7576,48.99286],[6.74432,49.00191],[6.72433,48.984],[6.71043,48.97907],[6.68013,48.98911],[6.67713,49.00186],[6.69628,49.0156],[6.72596,49.01715],[6.73145,49.04392],[6.72655,49.05467],[6.74427,49.06158],[6.7658,49.06091]]],[[[6.66075,49.07358],[6.66625,49.08136],[6.6748,49.08401],[6.67963,49.08942],[6.64716,49.11183],[6.67556,49.12943],[6.6809,49.12988],[6.69494,49.13597],[6.69401,49.15478],[6.71957,49.18494],[6.75089,49.20063],[6.78427,49.19258],[6.79306,49.19739],[6.87334,49.19568],[6.87917,49.18121],[6.8915,49.17388],[6.89515,49.16353],[6.90066,49.16171],[6.92453,49.16514],[6.93837,49.15773],[6.92883,49.13977],[6.92329,49.13834],[6.91557,49.13907],[6.91038,49.13726],[6.89479,49.11085],[6.88985,49.11078],[6.8748,49.1015],[6.848,49.10752],[6.83185,49.0987],[6.81856,49.102],[6.78204,49.08701],[6.77409,49.09195],[6.72313,49.0896],[6.72253,49.08635],[6.70894,49.07059],[6.7105,49.06001],[6.6888,49.05236],[6.67845,49.04016],[6.66734,49.04086],[6.64225,49.02982],[6.62073,49.0403],[6.62025,49.05701],[6.66075,49.07358]],[[6.75511,49.13944],[6.73694,49.12895],[6.7704,49.10465],[6.79827,49.11911],[6.80053,49.11957],[6.81272,49.11485],[6.83095,49.12341],[6.82489,49.13717],[6.83754,49.1443],[6.83859,49.14861],[6.81822,49.173],[6.78573,49.18909],[6.77522,49.15627],[6.75511,49.13944]]],[[[6.57438,49.1123],[6.57636,49.08978],[6.56527,49.08898],[6.53936,49.09991],[6.56236,49.11893],[6.57438,49.1123]]],[[[6.55643,49.18346],[6.55085,49.2055],[6.55461,49.21337],[6.54637,49.21823],[6.53977,49.22646],[6.5536,49.24497],[6.57533,49.24428],[6.58387,49.24046],[6.58652,49.23384],[6.5807,49.21727],[6.60129,49.20508],[6.62246,49.20808],[6.64781,49.20265],[6.63191,49.18244],[6.60565,49.17679],[6.59099,49.18192],[6.55643,49.18346]]],[[[6.45849,49.21598],[6.47438,49.21559],[6.49751,49.20738],[6.49788,49.20282],[6.47934,49.19448],[6.46027,49.19884],[6.45849,49.21598]]],[[[6.8382,48.92317],[6.83479,48.94226],[6.86462,48.94452],[6.89008,48.9362],[6.87616,48.91775],[6.8382,48.92317]]],[[[6.86972,49.0827],[6.87256,49.08409],[6.8912,49.08072],[6.90233,49.06328],[6.87228,49.05003],[6.86422,49.05862],[6.86972,49.0827]]]]}},{"type":"Feature","properties":{"id":"bailiwick-cercle-du-rhin-superieur","from_year":1600,"to_year":1621,"settlements":92,"place_type":"bailiwick"},"geometry":{"type":"MultiPolygon","coordinates":[[[[7.14107,48.59175],[7.06329,48.63278],[7.04792,48.63517],[7.04242,48.64694],[7.06556,48.67464],[7.07593,48.67801],[7.08351,48.67639],[7.10441,48.65249],[7.12169,48.64739],[7.14366,48.67098],[7.14399,48.67983],[7.1413,48.68668],[7.18122,48.69576],[7.2047,48.66253],[7.25073,48.68298],[7.26863,48.68351],[7.29306,48.67961],[7.30863,48.68262],[7.37954,48.63605],[7.37852,48.62593],[7.37443,48.6157],[7.3674,48.6062],[7.35913,48.59881],[7.24488,48.61266],[7.20978,48.60302],[7.19434,48.60788],[7.17398,48.60153],[7.15477,48.59923],[7.14107,48.59175]]],[[[7.08548,48.81073],[7.08523,48.81473],[7.04157,48.81812],[7.05171,48.84128],[7.04992,48.84672],[6.98653,48.86572],[6.9858,48.88692],[6.99184,48.89333],[6.95844,48.92622],[6.9749,48.94198],[6.98763,48.94117],[6.98766,48.9703],[6.98912,48.97087],[7.01796,48.96186],[7.03258,48.98283],[7.04547,48.98647],[7.07754,48.98761],[7.06414,49.00621],[7.05277,49.01575],[7.06412,49.04339],[7.06596,49.04417],[7.0652,49.05784],[7.09035,49.07689],[7.09518,49.07699],[7.10563,49.07446],[7.10893,49.04776],[7.09649,49.03894],[7.10966,49.01098],[7.15737,49.01243],[7.17285,49.00163],[7.16968,48.98537],[7.17306,48.9818],[7.18411,48.97693],[7.26267,48.98727],[7.27066,48.97405],[7.31485,48.96946],[7.32873,48.95209],[7.36823,48.94581],[7.3729,48.94177],[7.40872,48.93622],[7.38991,48.88388],[7.46939,48.89864],[7.51694,48.89042],[7.5188,48.88685],[7.52229,48.87253],[7.44387,48.84104],[7.39759,48.85654],[7.36551,48.87033],[7.35928,48.86989],[7.3447,48.86409],[7.33574,48.85332],[7.35679,48.77692],[7.3399,48.7674],[7.30204,48.78119],[7.28453,48.79308],[7.25511,48.79615],[7.23971,48.7903],[7.23373,48.78284],[7.23056,48.7829],[7.2077,48.77138],[7.19785,48.77895],[7.18216,48.77855],[7.17512,48.78401],[7.17751,48.79531],[7.19071,48.80312],[7.18745,48.81092],[7.19642,48.8271],[7.20588,48.83184],[7.21269,48.84744],[7.21145,48.84952],[7.18015,48.85527],[7.15343,48.8366],[7.14411,48.83501],[7.13703,48.82225],[7.13912,48.81719],[7.13384,48.79899],[7.078,48.78292],[7.05877,48.79037],[7.0584,48.79444],[7.08548,48.81073]],[[7.25924,48.82002],[7.27858,48.8068],[7.32032,48.84723],[7.25924,48.82002]]],[[[6.86605,48.8926],[6.87913,48.90508],[6.92401,48.8984],[6.93726,48.88789],[6.90741,48.86593],[6.87648,48.87234],[6.87281,48.87471],[6.86605,48.8926]]],[[[6.71043,48.97907],[6.68013,48.98911],[6.67713,49.00186],[6.69628,49.0156],[6.72596,49.01715],[6.7402,49.01081],[6.74432,49.00191],[6.72433,48.984],[6.71043,48.97907]]],[[[7.00871,49.05731],[7.01006,49.04432],[7.00693,49.04197],[7.00173,49.03347],[6.97674,49.03327],[6.94782,49.04215],[6.95368,49.05389],[6.96248,49.05494],[6.98623,49.07346],[6.98089,49.08561],[6.9915,49.08979],[7.01825,49.09182],[7.0255,49.07021],[7.00871,49.05731]]],[[[7.03036,49.1324],[7.03843,49.13028],[7.04414,49.11374],[7.0457,49.09712],[7.02875,49.09727],[7.01362,49.12194],[7.03036,49.1324]]],[[[6.86979,49.15351],[6.87371,49.15248],[6.87706,49.13829],[6.86922,49.13003],[6.86085,49.12912],[6.83754,49.1443],[6.83859,49.14861],[6.86979,49.15351]]],[[[6.66803,49.38361],[6.68655,49.38652],[6.70879,49.37476],[6.70227,49.37037],[6.66799,49.37334],[6.66565,49.37601],[6.66803,49.38361]]],[[[7.09173,49.13489],[7.07442,49.1331],[7.06264,49.15794],[7.06826,49.15916],[7.09129,49.15599],[7.10503,49.16476],[7.11757,49.15199],[7.10352,49.13846],[7.12264,49.12606],[7.12578,49.12202],[7.12585,49.10671],[7.10501,49.10647],[7.09173,49.13489]]],[[[7.76163,48.85329],[7.74278,48.84668],[7.71665,48.84328],[7.69251,48.8452],[7.6324,48.89659],[7.62003,48.89837],[7.60522,48.90242],[7.58408,48.91312],[7.57432,48.92152],[7.56823,48.9294],[7.62053,48.98159],[7.67537,48.99093],[7.70393,48.98041],[7.69142,48.93078],[7.7213,48.92092],[7.78855,48.87481],[7.78052,48.86569],[7.76163,48.85329]]],[[[7.28165,49.06824],[7.26764,49.0839],[7.29438,49.09852],[7.29776,49.0971],[7.30634,49.08928],[7.28165,49.06824]]],[[[7.17307,49.17556],[7.1806,49.19705],[7.1854,49.19814],[7.2302,49.13827],[7.19543,49.14151],[7.17307,49.17556]]]]}},{"type":"Feature","properties":{"id":"bailiwick-cercle-du-rhin-superieur","from_year":1622,"to_year":1632,"settlements":91,"place_type":"bailiwick"},"geometry":{"type":"MultiPolygon","coordinates":[[[[7.14107,48.59175],[7.06329,48.63278],[7.04792,48.63517],[7.04242,48.64694],[7.06556,48.67464],[7.07593,48.67801],[7.08351,48.67639],[7.10441,48.65249],[7.12169,48.64739],[7.14366,48.67098],[7.14399,48.67983],[7.1413,48.68668],[7.18122,48.69576],[7.2047,48.66253],[7.25073,48.68298],[7.26863,48.68351],[7.29306,48.67961],[7.30863,48.68262],[7.37954,48.63605],[7.37852,48.62593],[7.37443,48.6157],[7.3674,48.6062],[7.35913,48.59881],[7.24488,48.61266],[7.20978,48.60302],[7.19434,48.60788],[7.17398,48.60153],[7.15477,48.59923],[7.14107,48.59175]]],[[[7.08548,48.81073],[7.08523,48.81473],[7.04157,48.81812],[7.05171,48.84128],[7.04992,48.84672],[6.98653,48.86572],[6.9858,48.88692],[6.99184,48.89333],[6.95844,48.92622],[6.9749,48.94198],[6.98763,48.94117],[6.98766,48.9703],[6.98912,48.97087],[7.01796,48.96186],[7.03258,48.98283],[7.04547,48.98647],[7.07754,48.98761],[7.06414,49.00621],[7.05277,49.01575],[7.06412,49.04339],[7.06596,49.04417],[7.0652,49.05784],[7.09035,49.07689],[7.09518,49.07699],[7.10563,49.07446],[7.10893,49.04776],[7.09649,49.03894],[7.10966,49.01098],[7.15737,49.01243],[7.17285,49.00163],[7.16968,48.98537],[7.17306,48.9818],[7.18411,48.97693],[7.26267,48.98727],[7.27066,48.97405],[7.31485,48.96946],[7.32873,48.95209],[7.36823,48.94581],[7.3729,48.94177],[7.40872,48.93622],[7.38991,48.88388],[7.46939,48.89864],[7.51694,48.89042],[7.5188,48.88685],[7.52229,48.87253],[7.44387,48.84104],[7.39759,48.85654],[7.36551,48.87033],[7.35928,48.86989],[7.3447,48.86409],[7.33574,48.85332],[7.35679,48.77692],[7.3399,48.7674],[7.30204,48.78119],[7.28453,48.79308],[7.25511,48.79615],[7.23971,48.7903],[7.23373,48.78284],[7.23056,48.7829],[7.2077,48.77138],[7.19785,48.77895],[7.18216,48.77855],[7.17512,48.78401],[7.17751,48.79531],[7.19071,48.80312],[7.18745,48.81092],[7.19642,48.8271],[7.20588,48.83184],[7.21269,48.84744],[7.21145,48.84952],[7.18015,48.85527],[7.15343,48.8366],[7.14411,48.83501],[7.13703,48.82225],[7.13912,48.81719],[7.13384,48.79899],[7.078,48.78292],[7.05877,48.79037],[7.0584,48.79444],[7.08548,48.81073]],[[7.25924,48.82002],[7.27858,48.8068],[7.32032,48.84723],[7.25924,48.82002]]],[[[6.86605,48.8926],[6.87913,48.90508],[6.92401,48.8984],[6.93726,48.88789],[6.90741,48.86593],[6.87648,48.87234],[6.87281,48.87471],[6.86605,48.8926]]],[[[6.71043,48.97907],[6.68013,48.98911],[6.67713,49.00186],[6.69628,49.0156],[6.72596,49.01715],[6.7402,49.01081],[6.74432,49.00191],[6.72433,48.984],[6.71043,48.97907]]],[[[7.01825,49.09182],[7.0255,49.07021],[7.00871,49.05731],[7.01006,49.04432],[7.00693,49.04197],[6.96248,49.05494],[6.98623,49.07346],[6.98089,49.08561],[6.9915,49.08979],[7.01825,49.09182]]],[[[7.03036,49.1324],[7.03843,49.13028],[7.04414,49.11374],[7.0457,49.09712],[7.02875,49.09727],[7.01362,49.12194],[7.03036,49.1324]]],[[[7.06826,49.15916],[7.09129,49.15599],[7.10503,49.16476],[7.11757,49.15199],[7.10352,49.13846],[7.12264,49.12606],[7.12578,49.12202],[7.12585,49.10671],[7.10501,49.10647],[7.09173,49.13489],[7.07442,49.1331],[7.06221,49.15709],[7.06826,49.15916]]],[[[6.83859,49.14861],[6.86979,49.15351],[6.87371,49.15248],[6.87706,49.13829],[6.86922,49.13003],[6.86085,49.12912],[6.83754,49.1443],[6.83859,49.14861]]],[[[6.66565,49.37601],[6.66803,49.38361],[6.68655,49.38652],[6.70879,49.37476],[6.70227,49.37037],[6.66799,49.37334],[6.66565,49.37601]]],[[[7.76163,48.85329],[7.74278,48.84668],[7.71665,48.84328],[7.69251,48.8452],[7.6324,48.89659],[7.62003,48.89837],[7.60522,48.90242],[7.58408,48.91312],[7.57432,48.92152],[7.56823,48.9294],[7.62053,48.98159],[7.67537,48.99093],[7.70393,48.98041],[7.69142,48.93078],[7.7213,48.92092],[7.78855,48.87481],[7.78052,48.86569],[7.76163,48.85329]]],[[[7.28165,49.06824],[7.26764,49.0839],[7.29438,49.09852],[7.29776,49.0971],[7.30634,49.08928],[7.28165,49.06824]]],[[[7.17307,49.17556],[7.1806,49.19705],[7.1854,49.19814],[7.2302,49.13827],[7.19543,49.14151],[7.17307,49.17556]]]]}},{"type":"Feature","properties":{"id":"bailiwick-episcopal-de-vic","from_year":1600,"to_year":1621,"settlements":143,"place_type":"bailiwick"},"geometry":{"type":"MultiPolygon","coordinates":[[[[6.42736,48.70177],[6.41519,48.70861],[6.40527,48.7169],[6.39726,48.72766],[6.35241,48.73517],[6.32919,48.7437],[6.31438,48.75381],[6.30312,48.76778],[6.37304,48.80872],[6.37867,48.81879],[6.36996,48.82169],[6.33776,48.83981],[6.35581,48.86507],[6.40933,48.83398],[6.43724,48.83645],[6.44918,48.82343],[6.45755,48.82048],[6.47191,48.81166],[6.52122,48.80308],[6.52254,48.80187],[6.55281,48.79584],[6.57059,48.7991],[6.58199,48.78956],[6.59285,48.77087],[6.6048,48.76721],[6.60615,48.74665],[6.63362,48.73714],[6.65041,48.74915],[6.65909,48.75018],[6.67914,48.73731],[6.71149,48.74032],[6.7139,48.74189],[6.75293,48.74282],[6.76554,48.74874],[6.7703,48.74791],[6.82453,48.7598],[6.826,48.76852],[6.81997,48.77809],[6.7854,48.78828],[6.77961,48.80213],[6.78301,48.80683],[6.82964,48.81143],[6.84014,48.80775],[6.84735,48.80799],[6.8644,48.79982],[6.87908,48.78449],[6.88536,48.78183],[6.8744,48.75759],[6.90339,48.72002],[6.90897,48.72161],[6.97052,48.72331],[6.98483,48.70936],[7.00721,48.70977],[7.02279,48.70177],[7.02249,48.6958],[6.99686,48.68292],[7.01335,48.66863],[7.01392,48.66357],[7.03369,48.64956],[7.04242,48.64694],[7.04792,48.63517],[7.02972,48.61818],[7.03951,48.60548],[7.00658,48.56092],[6.99306,48.56535],[6.98708,48.57894],[7.01445,48.6163],[6.99383,48.62216],[6.9869,48.62237],[6.9707,48.64329],[6.94227,48.64177],[6.94675,48.6613],[6.97706,48.66425],[6.97775,48.67108],[6.95479,48.67908],[6.94246,48.67691],[6.93679,48.67127],[6.89184,48.67042],[6.86773,48.67755],[6.88306,48.62538],[6.88172,48.60937],[6.81658,48.61828],[6.76411,48.60469],[6.7518,48.61079],[6.75674,48.64483],[6.74044,48.67617],[6.63955,48.67002],[6.62916,48.66469],[6.6086,48.66802],[6.59726,48.66608],[6.52697,48.73022],[6.44436,48.6958],[6.42736,48.70177]],[[6.98327,48.68824],[6.98052,48.70311],[6.95119,48.6987],[6.9624,48.68783],[6.98327,48.68824]]],[[[6.55837,48.86728],[6.57058,48.87502],[6.54141,48.89456],[6.55621,48.90263],[6.55966,48.91001],[6.52972,48.92965],[6.52653,48.94031],[6.46951,48.93593],[6.47527,48.96545],[6.50097,48.98224],[6.50128,48.98352],[6.53245,48.98864],[6.54376,48.98141],[6.54459,48.98045],[6.53192,48.9471],[6.53282,48.9452],[6.54974,48.94686],[6.58321,48.92819],[6.57244,48.91429],[6.59804,48.90058],[6.60013,48.90136],[6.61957,48.89831],[6.62044,48.87531],[6.61313,48.87254],[6.63106,48.85626],[6.60782,48.84794],[6.61445,48.82917],[6.6057,48.82102],[6.57964,48.81389],[6.55331,48.8335],[6.57124,48.84851],[6.55837,48.86728]]],[[[6.29896,48.97972],[6.27969,48.98938],[6.26693,49.00068],[6.25905,49.01377],[6.25658,49.02776],[6.25971,49.04169],[6.26822,49.05463],[6.28153,49.06567],[6.29874,49.07408],[6.31868,49.07927],[6.3393,49.08088],[6.34822,49.07471],[6.37773,49.04111],[6.40355,49.03521],[6.46141,49.04446],[6.45866,49.06422],[6.46156,49.07023],[6.49562,49.07788],[6.49487,49.10184],[6.50521,49.11153],[6.50947,49.11147],[6.5267,49.09819],[6.53936,49.09991],[6.56527,49.08898],[6.57636,49.08978],[6.5857,49.08503],[6.58609,49.07943],[6.5702,49.06834],[6.55002,49.06964],[6.54424,49.07164],[6.52501,49.05745],[6.52354,49.04128],[6.51786,49.03882],[6.46524,49.04156],[6.46173,49.00564],[6.42471,48.99112],[6.42368,48.98518],[6.40391,48.95868],[6.4575,48.92992],[6.45041,48.89904],[6.40859,48.90564],[6.37655,48.92765],[6.37997,48.95405],[6.3003,48.97469],[6.29896,48.97972]]],[[[6.56457,49.03968],[6.57212,49.04582],[6.60956,49.05854],[6.62025,49.05701],[6.62073,49.0403],[6.59629,49.02176],[6.58934,49.02068],[6.57841,49.02255],[6.56457,49.03968]]],[[[6.52007,49.1788],[6.50938,49.19601],[6.55085,49.2055],[6.55643,49.18346],[6.59053,49.18178],[6.5822,49.16187],[6.56249,49.15277],[6.55363,49.15607],[6.53075,49.15018],[6.51112,49.17106],[6.52007,49.1788]]],[[[6.70456,48.76012],[6.72724,48.78528],[6.75001,48.76937],[6.70456,48.76012]]],[[[6.6946,48.92135],[6.68675,48.93512],[6.71489,48.95063],[6.71987,48.95182],[6.72099,48.95347],[6.71711,48.95895],[6.6731,48.97285],[6.67138,48.97682],[6.68013,48.98911],[6.67713,49.00186],[6.69628,49.0156],[6.67845,49.04016],[6.66734,49.04086],[6.63242,49.06162],[6.63363,49.06299],[6.66075,49.07358],[6.66625,49.08136],[6.6748,49.08401],[6.70894,49.07059],[6.72253,49.08635],[6.74386,49.07398],[6.74427,49.06158],[6.72655,49.05467],[6.73145,49.04392],[6.72596,49.01715],[6.734,49.01419],[6.76882,49.04289],[6.77246,49.04376],[6.78519,49.03137],[6.7962,49.02906],[6.80842,49.01085],[6.82453,49.01315],[6.84476,48.99163],[6.84097,48.98583],[6.8149,48.97973],[6.81896,48.97115],[6.78815,48.95019],[6.78213,48.9519],[6.77394,48.96402],[6.75714,48.96825],[6.74919,48.96576],[6.73806,48.95921],[6.7661,48.94165],[6.75506,48.92499],[6.76223,48.92295],[6.7782,48.90144],[6.79185,48.90076],[6.81064,48.88618],[6.78021,48.87418],[6.75631,48.88654],[6.73431,48.88667],[6.72905,48.89345],[6.73277,48.91682],[6.6946,48.92135]],[[6.7402,49.01081],[6.74432,49.00191],[6.7576,48.99286],[6.80079,48.99142],[6.80628,49.00857],[6.75228,49.01362],[6.7402,49.01081]]],[[[6.63617,48.94478],[6.62081,48.92713],[6.60019,48.92383],[6.58672,48.92855],[6.60826,48.95062],[6.62924,48.94987],[6.63617,48.94478]]],[[[6.652,49.00523],[6.62524,48.98648],[6.60669,48.99426],[6.62897,49.01303],[6.64091,49.01237],[6.652,49.00523]]],[[[6.75511,49.13944],[6.79827,49.11911],[6.7704,49.10465],[6.73694,49.12895],[6.75511,49.13944]]],[[[6.82489,49.13717],[6.83036,49.12454],[6.80273,49.13007],[6.80357,49.13682],[6.82489,49.13717]]],[[[6.9749,48.94198],[6.95947,48.95761],[6.95069,48.95645],[6.91731,48.96006],[6.9015,48.95365],[6.8884,48.96692],[6.88559,48.97501],[6.92272,48.97331],[6.92229,48.98986],[6.94325,48.99668],[6.95779,48.99064],[6.98353,48.99265],[6.98913,48.98278],[6.98912,48.97087],[7.01796,48.96186],[7.03258,48.98283],[7.04547,48.98647],[7.07754,48.98761],[7.06414,49.00621],[7.05277,49.01575],[7.06412,49.04339],[7.06596,49.04417],[7.0652,49.05784],[7.09035,49.07689],[7.09518,49.07699],[7.10563,49.07446],[7.10893,49.04776],[7.09649,49.03894],[7.10966,49.01098],[7.15737,49.01243],[7.17285,49.00163],[7.16968,48.98537],[7.17306,48.9818],[7.18411,48.97693],[7.26267,48.98727],[7.27066,48.97405],[7.25304,48.94928],[7.24708,48.94774],[7.21819,48.94892],[7.20193,48.95725],[7.16602,48.94013],[7.16162,48.93345],[7.17923,48.92222],[7.18806,48.92152],[7.1936,48.89975],[7.17625,48.88842],[7.1732,48.88991],[7.13176,48.88801],[7.12435,48.88063],[7.13965,48.86747],[7.16828,48.86774],[7.18067,48.88122],[7.20073,48.879],[7.21757,48.8631],[7.24282,48.87411],[7.27107,48.85204],[7.24856,48.84268],[7.21269,48.84744],[7.21145,48.84952],[7.18015,48.85527],[7.15343,48.8366],[7.14411,48.83501],[7.13703,48.82225],[7.13912,48.81719],[7.13384,48.79899],[7.078,48.78292],[7.05877,48.79037],[7.0584,48.79444],[7.08548,48.81073],[7.08523,48.81473],[7.04157,48.81812],[7.05171,48.84128],[7.04992,48.84672],[6.98653,48.86572],[6.9858,48.88692],[6.99184,48.89333],[6.95844,48.92622],[6.9749,48.94198]],[[7.10554,48.96123],[7.09404,48.97375],[7.07679,48.9628],[7.06811,48.93957],[7.0692,48.93383],[7.082,48.9323],[7.10554,48.96123]]],[[[6.86605,48.8926],[6.87913,48.90508],[6.92401,48.8984],[6.93726,48.88789],[6.90741,48.86593],[6.87648,48.87234],[6.87281,48.87471],[6.86605,48.8926]]],[[[6.93419,48.93477],[6.93942,48.92991],[6.92482,48.9103],[6.88955,48.93472],[6.89008,48.9362],[6.89835,48.94095],[6.93419,48.93477]]],[[[7.00173,49.03347],[6.97674,49.03327],[6.94782,49.04215],[6.95368,49.05389],[6.96248,49.05494],[7.00693,49.04197],[7.00173,49.03347]]],[[[6.81527,49.05454],[6.81279,49.05637],[6.80636,49.07137],[6.83431,49.08107],[6.84675,49.06175],[6.81527,49.05454]]],[[[6.90066,49.16171],[6.91557,49.13907],[6.91038,49.13726],[6.87706,49.13829],[6.87371,49.15248],[6.89515,49.16353],[6.90066,49.16171]]],[[[7.21162,48.71779],[7.23157,48.72644],[7.24169,48.72296],[7.26863,48.68351],[7.25073,48.68298],[7.20802,48.70364],[7.21162,48.71779]]],[[[7.19642,48.8271],[7.20588,48.83184],[7.22453,48.82099],[7.21752,48.80382],[7.20322,48.79851],[7.19071,48.80312],[7.18745,48.81092],[7.19642,48.8271]]],[[[7.26764,49.0839],[7.29438,49.09852],[7.29776,49.0971],[7.30634,49.08928],[7.28165,49.06824],[7.26764,49.0839]]],[[[7.1806,49.19705],[7.1854,49.19814],[7.2302,49.13827],[7.19543,49.14151],[7.17307,49.17556],[7.1806,49.19705]]]]}},{"type":"Feature","properties":{"id":"bailiwick-episcopal-de-vic","from_year":1622,"to_year":1632,"settlements":142,"place_type":"bailiwick"},"geometry":{"type":"MultiPolygon","coordinates":[[[[6.42736,48.70177],[6.41519,48.70861],[6.40527,48.7169],[6.39726,48.72766],[6.35241,48.73517],[6.32919,48.7437],[6.31438,48.75381],[6.30312,48.76778],[6.37304,48.80872],[6.37867,48.81879],[6.36996,48.82169],[6.33776,48.83981],[6.35581,48.86507],[6.40933,48.83398],[6.43724,48.83645],[6.44918,48.82343],[6.45755,48.82048],[6.47191,48.81166],[6.52122,48.80308],[6.52254,48.80187],[6.55281,48.79584],[6.57059,48.7991],[6.58199,48.78956],[6.59285,48.77087],[6.6048,48.76721],[6.60615,48.74665],[6.63362,48.73714],[6.65041,48.74915],[6.65909,48.75018],[6.67914,48.73731],[6.71149,48.74032],[6.7139,48.74189],[6.75293,48.74282],[6.76554,48.74874],[6.7703,48.74791],[6.82453,48.7598],[6.826,48.76852],[6.81997,48.77809],[6.7854,48.78828],[6.77961,48.80213],[6.78301,48.80683],[6.82964,48.81143],[6.84014,48.80775],[6.84735,48.80799],[6.8644,48.79982],[6.87908,48.78449],[6.88536,48.78183],[6.8744,48.75759],[6.90339,48.72002],[6.90897,48.72161],[6.97052,48.72331],[6.98483,48.70936],[7.00721,48.70977],[7.02279,48.70177],[7.02249,48.6958],[6.99686,48.68292],[7.01335,48.66863],[7.01392,48.66357],[7.03369,48.64956],[7.04242,48.64694],[7.04792,48.63517],[7.02972,48.61818],[7.03951,48.60548],[7.00658,48.56092],[6.99306,48.56535],[6.98708,48.57894],[7.01445,48.6163],[6.99383,48.62216],[6.9869,48.62237],[6.9707,48.64329],[6.94227,48.64177],[6.94675,48.6613],[6.97706,48.66425],[6.97775,48.67108],[6.95479,48.67908],[6.94246,48.67691],[6.93679,48.67127],[6.89184,48.67042],[6.86773,48.67755],[6.88306,48.62538],[6.88172,48.60937],[6.81658,48.61828],[6.76411,48.60469],[6.7518,48.61079],[6.75674,48.64483],[6.74044,48.67617],[6.63955,48.67002],[6.62916,48.66469],[6.6086,48.66802],[6.59726,48.66608],[6.52697,48.73022],[6.44436,48.6958],[6.42736,48.70177]],[[6.98327,48.68824],[6.98052,48.70311],[6.95119,48.6987],[6.9624,48.68783],[6.98327,48.68824]]],[[[6.55837,48.86728],[6.57058,48.87502],[6.54141,48.89456],[6.55621,48.90263],[6.55966,48.91001],[6.52972,48.92965],[6.52653,48.94031],[6.46951,48.93593],[6.47527,48.96545],[6.50097,48.98224],[6.50128,48.98352],[6.53245,48.98864],[6.54376,48.98141],[6.54459,48.98045],[6.53192,48.9471],[6.53282,48.9452],[6.54974,48.94686],[6.58321,48.92819],[6.57244,48.91429],[6.59804,48.90058],[6.60013,48.90136],[6.61957,48.89831],[6.62044,48.87531],[6.61313,48.87254],[6.63106,48.85626],[6.60782,48.84794],[6.61445,48.82917],[6.6057,48.82102],[6.57964,48.81389],[6.55331,48.8335],[6.57124,48.84851],[6.55837,48.86728]]],[[[6.29896,48.97972],[6.27969,48.98938],[6.26693,49.00068],[6.25905,49.01377],[6.25658,49.02776],[6.25971,49.04169],[6.26822,49.05463],[6.28153,49.06567],[6.29874,49.07408],[6.31868,49.07927],[6.3393,49.08088],[6.34822,49.07471],[6.37773,49.04111],[6.40355,49.03521],[6.46141,49.04446],[6.45866,49.06422],[6.46156,49.07023],[6.49562,49.07788],[6.49487,49.10184],[6.50521,49.11153],[6.50947,49.11147],[6.5267,49.09819],[6.53936,49.09991],[6.56527,49.08898],[6.57636,49.08978],[6.5857,49.08503],[6.58609,49.07943],[6.5702,49.06834],[6.55002,49.06964],[6.54424,49.07164],[6.52501,49.05745],[6.52354,49.04128],[6.51786,49.03882],[6.46524,49.04156],[6.46173,49.00564],[6.42471,48.99112],[6.42368,48.98518],[6.40391,48.95868],[6.4575,48.92992],[6.45041,48.89904],[6.40859,48.90564],[6.37655,48.92765],[6.37997,48.95405],[6.3003,48.97469],[6.29896,48.97972]]],[[[6.56457,49.03968],[6.57212,49.04582],[6.60956,49.05854],[6.62025,49.05701],[6.62073,49.0403],[6.59629,49.02176],[6.58934,49.02068],[6.57841,49.02255],[6.56457,49.03968]]],[[[6.52007,49.1788],[6.50938,49.19601],[6.55085,49.2055],[6.55643,49.18346],[6.59053,49.18178],[6.5822,49.16187],[6.56249,49.15277],[6.55363,49.15607],[6.53075,49.15018],[6.51112,49.17106],[6.52007,49.1788]]],[[[6.70456,48.76012],[6.72724,48.78528],[6.75001,48.76937],[6.70456,48.76012]]],[[[6.6946,48.92135],[6.68675,48.93512],[6.71489,48.95063],[6.71987,48.95182],[6.72099,48.95347],[6.71711,48.95895],[6.6731,48.97285],[6.67138,48.97682],[6.68013,48.98911],[6.67713,49.00186],[6.69628,49.0156],[6.67845,49.04016],[6.66734,49.04086],[6.63242,49.06162],[6.63363,49.06299],[6.66075,49.07358],[6.66625,49.08136],[6.6748,49.08401],[6.70894,49.07059],[6.72253,49.08635],[6.74386,49.07398],[6.74427,49.06158],[6.72655,49.05467],[6.73145,49.04392],[6.72596,49.01715],[6.734,49.01419],[6.76882,49.04289],[6.77246,49.04376],[6.78519,49.03137],[6.7962,49.02906],[6.80842,49.01085],[6.82453,49.01315],[6.84476,48.99163],[6.84097,48.98583],[6.8149,48.97973],[6.81896,48.97115],[6.78815,48.95019],[6.78213,48.9519],[6.77394,48.96402],[6.75714,48.96825],[6.74919,48.96576],[6.73806,48.95921],[6.7661,48.94165],[6.75506,48.92499],[6.76223,48.92295],[6.7782,48.90144],[6.79185,48.90076],[6.81064,48.88618],[6.78021,48.87418],[6.75631,48.88654],[6.73431,48.88667],[6.72905,48.89345],[6.73277,48.91682],[6.6946,48.92135]],[[6.7402,49.01081],[6.74432,49.00191],[6.7576,48.99286],[6.80079,48.99142],[6.80628,49.00857],[6.75228,49.01362],[6.7402,49.01081]]],[[[6.63617,48.94478],[6.62081,48.92713],[6.60019,48.92383],[6.58672,48.92855],[6.60826,48.95062],[6.62924,48.94987],[6.63617,48.94478]]],[[[6.652,49.00523],[6.62524,48.98648],[6.60669,48.99426],[6.62897,49.01303],[6.64091,49.01237],[6.652,49.00523]]],[[[6.75511,49.13944],[6.79827,49.11911],[6.7704,49.10465],[6.73694,49.12895],[6.75511,49.13944]]],[[[6.82489,49.13717],[6.83036,49.12454],[6.80273,49.13007],[6.80357,49.13682],[6.82489,49.13717]]],[[[6.91731,48.96006],[6.9015,48.95365],[6.8884,48.96692],[6.88559,48.97501],[6.92272,48.97331],[6.92229,48.98986],[6.94325,48.99668],[6.95779,48.99064],[6.98353,48.99265],[6.98913,48.98278],[6.98912,48.97087],[7.01796,48.96186],[7.03258,48.98283],[7.04547,48.98647],[7.07754,48.98761],[7.06414,49.00621],[7.05277,49.01575],[7.06412,49.04339],[7.06596,49.04417],[7.0652,49.05784],[7.09035,49.07689],[7.09518,49.07699],[7.10563,49.07446],[7.10893,49.04776],[7.09649,49.03894],[7.10966,49.01098],[7.15737,49.01243],[7.17285,49.00163],[7.16968,48.98537],[7.17306,48.9818],[7.18411,48.97693],[7.26267,48.98727],[7.27066,48.97405],[7.25304,48.94928],[7.24708,48.94774],[7.21819,48.94892],[7.20193,48.95725],[7.16602,48.94013],[7.16162,48.93345],[7.17923,48.92222],[7.18806,48.92152],[7.1936,48.89975],[7.17625,48.88842],[7.1732,48.88991],[7.13176,48.88801],[7.12435,48.88063],[7.13965,48.86747],[7.16828,48.86774],[7.18067,48.88122],[7.20073,48.879],[7.21757,48.8631],[7.24282,48.87411],[7.27107,48.85204],[7.24856,48.84268],[7.21269,48.84744],[7.21145,48.84952],[7.18015,48.85527],[7.15343,48.8366],[7.14411,48.83501],[7.13703,48.82225],[7.13912,48.81719],[7.13384,48.79899],[7.078,48.78292],[7.05877,48.79037],[7.0584,48.79444],[7.08548,48.81073],[7.08523,48.81473],[7.04157,48.81812],[7.05171,48.84128],[7.04992,48.84672],[6.98653,48.86572],[6.9858,48.88692],[6.99184,48.89333],[6.95844,48.92622],[6.9749,48.94198],[6.95947,48.95761],[6.95069,48.95645],[6.91731,48.96006]],[[7.082,48.9323],[7.10554,48.96123],[7.09404,48.97375],[7.07679,48.9628],[7.06811,48.93957],[7.0692,48.93383],[7.082,48.9323]]],[[[6.86605,48.8926],[6.87913,48.90508],[6.92401,48.8984],[6.93726,48.88789],[6.90741,48.86593],[6.87648,48.87234],[6.87281,48.87471],[6.86605,48.8926]]],[[[6.93419,48.93477],[6.93942,48.92991],[6.92482,48.9103],[6.88955,48.93472],[6.89008,48.9362],[6.89835,48.94095],[6.93419,48.93477]]],[[[6.84675,49.06175],[6.81527,49.05454],[6.81279,49.05637],[6.80636,49.07137],[6.83431,49.08107],[6.84675,49.06175]]],[[[6.90066,49.16171],[6.91557,49.13907],[6.91038,49.13726],[6.87706,49.13829],[6.87371,49.15248],[6.89515,49.16353],[6.90066,49.16171]]],[[[7.21162,48.71779],[7.23157,48.72644],[7.24169,48.72296],[7.26863,48.68351],[7.25073,48.68298],[7.20802,48.70364],[7.21162,48.71779]]],[[[7.19642,48.8271],[7.20588,48.83184],[7.22453,48.82099],[7.21752,48.80382],[7.20322,48.79851],[7.19071,48.80312],[7.18745,48.81092],[7.19642,48.8271]]],[[[7.26764,49.0839],[7.29438,49.09852],[7.29776,49.0971],[7.30634,49.08928],[7.28165,49.06824],[7.26764,49.0839]]],[[[7.1806,49.19705],[7.1854,49.19814],[7.2302,49.13827],[7.19543,49.14151],[7.17307,49.17556],[7.1806,49.19705]]]]}},{"type":"Feature","properties":{"id":"bailiwick-nancy","from_year":1600,"to_year":1632,"settlements":10,"place_type":"bailiwick"},"geometry":{"type":"MultiPolygon","coordinates":[[[[6.47191,48.81166],[6.45755,48.82048],[6.44918,48.82343],[6.43724,48.83645],[6.46298,48.87849],[6.45041,48.89904],[6.4575,48.92992],[6.46951,48.93593],[6.52653,48.94031],[6.52972,48.92965],[6.52225,48.91539],[6.46785,48.87839],[6.49717,48.87361],[6.54141,48.89456],[6.57058,48.87502],[6.55837,48.86728],[6.57124,48.84851],[6.55331,48.8335],[6.53392,48.83461],[6.52122,48.80308],[6.52254,48.80187],[6.50129,48.7651],[6.48294,48.76905],[6.47191,48.81166]]],[[[6.54974,48.94686],[6.53282,48.9452],[6.53192,48.9471],[6.54459,48.98045],[6.56625,48.97286],[6.55912,48.9523],[6.54974,48.94686]]],[[[6.54376,48.98141],[6.53245,48.98864],[6.54632,49.00383],[6.55852,49.00596],[6.57268,48.99082],[6.54376,48.98141]]],[[[6.37773,49.04111],[6.34822,49.07471],[6.45866,49.06422],[6.46141,49.04446],[6.40355,49.03521],[6.37773,49.04111]]]]}},{"type":"Feature","properties":{"id":"bailiwick-phalsbourg","from_year":1600,"to_year":1632,"settlements":6,"place_type":"bailiwick"},"geometry":{"type":"MultiPolygon","coordinates":[[[[7.20802,48.70364],[7.25073,48.68298],[7.2047,48.66253],[7.18122,48.69576],[7.1836,48.69772],[7.20802,48.70364]]],[[[7.33845,48.73595],[7.30863,48.68262],[7.29306,48.67961],[7.26863,48.68351],[7.24169,48.72296],[7.23157,48.72644],[7.23143,48.72906],[7.25845,48.75078],[7.24003,48.75821],[7.2101,48.75306],[7.20607,48.75373],[7.2077,48.77138],[7.23056,48.7829],[7.23373,48.78284],[7.23971,48.7903],[7.25511,48.79615],[7.28453,48.79308],[7.30204,48.78119],[7.3399,48.7674],[7.33785,48.75573],[7.33244,48.74528],[7.33845,48.73595]]]]}},{"type":"Feature","properties":{"id":"bailiwick-vie","from_year":1600,"to_year":1632,"settlements":1,"place_type":"bailiwick"},"geometry":{"type":"Polygon","coordinates":[[[6.83754,49.1443],[6.86085,49.12912],[6.84673,49.12048],[6.83095,49.12341],[6.82489,49.13717],[6.83754,49.1443]]]}},{"type":"Feature","properties":{"id":"bailliage-allemagne","from_year":1600,"to_year":1622,"settlements":707,"place_type":"bailiwick"},"geometry":{"type":"MultiPolygon","coordinates":[[[[6.34233,49.0933],[6.42043,49.10915],[6.43645,49.10492],[6.45033,49.09178],[6.46156,49.07023],[6.45866,49.06422],[6.34822,49.07471],[6.3393,49.08088],[6.34233,49.0933]]],[[[6.31368,49.11034],[6.30539,49.1194],[6.29996,49.12936],[6.29758,49.14033],[6.28291,49.1456],[6.26969,49.1531],[6.25524,49.15757],[6.24227,49.16385],[6.22836,49.17458],[6.21995,49.18584],[6.27276,49.22157],[6.27278,49.23691],[6.31012,49.24555],[6.31031,49.25668],[6.32655,49.26125],[6.33711,49.27839],[6.32444,49.28473],[6.26919,49.28212],[6.27796,49.29587],[6.3079,49.31268],[6.32083,49.30745],[6.34947,49.3211],[6.34972,49.32952],[6.35901,49.33165],[6.37689,49.35538],[6.37569,49.35711],[6.32852,49.35486],[6.32465,49.36077],[6.31128,49.36613],[6.29805,49.37993],[6.30104,49.38485],[6.26931,49.41292],[6.24315,49.42026],[6.30699,49.43627],[6.30582,49.45179],[6.34096,49.46185],[6.34821,49.47926],[6.33941,49.50299],[6.31905,49.51307],[6.29502,49.53531],[6.2981,49.55263],[6.30964,49.56853],[6.32843,49.58117],[6.35248,49.58921],[6.36838,49.59145],[6.38411,49.59164],[6.38775,49.59427],[6.37101,49.60799],[6.36191,49.62454],[6.36085,49.6386],[6.36273,49.64633],[6.36247,49.65692],[6.36539,49.66732],[6.37403,49.68024],[6.39157,49.69365],[6.41482,49.70268],[6.43589,49.7061],[6.46295,49.70522],[6.48814,49.69874],[6.50876,49.68735],[6.52048,49.67551],[6.52785,49.6586],[6.52639,49.62971],[6.52176,49.61595],[6.5094,49.60133],[6.53089,49.59331],[6.54496,49.58396],[6.56881,49.58086],[6.59239,49.57229],[6.61046,49.55923],[6.6201,49.54542],[6.64898,49.53382],[6.66431,49.52333],[6.68957,49.52912],[6.70577,49.52994],[6.71698,49.52928],[6.71503,49.54201],[6.71697,49.55251],[6.72437,49.56575],[6.73325,49.57461],[6.75338,49.58635],[6.77478,49.59263],[6.78478,49.60298],[6.80044,49.61272],[6.82492,49.62072],[6.83391,49.62646],[6.84736,49.63242],[6.86234,49.63657],[6.87545,49.63847],[6.87307,49.64921],[6.87398,49.65976],[6.88009,49.67328],[6.88811,49.68249],[6.89875,49.69051],[6.91159,49.69702],[6.92615,49.70179],[6.94726,49.70511],[6.96896,49.70477],[6.98475,49.70212],[6.99942,49.69752],[7.0163,49.68867],[7.02632,49.68033],[7.03542,49.66755],[7.03871,49.65719],[7.03815,49.64312],[7.03657,49.63816],[6.96813,49.62964],[6.88495,49.63434],[6.91876,49.59732],[6.95306,49.59007],[6.96062,49.58636],[7.00316,49.58459],[7.03932,49.59813],[7.05138,49.61463],[7.06378,49.61856],[7.07922,49.62133],[7.1384,49.55455],[7.17274,49.55378],[7.18251,49.58057],[7.14204,49.62531],[7.12466,49.63929],[7.13224,49.64784],[7.14291,49.65583],[7.15578,49.66232],[7.16822,49.66647],[7.15776,49.67747],[7.15135,49.69092],[7.15052,49.70499],[7.15534,49.71873],[7.16247,49.72824],[7.17617,49.73918],[7.18906,49.74566],[7.20366,49.75039],[7.2248,49.75366],[7.24113,49.75371],[7.25715,49.7517],[7.27512,49.74663],[7.28387,49.66185],[7.31613,49.65051],[7.32801,49.6383],[7.33437,49.62484],[7.33548,49.61429],[7.33341,49.6038],[7.32823,49.59377],[7.31728,49.58215],[7.32374,49.57467],[7.32891,49.56493],[7.34925,49.5559],[7.36302,49.54505],[7.372,49.53224],[7.37558,49.51835],[7.37212,49.50091],[7.36595,49.49113],[7.35696,49.48232],[7.34552,49.47481],[7.32013,49.46237],[7.30246,49.45605],[7.31369,49.44282],[7.31903,49.4256],[7.3156,49.40816],[7.30377,49.39237],[7.28908,49.38205],[7.27564,49.37613],[7.25549,49.37111],[7.23459,49.36967],[7.18674,49.43494],[7.23517,49.46827],[7.21896,49.48661],[7.16425,49.49198],[7.15277,49.49055],[7.13663,49.47728],[7.12283,49.43385],[7.11313,49.43007],[7.09801,49.41391],[7.04241,49.41309],[7.03501,49.37253],[7.0375,49.36561],[7.03727,49.34485],[7.0286,49.34257],[6.97564,49.29334],[6.95563,49.29634],[6.94107,49.30094],[6.9262,49.30856],[6.90872,49.31091],[6.90648,49.37233],[6.89154,49.38244],[6.86163,49.3786],[6.8475,49.369],[6.84135,49.36227],[6.84572,49.34288],[6.87704,49.32269],[6.90537,49.31015],[6.90407,49.29667],[6.83663,49.27796],[6.79789,49.29236],[6.74862,49.27401],[6.74839,49.26351],[6.81772,49.24995],[6.82318,49.23208],[6.91887,49.23086],[6.9265,49.23298],[6.92922,49.23039],[6.98176,49.21328],[6.99703,49.19954],[7.01932,49.18642],[7.03701,49.17976],[7.04527,49.18428],[7.04648,49.21562],[7.07828,49.25291],[7.09217,49.25046],[7.1067,49.24585],[7.11957,49.23946],[7.13028,49.23155],[7.13843,49.22243],[7.14388,49.21186],[7.16368,49.20609],[7.1806,49.19705],[7.17307,49.17556],[7.15622,49.1561],[7.15417,49.14899],[7.139,49.1428],[7.10552,49.13774],[7.12264,49.12606],[7.12578,49.12202],[7.15751,49.1359],[7.1666,49.12661],[7.19027,49.127],[7.19543,49.14151],[7.2302,49.13827],[7.1854,49.19814],[7.19211,49.20089],[7.23029,49.19689],[7.27607,49.15605],[7.32851,49.19911],[7.3508,49.1644],[7.40516,49.18118],[7.41026,49.1906],[7.416,49.23246],[7.43647,49.23655],[7.45797,49.23704],[7.47662,49.23439],[7.47236,49.1749],[7.47349,49.16917],[7.47543,49.16775],[7.50323,49.16247],[7.52812,49.17319],[7.53289,49.1776],[7.53009,49.18912],[7.50346,49.22837],[7.48727,49.23559],[7.48467,49.24466],[7.48466,49.25524],[7.49159,49.27223],[7.50294,49.2842],[7.51865,49.29384],[7.54274,49.30163],[7.56842,49.30393],[7.57765,49.31304],[7.58909,49.32052],[7.60255,49.3264],[7.62272,49.33135],[7.64416,49.33273],[7.66541,49.33042],[7.68502,49.32459],[7.70165,49.31564],[7.71147,49.30724],[7.72031,49.2944],[7.72343,49.28402],[7.72276,49.27035],[7.74662,49.26375],[7.76676,49.25213],[7.78011,49.23688],[7.78492,49.22316],[7.78308,49.20562],[7.77275,49.18939],[7.75501,49.1762],[7.73297,49.16777],[7.65294,49.20537],[7.63384,49.19133],[7.62898,49.12736],[7.6436,49.11704],[7.63475,49.09699],[7.63671,49.09353],[7.61724,49.04211],[7.5816,49.02989],[7.59962,48.99531],[7.53702,48.99302],[7.56148,48.92951],[7.54636,48.92451],[7.47568,48.96104],[7.43756,48.95476],[7.42412,48.94023],[7.40872,48.93622],[7.3729,48.94177],[7.36823,48.94581],[7.37859,48.98097],[7.34894,48.99002],[7.34652,48.98972],[7.31485,48.96946],[7.27066,48.97405],[7.26267,48.98727],[7.18411,48.97693],[7.17306,48.9818],[7.16968,48.98537],[7.09425,48.97468],[7.08752,48.9836],[7.10966,49.01098],[7.09649,49.03894],[7.10893,49.04776],[7.12689,49.05136],[7.14096,49.06823],[7.14729,49.06988],[7.14785,49.10054],[7.13523,49.10243],[7.11134,49.07562],[7.10563,49.07446],[7.09518,49.07699],[7.09035,49.07689],[7.0652,49.05784],[7.06596,49.04417],[7.06412,49.04339],[7.05277,49.01575],[7.06414,49.00621],[7.07754,48.98761],[7.04547,48.98647],[7.03258,48.98283],[7.01796,48.96186],[6.98912,48.97087],[6.98913,48.98278],[6.98353,48.99265],[6.95779,48.99064],[6.94325,48.99668],[6.92229,48.98986],[6.90203,48.99522],[6.8929,48.99554],[6.88327,48.9786],[6.8884,48.96692],[6.9015,48.95365],[6.91731,48.96006],[6.95069,48.95645],[6.95947,48.95761],[6.9749,48.94198],[6.95844,48.92622],[6.99184,48.89333],[6.98797,48.8885],[7.05914,48.86364],[7.06037,48.8643],[7.05905,48.89557],[7.08732,48.89509],[7.10676,48.88006],[7.09113,48.86663],[7.10061,48.84894],[7.09697,48.82507],[7.08992,48.82247],[7.05755,48.84003],[7.05171,48.84128],[7.04157,48.81812],[7.08523,48.81473],[7.08548,48.81073],[7.0584,48.79444],[7.05877,48.79037],[7.078,48.78292],[7.11027,48.79281],[7.11327,48.79237],[7.11504,48.76657],[7.13298,48.75786],[7.15582,48.7749],[7.17614,48.7636],[7.18216,48.77855],[7.19785,48.77895],[7.2077,48.77138],[7.23056,48.7829],[7.23373,48.78284],[7.23971,48.7903],[7.25511,48.79615],[7.28453,48.79308],[7.30204,48.78119],[7.3399,48.7674],[7.33785,48.75573],[7.33244,48.74528],[7.33845,48.73595],[7.30863,48.68262],[7.29306,48.67961],[7.26863,48.68351],[7.24169,48.72296],[7.23157,48.72644],[7.21162,48.71779],[7.18251,48.73459],[7.1788,48.73986],[7.13581,48.71993],[7.11636,48.7322],[7.1115,48.73214],[7.08503,48.70865],[7.07403,48.70561],[7.07593,48.67801],[7.06556,48.67464],[7.03673,48.68386],[7.02249,48.6958],[7.02279,48.70177],[7.0529,48.71502],[7.05772,48.71469],[7.07718,48.74],[7.08201,48.74291],[7.07875,48.7574],[7.04074,48.76239],[7.02983,48.75683],[7.02175,48.74151],[7.01476,48.73969],[6.996,48.74067],[6.98669,48.73879],[6.97052,48.72331],[6.90897,48.72161],[6.93957,48.76379],[6.94127,48.78371],[6.88536,48.78183],[6.8744,48.75759],[6.83164,48.75482],[6.82453,48.7598],[6.7703,48.74791],[6.76554,48.74874],[6.75293,48.74282],[6.7139,48.74189],[6.71149,48.74032],[6.70586,48.70975],[6.66737,48.70033],[6.63955,48.67002],[6.62916,48.66469],[6.60859,48.66802],[6.61014,48.71102],[6.63464,48.73296],[6.63362,48.73714],[6.60615,48.74665],[6.6048,48.76721],[6.62188,48.77131],[6.64148,48.78458],[6.63782,48.79207],[6.66366,48.82373],[6.66178,48.82775],[6.63778,48.83203],[6.61445,48.82917],[6.6057,48.82102],[6.62623,48.79796],[6.58199,48.78956],[6.57059,48.7991],[6.57964,48.81389],[6.55331,48.8335],[6.57124,48.84851],[6.60013,48.85856],[6.60782,48.84794],[6.63106,48.85626],[6.61313,48.87254],[6.62044,48.87531],[6.61957,48.89831],[6.60013,48.90136],[6.59804,48.90058],[6.57244,48.91429],[6.55966,48.91001],[6.52972,48.92965],[6.52225,48.91539],[6.46785,48.87839],[6.46298,48.87849],[6.45041,48.89904],[6.4575,48.92992],[6.46951,48.93593],[6.52653,48.94031],[6.53282,48.9452],[6.54974,48.94686],[6.55912,48.9523],[6.56625,48.97286],[6.58243,48.98055],[6.58256,48.98495],[6.57268,48.99082],[6.55852,49.00596],[6.54632,49.00383],[6.53245,48.98864],[6.50128,48.98352],[6.48946,48.99612],[6.52009,49.01806],[6.51786,49.03882],[6.52354,49.04128],[6.52501,49.05745],[6.50298,49.07759],[6.49562,49.07788],[6.49487,49.10184],[6.50521,49.11153],[6.49671,49.11546],[6.43914,49.10609],[6.45398,49.1176],[6.48677,49.12867],[6.48531,49.13836],[6.47774,49.13924],[6.46111,49.12996],[6.43996,49.1409],[6.43711,49.14049],[6.42337,49.12774],[6.39795,49.14761],[6.33741,49.09622],[6.32859,49.10022],[6.31368,49.11034]],[[6.75091,49.45562],[6.76831,49.46119],[6.78629,49.43218],[6.75851,49.43157],[6.70994,49.44086],[6.69979,49.42567],[6.74537,49.41675],[6.74573,49.39158],[6.7848,49.40075],[6.80251,49.41292],[6.80514,49.41536],[6.80245,49.4298],[6.80804,49.43497],[6.81266,49.45057],[6.80067,49.47176],[6.77883,49.47081],[6.73756,49.49051],[6.72932,49.47157],[6.75091,49.45562]],[[6.6609,49.16976],[6.69401,49.15478],[6.71957,49.18494],[6.6646,49.19052],[6.6609,49.16976]],[[6.85611,49.01936],[6.86233,49.03847],[6.82191,49.04384],[6.83315,49.01655],[6.85611,49.01936]],[[6.87281,48.87471],[6.87648,48.87234],[6.90741,48.86593],[6.93726,48.88789],[6.92401,48.8984],[6.87913,48.90508],[6.86605,48.8926],[6.87281,48.87471]],[[6.53075,49.15018],[6.55363,49.15607],[6.54777,49.1787],[6.52007,49.1788],[6.51112,49.17106],[6.53075,49.15018]],[[6.5267,49.09819],[6.52368,49.08715],[6.54344,49.07677],[6.54424,49.07164],[6.55002,49.06964],[6.56457,49.03968],[6.57212,49.04582],[6.60956,49.05854],[6.58609,49.07943],[6.5857,49.08503],[6.57636,49.08978],[6.56527,49.08898],[6.53936,49.09991],[6.5267,49.09819]],[[6.42192,49.43795],[6.42437,49.43251],[6.43261,49.43081],[6.44706,49.44187],[6.44214,49.45372],[6.47102,49.45019],[6.47254,49.45693],[6.45707,49.4652],[6.447,49.46456],[6.44152,49.455],[6.42335,49.45143],[6.42192,49.43795]],[[6.38881,49.23186],[6.38693,49.22758],[6.40618,49.21365],[6.4189,49.2133],[6.42478,49.22241],[6.45122,49.22437],[6.45358,49.23336],[6.44569,49.24212],[6.4206,49.23254],[6.39812,49.23678],[6.38881,49.23186]],[[6.38616,49.44519],[6.41628,49.44104],[6.39238,49.45466],[6.3861,49.45011],[6.38616,49.44519]],[[6.34344,49.42856],[6.31825,49.42886],[6.31274,49.42028],[6.28717,49.4127],[6.32067,49.39687],[6.32328,49.39733],[6.34661,49.41115],[6.35308,49.42003],[6.35218,49.42414],[6.34344,49.42856]],[[6.72099,48.95347],[6.73806,48.95921],[6.7661,48.94165],[6.75506,48.92499],[6.76223,48.92295],[6.79569,48.92618],[6.80309,48.94173],[6.78815,48.95019],[6.78213,48.9519],[6.77394,48.96402],[6.75714,48.96825],[6.7576,48.99286],[6.74432,49.00191],[6.72433,48.984],[6.71043,48.97907],[6.68013,48.98911],[6.67138,48.97682],[6.6731,48.97285],[6.71711,48.95895],[6.72099,48.95347]],[[6.72164,48.85068],[6.76112,48.84997],[6.76339,48.85284],[6.78035,48.86336],[6.78021,48.87418],[6.75631,48.88654],[6.73431,48.88667],[6.71048,48.86241],[6.71484,48.85306],[6.72164,48.85068]],[[6.6748,49.08401],[6.67963,49.08942],[6.64716,49.11183],[6.63261,49.10391],[6.66625,49.08136],[6.6748,49.08401]],[[6.84393,49.53943],[6.84325,49.52122],[6.80988,49.51046],[6.8083,49.48065],[6.86551,49.47201],[6.87932,49.50688],[6.8848,49.50719],[6.91719,49.52229],[6.88507,49.56218],[6.88326,49.56213],[6.84393,49.53943]],[[6.94857,49.39396],[6.96304,49.41636],[6.93752,49.42081],[6.92611,49.41113],[6.9261,49.40235],[6.94857,49.39396]],[[7.01362,49.12194],[6.99538,49.12144],[6.99405,49.11996],[6.9915,49.08979],[6.98089,49.08561],[6.98623,49.07346],[7.00871,49.05731],[7.0255,49.07021],[7.01825,49.09182],[7.02875,49.09727],[7.04808,49.0967],[7.06832,49.1254],[7.06772,49.12844],[7.03843,49.13028],[7.03036,49.1324],[7.01362,49.12194]],[[7.01208,49.14995],[7.00981,49.16177],[6.98671,49.16693],[6.97155,49.15191],[6.97346,49.14483],[6.97986,49.14146],[7.01208,49.14995]],[[7.0059,48.80204],[7.00696,48.80551],[6.96227,48.83141],[6.94258,48.82392],[6.94199,48.78426],[6.95804,48.78284],[7.0059,48.80204]],[[6.74427,49.06158],[6.7658,49.06091],[6.78577,49.08048],[6.80636,49.07137],[6.81279,49.05637],[6.81527,49.05454],[6.84675,49.06175],[6.83431,49.08107],[6.83838,49.08478],[6.83185,49.0987],[6.81856,49.102],[6.78204,49.08701],[6.77566,49.09052],[6.74386,49.07398],[6.74427,49.06158]],[[6.75511,49.13944],[6.73694,49.12895],[6.7704,49.10465],[6.79827,49.11911],[6.75511,49.13944]],[[6.91386,49.10536],[6.92795,49.11644],[6.92329,49.13834],[6.91557,49.13907],[6.91038,49.13726],[6.89479,49.11085],[6.91386,49.10536]],[[6.89947,49.41241],[6.87775,49.4153],[6.87683,49.4119],[6.89222,49.38412],[6.91046,49.39776],[6.89947,49.41241]],[[7.10035,49.1384],[7.10352,49.13846],[7.11757,49.15199],[7.10503,49.16476],[7.09129,49.15599],[7.10035,49.1384]]],[[[6.32803,49.35161],[6.34672,49.33081],[6.30571,49.32232],[6.29388,49.33284],[6.32803,49.35161]]],[[[6.14609,49.4306],[6.1381,49.44368],[6.13558,49.45767],[6.13869,49.4716],[6.14724,49.48454],[6.15688,49.49306],[6.17334,49.5022],[6.1892,49.5074],[6.25748,49.45986],[6.23646,49.42075],[6.20372,49.40788],[6.17279,49.41191],[6.15535,49.42192],[6.14609,49.4306]]],[[[6.55527,48.64143],[6.53464,48.63804],[6.50816,48.63893],[6.48817,48.6437],[6.4669,48.65419],[6.45428,48.66551],[6.4465,48.67862],[6.44436,48.6958],[6.52697,48.73022],[6.59726,48.66608],[6.58575,48.65532],[6.57388,48.64824],[6.55527,48.64143]]],[[[6.53251,48.83547],[6.53392,48.83461],[6.52122,48.80308],[6.47191,48.81166],[6.45755,48.82048],[6.53251,48.83547]]],[[[6.54141,48.89456],[6.55621,48.90263],[6.58671,48.88532],[6.58711,48.87992],[6.57058,48.87502],[6.54141,48.89456]]],[[[7.18122,48.69576],[7.1413,48.68668],[7.1379,48.68825],[7.13274,48.69987],[7.136,48.7192],[7.17487,48.71204],[7.1836,48.69772],[7.20802,48.70364],[7.25073,48.68298],[7.2047,48.66253],[7.18122,48.69576]]],[[[7.18745,48.81092],[7.13912,48.81719],[7.13703,48.82225],[7.14411,48.83501],[7.15343,48.8366],[7.19642,48.8271],[7.20588,48.83184],[7.21757,48.8631],[7.24282,48.87411],[7.27107,48.85204],[7.24856,48.84268],[7.25343,48.8207],[7.24724,48.81806],[7.22453,48.82099],[7.21752,48.80382],[7.20322,48.79851],[7.19071,48.80312],[7.18745,48.81092]]],[[[7.65698,49.01958],[7.67421,49.04474],[7.6993,49.03232],[7.67537,48.99093],[7.65698,49.01958]]]]}},{"type":"Feature","properties":{"id":"bailliage-allemagne","from_year":1623,"to_year":1628,"settlements":724,"place_type":"bailiwick"},"geometry":{"type":"MultiPolygon","coordinates":[[[[6.34233,49.0933],[6.42043,49.10915],[6.43645,49.10492],[6.45033,49.09178],[6.46156,49.07023],[6.45866,49.06422],[6.34822,49.07471],[6.3393,49.08088],[6.34233,49.0933]]],[[[6.48531,49.13836],[6.47774,49.13924],[6.46111,49.12996],[6.43996,49.1409],[6.43711,49.14049],[6.42337,49.12774],[6.39795,49.14761],[6.33741,49.09622],[6.32063,49.10496],[6.30785,49.11626],[6.29996,49.12936],[6.29758,49.14033],[6.28291,49.1456],[6.26969,49.1531],[6.25524,49.15757],[6.24227,49.16385],[6.22836,49.17458],[6.21995,49.18584],[6.27276,49.22157],[6.27278,49.23691],[6.31012,49.24555],[6.31031,49.25668],[6.32655,49.26125],[6.33711,49.27839],[6.32444,49.28473],[6.26919,49.28212],[6.27796,49.29587],[6.3079,49.31268],[6.32083,49.30745],[6.34947,49.3211],[6.34972,49.32952],[6.35901,49.33165],[6.37689,49.35538],[6.37569,49.35711],[6.32852,49.35486],[6.32465,49.36077],[6.31128,49.36613],[6.29805,49.37993],[6.30104,49.38485],[6.26931,49.41292],[6.24315,49.42026],[6.30699,49.43627],[6.30582,49.45179],[6.34096,49.46185],[6.34821,49.47926],[6.33941,49.50299],[6.31905,49.51307],[6.29502,49.53531],[6.2981,49.55263],[6.30964,49.56853],[6.32843,49.58117],[6.35248,49.58921],[6.36838,49.59145],[6.38411,49.59164],[6.38775,49.59427],[6.37101,49.60799],[6.36191,49.62454],[6.36085,49.6386],[6.36273,49.64633],[6.36247,49.65692],[6.36539,49.66732],[6.37403,49.68024],[6.39157,49.69365],[6.41482,49.70268],[6.43589,49.7061],[6.46295,49.70522],[6.48814,49.69874],[6.50876,49.68735],[6.52048,49.67551],[6.52785,49.6586],[6.52639,49.62971],[6.52176,49.61595],[6.5094,49.60133],[6.53089,49.59331],[6.54496,49.58396],[6.56881,49.58086],[6.59239,49.57229],[6.61046,49.55923],[6.6201,49.54542],[6.64898,49.53382],[6.66431,49.52333],[6.68957,49.52912],[6.70577,49.52994],[6.71698,49.52928],[6.71503,49.54201],[6.71697,49.55251],[6.72437,49.56575],[6.73325,49.57461],[6.75338,49.58635],[6.77478,49.59263],[6.78478,49.60298],[6.80044,49.61272],[6.82492,49.62072],[6.83391,49.62646],[6.84736,49.63242],[6.86234,49.63657],[6.87545,49.63847],[6.87307,49.64921],[6.87398,49.65976],[6.88009,49.67328],[6.88811,49.68249],[6.89875,49.69051],[6.91159,49.69702],[6.92615,49.70179],[6.94726,49.70511],[6.96896,49.70477],[6.98475,49.70212],[6.99942,49.69752],[7.0163,49.68867],[7.02632,49.68033],[7.03542,49.66755],[7.03871,49.65719],[7.03815,49.64312],[7.03657,49.63816],[6.96813,49.62964],[6.88495,49.63434],[6.91876,49.59732],[6.95306,49.59007],[6.96062,49.58636],[7.00316,49.58459],[7.03932,49.59813],[7.05138,49.61463],[7.06378,49.61856],[7.07922,49.62133],[7.1384,49.55455],[7.17274,49.55378],[7.18251,49.58057],[7.14204,49.62531],[7.12466,49.63929],[7.13224,49.64784],[7.14291,49.65583],[7.15578,49.66232],[7.16822,49.66647],[7.15776,49.67747],[7.15135,49.69092],[7.15052,49.70499],[7.15534,49.71873],[7.16247,49.72824],[7.17617,49.73918],[7.18906,49.74566],[7.20366,49.75039],[7.2248,49.75366],[7.24113,49.75371],[7.25715,49.7517],[7.27512,49.74663],[7.28387,49.66185],[7.31613,49.65051],[7.32801,49.6383],[7.33437,49.62484],[7.33548,49.61429],[7.33341,49.6038],[7.32823,49.59377],[7.31728,49.58215],[7.32374,49.57467],[7.32891,49.56493],[7.34925,49.5559],[7.36302,49.54505],[7.372,49.53224],[7.37558,49.51835],[7.37212,49.50091],[7.36595,49.49113],[7.35696,49.48232],[7.34552,49.47481],[7.32013,49.46237],[7.30246,49.45605],[7.31369,49.44282],[7.31903,49.4256],[7.3156,49.40816],[7.30377,49.39237],[7.28908,49.38205],[7.27564,49.37613],[7.25549,49.37111],[7.23459,49.36967],[7.18674,49.43494],[7.23517,49.46827],[7.21896,49.48661],[7.16425,49.49198],[7.15277,49.49055],[7.13663,49.47728],[7.12283,49.43385],[7.11313,49.43007],[7.09801,49.41391],[7.04241,49.41309],[7.03501,49.37253],[7.0375,49.36561],[7.03727,49.34485],[7.0286,49.34257],[6.97564,49.29334],[6.95563,49.29634],[6.94107,49.30094],[6.9262,49.30856],[6.90872,49.31091],[6.90648,49.37233],[6.89154,49.38244],[6.86163,49.3786],[6.8475,49.369],[6.84135,49.36227],[6.84572,49.34288],[6.87704,49.32269],[6.90537,49.31015],[6.90407,49.29667],[6.83663,49.27796],[6.79789,49.29236],[6.74862,49.27401],[6.74839,49.26351],[6.81772,49.24995],[6.82318,49.23208],[6.91887,49.23086],[6.9265,49.23298],[6.92922,49.23039],[6.98176,49.21328],[6.99703,49.19954],[7.01932,49.18642],[7.03701,49.17976],[7.04527,49.18428],[7.04648,49.21562],[7.07828,49.25291],[7.09217,49.25046],[7.1067,49.24585],[7.11957,49.23946],[7.13028,49.23155],[7.13843,49.22243],[7.14388,49.21186],[7.16368,49.20609],[7.1806,49.19705],[7.17307,49.17556],[7.15622,49.1561],[7.15417,49.14899],[7.139,49.1428],[7.10552,49.13774],[7.12264,49.12606],[7.12578,49.12202],[7.15751,49.1359],[7.1666,49.12661],[7.19027,49.127],[7.19543,49.14151],[7.2302,49.13827],[7.1854,49.19814],[7.19211,49.20089],[7.23029,49.19689],[7.27607,49.15605],[7.32851,49.19911],[7.3508,49.1644],[7.40516,49.18118],[7.41026,49.1906],[7.416,49.23246],[7.43647,49.23655],[7.45797,49.23704],[7.47662,49.23439],[7.47236,49.1749],[7.47349,49.16917],[7.47543,49.16775],[7.50323,49.16247],[7.52812,49.17319],[7.53289,49.1776],[7.53009,49.18912],[7.50346,49.22837],[7.48727,49.23559],[7.48467,49.24466],[7.48466,49.25524],[7.49159,49.27223],[7.50294,49.2842],[7.51865,49.29384],[7.54274,49.30163],[7.56842,49.30393],[7.57765,49.31304],[7.58909,49.32052],[7.60255,49.3264],[7.62272,49.33135],[7.64416,49.33273],[7.66541,49.33042],[7.68502,49.32459],[7.70165,49.31564],[7.71147,49.30724],[7.72031,49.2944],[7.72343,49.28402],[7.72276,49.27035],[7.74662,49.26375],[7.76676,49.25213],[7.78011,49.23688],[7.78492,49.22316],[7.78308,49.20562],[7.77275,49.18939],[7.75501,49.1762],[7.73297,49.16777],[7.65294,49.20537],[7.63384,49.19133],[7.62898,49.12736],[7.6436,49.11704],[7.63475,49.09699],[7.63671,49.09353],[7.61724,49.04211],[7.5816,49.02989],[7.59962,48.99531],[7.53702,48.99302],[7.56148,48.92951],[7.55131,48.92586],[7.54575,48.92437],[7.47568,48.96104],[7.43756,48.95476],[7.42412,48.94023],[7.40872,48.93622],[7.3729,48.94177],[7.36823,48.94581],[7.37859,48.98097],[7.34894,48.99002],[7.34652,48.98972],[7.31485,48.96946],[7.27066,48.97405],[7.26267,48.98727],[7.18411,48.97693],[7.17306,48.9818],[7.16968,48.98537],[7.09425,48.97468],[7.08752,48.9836],[7.10966,49.01098],[7.09649,49.03894],[7.10893,49.04776],[7.12689,49.05136],[7.14096,49.06823],[7.14729,49.06988],[7.14785,49.10054],[7.13523,49.10243],[7.11134,49.07562],[7.10563,49.07446],[7.09518,49.07699],[7.09035,49.07689],[7.0652,49.05784],[7.06596,49.04417],[7.06412,49.04339],[7.05277,49.01575],[7.06414,49.00621],[7.07754,48.98761],[7.04547,48.98647],[7.03258,48.98283],[7.01796,48.96186],[6.98912,48.97087],[6.98913,48.98278],[6.98353,48.99265],[6.95779,48.99064],[6.95533,48.98049],[6.97286,48.96634],[6.95947,48.95761],[6.9749,48.94198],[6.95844,48.92622],[6.99184,48.89333],[6.98797,48.8885],[7.05914,48.86364],[7.06037,48.8643],[7.05905,48.89557],[7.08732,48.89509],[7.10676,48.88006],[7.12435,48.88063],[7.13965,48.86747],[7.13391,48.84699],[7.10061,48.84894],[7.09697,48.82507],[7.08992,48.82247],[7.05755,48.84003],[7.05171,48.84128],[7.04157,48.81812],[7.08523,48.81473],[7.08548,48.81073],[7.0584,48.79444],[7.05877,48.79037],[7.078,48.78292],[7.13384,48.79899],[7.13912,48.81719],[7.13703,48.82225],[7.14411,48.83501],[7.15343,48.8366],[7.18015,48.85527],[7.21145,48.84952],[7.21757,48.8631],[7.24282,48.87411],[7.27107,48.85204],[7.24856,48.84268],[7.25343,48.8207],[7.24724,48.81806],[7.22453,48.82099],[7.21752,48.80382],[7.20322,48.79851],[7.19071,48.80312],[7.17751,48.79531],[7.17512,48.78401],[7.18216,48.77855],[7.19785,48.77895],[7.2077,48.77138],[7.23056,48.7829],[7.23373,48.78284],[7.23971,48.7903],[7.25511,48.79615],[7.28453,48.79308],[7.27858,48.8068],[7.25924,48.82002],[7.32032,48.84723],[7.32725,48.85151],[7.33574,48.85332],[7.35679,48.77692],[7.33989,48.76739],[7.33785,48.75573],[7.33244,48.74528],[7.33845,48.73595],[7.30863,48.68262],[7.29306,48.67961],[7.26863,48.68351],[7.25073,48.68298],[7.2047,48.66253],[7.18122,48.69576],[7.1413,48.68668],[7.1379,48.68825],[7.13274,48.69987],[7.13581,48.71993],[7.11636,48.7322],[7.1115,48.73214],[7.08503,48.70865],[7.07403,48.70561],[7.07593,48.67801],[7.06556,48.67464],[7.03673,48.68386],[7.02249,48.6958],[7.02279,48.70177],[7.0529,48.71502],[7.05772,48.71469],[7.07718,48.74],[7.08201,48.74291],[7.07875,48.7574],[7.04074,48.76239],[7.02983,48.75683],[7.02175,48.74151],[7.01476,48.73969],[6.996,48.74067],[6.98669,48.73879],[6.97052,48.72331],[6.90897,48.72161],[6.93957,48.76379],[6.94127,48.78371],[6.88536,48.78183],[6.8744,48.75759],[6.83164,48.75482],[6.82453,48.7598],[6.7703,48.74791],[6.76554,48.74874],[6.75293,48.74282],[6.7139,48.74189],[6.71149,48.74032],[6.70586,48.70975],[6.66737,48.70033],[6.63955,48.67002],[6.62916,48.66469],[6.60859,48.66802],[6.61014,48.71102],[6.63464,48.73296],[6.63362,48.73714],[6.60615,48.74665],[6.6048,48.76721],[6.62188,48.77131],[6.64148,48.78458],[6.63782,48.79207],[6.66366,48.82373],[6.66178,48.82775],[6.63778,48.83203],[6.61445,48.82917],[6.6057,48.82102],[6.62623,48.79796],[6.58199,48.78956],[6.57059,48.7991],[6.57964,48.81389],[6.55331,48.8335],[6.57124,48.84851],[6.60013,48.85856],[6.60782,48.84794],[6.63106,48.85626],[6.61313,48.87254],[6.62044,48.87531],[6.61957,48.89831],[6.60013,48.90136],[6.59804,48.90058],[6.57244,48.91429],[6.55966,48.91001],[6.52972,48.92965],[6.52225,48.91539],[6.46785,48.87839],[6.46298,48.87849],[6.45041,48.89904],[6.4575,48.92992],[6.46951,48.93593],[6.52653,48.94031],[6.53282,48.9452],[6.54974,48.94686],[6.55912,48.9523],[6.56625,48.97286],[6.58243,48.98055],[6.58256,48.98495],[6.57268,48.99082],[6.55852,49.00596],[6.54632,49.00383],[6.53245,48.98864],[6.50128,48.98352],[6.48946,48.99612],[6.52009,49.01806],[6.51786,49.03882],[6.52354,49.04128],[6.52501,49.05745],[6.50298,49.07759],[6.49562,49.07788],[6.49487,49.10184],[6.50521,49.11153],[6.49671,49.11546],[6.43914,49.10609],[6.45398,49.1176],[6.48677,49.12867],[6.48531,49.13836]],[[6.75091,49.45562],[6.76831,49.46119],[6.78629,49.43218],[6.75851,49.43157],[6.70994,49.44086],[6.69979,49.42567],[6.74537,49.41675],[6.74573,49.39158],[6.7848,49.40075],[6.80251,49.41292],[6.80514,49.41536],[6.80245,49.4298],[6.80804,49.43497],[6.81266,49.45057],[6.80067,49.47176],[6.77883,49.47081],[6.73756,49.49051],[6.72932,49.47157],[6.75091,49.45562]],[[6.6609,49.16976],[6.69401,49.15478],[6.71957,49.18494],[6.6646,49.19052],[6.6609,49.16976]],[[6.7658,49.06091],[6.78577,49.08048],[6.80636,49.07137],[6.81279,49.05637],[6.81527,49.05454],[6.84675,49.06175],[6.83431,49.08107],[6.83838,49.08478],[6.83185,49.0987],[6.81856,49.102],[6.78204,49.08701],[6.77566,49.09052],[6.74386,49.07398],[6.74427,49.06158],[6.7658,49.06091]],[[6.83315,49.01655],[6.85611,49.01936],[6.86233,49.03847],[6.82191,49.04384],[6.83315,49.01655]],[[6.87281,48.87471],[6.87648,48.87234],[6.90741,48.86593],[6.93726,48.88789],[6.92401,48.8984],[6.87913,48.90508],[6.86605,48.8926],[6.87281,48.87471]],[[6.53075,49.15018],[6.55363,49.15607],[6.54777,49.1787],[6.52007,49.1788],[6.51112,49.17106],[6.53075,49.15018]],[[6.5267,49.09819],[6.52368,49.08715],[6.54344,49.07677],[6.54424,49.07164],[6.55002,49.06964],[6.56457,49.03968],[6.57212,49.04582],[6.60956,49.05854],[6.58609,49.07943],[6.5857,49.08503],[6.57636,49.08978],[6.56527,49.08898],[6.53936,49.09991],[6.5267,49.09819]],[[6.42192,49.43795],[6.42437,49.43251],[6.43261,49.43081],[6.44706,49.44187],[6.44214,49.45372],[6.47102,49.45019],[6.47254,49.45693],[6.45707,49.4652],[6.447,49.46456],[6.44152,49.455],[6.42335,49.45143],[6.42192,49.43795]],[[6.38881,49.23186],[6.38693,49.22758],[6.40618,49.21365],[6.4189,49.2133],[6.42478,49.22241],[6.45122,49.22437],[6.45358,49.23336],[6.44569,49.24212],[6.4206,49.23254],[6.39812,49.23678],[6.38881,49.23186]],[[6.38616,49.44519],[6.41628,49.44104],[6.39238,49.45466],[6.3861,49.45011],[6.38616,49.44519]],[[6.34344,49.42856],[6.31825,49.42886],[6.31274,49.42028],[6.28717,49.4127],[6.32067,49.39687],[6.32328,49.39733],[6.34661,49.41115],[6.35308,49.42003],[6.35218,49.42414],[6.34344,49.42856]],[[6.64716,49.11183],[6.63261,49.10391],[6.66625,49.08136],[6.6748,49.08401],[6.67963,49.08942],[6.64716,49.11183]],[[6.73806,48.95921],[6.7661,48.94165],[6.75506,48.92499],[6.76223,48.92295],[6.79569,48.92618],[6.80309,48.94173],[6.78815,48.95019],[6.78213,48.9519],[6.77394,48.96402],[6.75714,48.96825],[6.7576,48.99286],[6.74432,49.00191],[6.72433,48.984],[6.71043,48.97907],[6.68013,48.98911],[6.67138,48.97682],[6.6731,48.97285],[6.71711,48.95895],[6.72099,48.95347],[6.73806,48.95921]],[[6.72164,48.85068],[6.76112,48.84997],[6.76339,48.85284],[6.78035,48.86336],[6.78021,48.87418],[6.75631,48.88654],[6.73431,48.88667],[6.71048,48.86241],[6.71484,48.85306],[6.72164,48.85068]],[[7.11757,49.15199],[7.10503,49.16476],[7.09129,49.15599],[7.10035,49.1384],[7.10352,49.13846],[7.11757,49.15199]],[[6.92329,49.13834],[6.91557,49.13907],[6.91038,49.13726],[6.89479,49.11085],[6.91386,49.10536],[6.92795,49.11644],[6.92329,49.13834]],[[7.0059,48.80204],[7.00696,48.80551],[6.96227,48.83141],[6.94258,48.82392],[6.94199,48.78426],[6.95804,48.78284],[7.0059,48.80204]],[[6.75511,49.13944],[6.73694,49.12895],[6.7704,49.10465],[6.79827,49.11911],[6.75511,49.13944]],[[6.95269,48.95724],[6.94194,48.97108],[6.92299,48.97358],[6.91731,48.96006],[6.95069,48.95645],[6.95269,48.95724]],[[7.00981,49.16177],[6.98671,49.16693],[6.97155,49.15191],[6.97346,49.14483],[6.97986,49.14146],[7.01208,49.14995],[7.00981,49.16177]],[[7.04808,49.0967],[7.06832,49.1254],[7.06772,49.12844],[7.03843,49.13028],[7.03036,49.1324],[7.01362,49.12194],[6.99538,49.12144],[6.99405,49.11996],[6.9915,49.08979],[6.98089,49.08561],[6.98623,49.07346],[7.00871,49.05731],[7.0255,49.07021],[7.01825,49.09182],[7.02875,49.09727],[7.04808,49.0967]],[[6.94857,49.39396],[6.96304,49.41636],[6.93752,49.42081],[6.92611,49.41113],[6.9261,49.40235],[6.94857,49.39396]],[[6.86551,49.47201],[6.87932,49.50688],[6.8848,49.50719],[6.91719,49.52229],[6.88507,49.56218],[6.88326,49.56213],[6.84393,49.53943],[6.84325,49.52122],[6.80988,49.51046],[6.8083,49.48065],[6.86551,49.47201]],[[6.89947,49.41241],[6.87775,49.4153],[6.87683,49.4119],[6.89222,49.38412],[6.91046,49.39776],[6.89947,49.41241]]],[[[6.32803,49.35161],[6.34672,49.33081],[6.30571,49.32232],[6.29388,49.33284],[6.32803,49.35161]]],[[[6.14609,49.4306],[6.1381,49.44368],[6.13558,49.45767],[6.13869,49.4716],[6.14724,49.48454],[6.15688,49.49306],[6.17334,49.5022],[6.1892,49.5074],[6.25748,49.45986],[6.23646,49.42075],[6.20372,49.40788],[6.17279,49.41191],[6.15535,49.42192],[6.14609,49.4306]]],[[[6.55025,48.64025],[6.52401,48.6377],[6.503,48.6398],[6.48352,48.64542],[6.4669,48.65419],[6.45428,48.66551],[6.4465,48.67862],[6.44436,48.6958],[6.52697,48.73022],[6.59726,48.66608],[6.58575,48.65532],[6.56949,48.64624],[6.55025,48.64025]]],[[[6.53251,48.83547],[6.53392,48.83461],[6.52122,48.80308],[6.47191,48.81166],[6.45755,48.82048],[6.53251,48.83547]]],[[[6.54141,48.89456],[6.55621,48.90263],[6.58671,48.88532],[6.58711,48.87992],[6.57058,48.87502],[6.54141,48.89456]]],[[[7.67421,49.04474],[7.6993,49.03232],[7.67537,48.99093],[7.65698,49.01958],[7.67421,49.04474]]]]}},{"type":"Feature","properties":{"id":"bailliage-allemagne","from_year":1629,"to_year":1632,"settlements":763,"place_type":"bailiwick"},"geometry":{"type":"MultiPolygon","coordinates":[[[[6.34233,49.0933],[6.42043,49.10915],[6.43645,49.10492],[6.45033,49.09178],[6.46156,49.07023],[6.45866,49.06422],[6.34822,49.07471],[6.3393,49.08088],[6.34233,49.0933]]],[[[6.48531,49.13836],[6.47774,49.13924],[6.46111,49.12996],[6.43996,49.1409],[6.43711,49.14049],[6.42337,49.12774],[6.39795,49.14761],[6.33741,49.09622],[6.32063,49.10496],[6.30785,49.11626],[6.29996,49.12936],[6.29758,49.14033],[6.28291,49.1456],[6.26969,49.1531],[6.25524,49.15757],[6.24227,49.16385],[6.22836,49.17458],[6.21995,49.18584],[6.27276,49.22157],[6.27278,49.23691],[6.31012,49.24555],[6.31031,49.25668],[6.32655,49.26125],[6.33711,49.27839],[6.32444,49.28473],[6.26919,49.28212],[6.27796,49.29587],[6.3079,49.31268],[6.32083,49.30745],[6.34947,49.3211],[6.34972,49.32952],[6.35901,49.33165],[6.37689,49.35538],[6.37569,49.35711],[6.32852,49.35486],[6.32465,49.36077],[6.31128,49.36613],[6.29805,49.37993],[6.30104,49.38485],[6.26931,49.41292],[6.24315,49.42026],[6.30699,49.43627],[6.30582,49.45179],[6.34096,49.46185],[6.34821,49.47926],[6.33941,49.50299],[6.31905,49.51307],[6.29502,49.53531],[6.2981,49.55263],[6.30964,49.56853],[6.32843,49.58117],[6.35248,49.58921],[6.36838,49.59145],[6.38411,49.59164],[6.38775,49.59427],[6.37101,49.60799],[6.36191,49.62454],[6.36085,49.6386],[6.36273,49.64633],[6.36247,49.65692],[6.36539,49.66732],[6.37403,49.68024],[6.39157,49.69365],[6.41482,49.70268],[6.43589,49.7061],[6.46295,49.70522],[6.48814,49.69874],[6.50876,49.68735],[6.52048,49.67551],[6.52785,49.6586],[6.52639,49.62971],[6.52176,49.61595],[6.5094,49.60133],[6.53089,49.59331],[6.54496,49.58396],[6.56881,49.58086],[6.59239,49.57229],[6.61046,49.55923],[6.6201,49.54542],[6.64898,49.53382],[6.66431,49.52333],[6.68957,49.52912],[6.70577,49.52994],[6.71698,49.52928],[6.71503,49.54201],[6.71697,49.55251],[6.72437,49.56575],[6.73325,49.57461],[6.75338,49.58635],[6.77478,49.59263],[6.78478,49.60298],[6.80044,49.61272],[6.82492,49.62072],[6.83391,49.62646],[6.84736,49.63242],[6.86234,49.63657],[6.87545,49.63847],[6.87307,49.64921],[6.87398,49.65976],[6.88009,49.67328],[6.88811,49.68249],[6.89875,49.69051],[6.91159,49.69702],[6.92615,49.70179],[6.94726,49.70511],[6.96896,49.70477],[6.98475,49.70212],[6.99942,49.69752],[7.0163,49.68867],[7.02632,49.68033],[7.03542,49.66755],[7.03871,49.65719],[7.03815,49.64312],[7.03657,49.63816],[6.96813,49.62964],[6.88495,49.63434],[6.91876,49.59732],[6.95306,49.59007],[6.96062,49.58636],[7.00316,49.58459],[7.03932,49.59813],[7.05138,49.61463],[7.06378,49.61856],[7.07922,49.62133],[7.1384,49.55455],[7.17274,49.55378],[7.18251,49.58057],[7.14204,49.62531],[7.12466,49.63929],[7.13224,49.64784],[7.14291,49.65583],[7.15578,49.66232],[7.16822,49.66647],[7.15776,49.67747],[7.15135,49.69092],[7.15052,49.70499],[7.15534,49.71873],[7.16247,49.72824],[7.17617,49.73918],[7.18906,49.74566],[7.20366,49.75039],[7.2248,49.75366],[7.24113,49.75371],[7.25715,49.7517],[7.27512,49.74663],[7.28387,49.66185],[7.31613,49.65051],[7.32801,49.6383],[7.33437,49.62484],[7.33548,49.61429],[7.33341,49.6038],[7.32823,49.59377],[7.31728,49.58215],[7.32374,49.57467],[7.32891,49.56493],[7.34925,49.5559],[7.36302,49.54505],[7.372,49.53224],[7.37558,49.51835],[7.37212,49.50091],[7.36595,49.49113],[7.35696,49.48232],[7.34552,49.47481],[7.32013,49.46237],[7.30246,49.45605],[7.31369,49.44282],[7.31903,49.4256],[7.3156,49.40816],[7.30676,49.39531],[7.29313,49.38439],[7.27564,49.37613],[7.25549,49.37111],[7.23459,49.36967],[7.18674,49.43494],[7.23517,49.46827],[7.21896,49.48661],[7.16425,49.49198],[7.15277,49.49055],[7.13663,49.47728],[7.12283,49.43385],[7.11313,49.43007],[7.09801,49.41391],[7.04241,49.41309],[7.03501,49.37253],[7.0375,49.36561],[7.03727,49.34485],[7.0286,49.34257],[6.97564,49.29334],[6.95563,49.29634],[6.94107,49.30094],[6.9262,49.30856],[6.90872,49.31091],[6.90648,49.37233],[6.89154,49.38244],[6.86163,49.3786],[6.8475,49.369],[6.84135,49.36227],[6.84572,49.34288],[6.87704,49.32269],[6.90537,49.31015],[6.90407,49.29667],[6.83663,49.27796],[6.79789,49.29236],[6.74862,49.27401],[6.74839,49.26351],[6.81772,49.24995],[6.82318,49.23208],[6.91887,49.23086],[6.9265,49.23298],[6.92922,49.23039],[6.98176,49.21328],[6.99703,49.19954],[7.01932,49.18642],[7.03701,49.17976],[7.04527,49.18428],[7.04648,49.21562],[7.07828,49.25291],[7.08183,49.25246],[7.10201,49.24759],[7.11549,49.24177],[7.1333,49.22863],[7.14052,49.21917],[7.14388,49.21186],[7.16368,49.20609],[7.18059,49.19705],[7.19211,49.20089],[7.23029,49.19689],[7.27607,49.15605],[7.32851,49.19911],[7.3508,49.1644],[7.40516,49.18118],[7.41026,49.1906],[7.416,49.23246],[7.44182,49.23702],[7.46331,49.23658],[7.47662,49.23439],[7.47236,49.1749],[7.47349,49.16917],[7.47543,49.16775],[7.50323,49.16247],[7.52812,49.17319],[7.53289,49.1776],[7.53009,49.18912],[7.50346,49.22837],[7.48727,49.23559],[7.48467,49.24466],[7.48466,49.25524],[7.4878,49.26562],[7.49397,49.2754],[7.5065,49.28686],[7.52313,49.2958],[7.54274,49.30163],[7.56842,49.30393],[7.58121,49.31569],[7.59787,49.32463],[7.6175,49.33044],[7.64416,49.33273],[7.66541,49.33042],[7.68035,49.32636],[7.69379,49.32047],[7.7052,49.31298],[7.71416,49.30418],[7.72031,49.2944],[7.72343,49.28402],[7.72276,49.27035],[7.74662,49.26375],[7.76676,49.25213],[7.78011,49.23688],[7.78492,49.22316],[7.78308,49.20562],[7.77275,49.18939],[7.75501,49.1762],[7.73297,49.16777],[7.65294,49.20537],[7.63384,49.19133],[7.62898,49.12736],[7.6436,49.11704],[7.63475,49.09699],[7.63671,49.09353],[7.61724,49.04211],[7.5816,49.02989],[7.59962,48.99531],[7.53702,48.99302],[7.56148,48.92951],[7.54575,48.92437],[7.47568,48.96104],[7.43756,48.95476],[7.42412,48.94023],[7.40872,48.93622],[7.3729,48.94177],[7.36823,48.94581],[7.37859,48.98097],[7.34894,48.99002],[7.34652,48.98972],[7.31485,48.96946],[7.27066,48.97405],[7.25304,48.94928],[7.24708,48.94774],[7.21819,48.94892],[7.20193,48.95725],[7.16602,48.94013],[7.16162,48.93345],[7.17923,48.92222],[7.18806,48.92152],[7.1936,48.89975],[7.17625,48.88842],[7.1732,48.88991],[7.13176,48.88801],[7.12435,48.88063],[7.13965,48.86747],[7.16828,48.86774],[7.18067,48.88122],[7.20073,48.879],[7.21757,48.8631],[7.24282,48.87411],[7.27107,48.85204],[7.24856,48.84268],[7.25343,48.8207],[7.24724,48.81806],[7.22453,48.82099],[7.21752,48.80382],[7.20322,48.79851],[7.19071,48.80312],[7.17751,48.79531],[7.17512,48.78401],[7.18216,48.77855],[7.19785,48.77895],[7.2077,48.77138],[7.23056,48.7829],[7.23373,48.78284],[7.23971,48.7903],[7.25511,48.79615],[7.28453,48.79308],[7.27858,48.8068],[7.25924,48.82002],[7.32032,48.84723],[7.32725,48.85151],[7.33574,48.85332],[7.35679,48.77692],[7.33989,48.76739],[7.33785,48.75573],[7.33244,48.74528],[7.33845,48.73595],[7.30863,48.68262],[7.29306,48.67961],[7.26863,48.68351],[7.25073,48.68298],[7.2047,48.66253],[7.18122,48.69576],[7.1413,48.68668],[7.1379,48.68825],[7.13274,48.69987],[7.13581,48.71993],[7.11636,48.7322],[7.1115,48.73214],[7.08503,48.70865],[7.07403,48.70561],[7.07593,48.67801],[7.06556,48.67464],[7.03673,48.68386],[7.02249,48.6958],[7.02279,48.70177],[7.0529,48.71502],[7.05772,48.71469],[7.07718,48.74],[7.08201,48.74291],[7.07875,48.7574],[7.04074,48.76239],[7.02983,48.75683],[7.02175,48.74151],[7.01476,48.73969],[6.996,48.74067],[6.98669,48.73879],[6.97052,48.72331],[6.90897,48.72161],[6.93957,48.76379],[6.94127,48.78371],[6.88536,48.78183],[6.8744,48.75759],[6.83164,48.75482],[6.82453,48.7598],[6.7703,48.74791],[6.76554,48.74874],[6.75293,48.74282],[6.7139,48.74189],[6.71149,48.74032],[6.70586,48.70975],[6.66737,48.70033],[6.63955,48.67002],[6.62916,48.66469],[6.60859,48.66802],[6.61014,48.71102],[6.63464,48.73296],[6.63362,48.73714],[6.60615,48.74665],[6.6048,48.76721],[6.62188,48.77131],[6.64148,48.78458],[6.63782,48.79207],[6.66366,48.82373],[6.66178,48.82775],[6.63778,48.83203],[6.61445,48.82917],[6.6057,48.82102],[6.62623,48.79796],[6.58199,48.78956],[6.57059,48.7991],[6.57964,48.81389],[6.55331,48.8335],[6.57124,48.84851],[6.60013,48.85856],[6.60782,48.84794],[6.63106,48.85626],[6.61313,48.87254],[6.62044,48.87531],[6.61957,48.89831],[6.60013,48.90136],[6.59804,48.90058],[6.57244,48.91429],[6.55966,48.91001],[6.52972,48.92965],[6.52225,48.91539],[6.46785,48.87839],[6.46298,48.87849],[6.45041,48.89904],[6.4575,48.92992],[6.46951,48.93593],[6.52653,48.94031],[6.53282,48.9452],[6.54974,48.94686],[6.55912,48.9523],[6.56625,48.97286],[6.58243,48.98055],[6.58256,48.98495],[6.57268,48.99082],[6.55852,49.00596],[6.54632,49.00383],[6.53245,48.98864],[6.50128,48.98352],[6.48946,48.99612],[6.52009,49.01806],[6.51786,49.03882],[6.52354,49.04128],[6.52501,49.05745],[6.50298,49.07759],[6.49562,49.07788],[6.49487,49.10184],[6.50521,49.11153],[6.49671,49.11546],[6.43914,49.10609],[6.45398,49.1176],[6.48677,49.12867],[6.48531,49.13836]],[[6.75091,49.45562],[6.76831,49.46119],[6.78629,49.43218],[6.75851,49.43157],[6.70994,49.44086],[6.69979,49.42567],[6.74537,49.41675],[6.74573,49.39158],[6.7848,49.40075],[6.80251,49.41292],[6.80514,49.41536],[6.80245,49.4298],[6.80804,49.43497],[6.81266,49.45057],[6.80067,49.47176],[6.77883,49.47081],[6.73756,49.49051],[6.72932,49.47157],[6.75091,49.45562]],[[6.7704,49.10465],[6.79827,49.11911],[6.75511,49.13944],[6.73694,49.12895],[6.7704,49.10465]],[[6.74427,49.06158],[6.7658,49.06091],[6.78577,49.08048],[6.80636,49.07137],[6.81279,49.05637],[6.81527,49.05454],[6.84675,49.06175],[6.83431,49.08107],[6.83838,49.08478],[6.83185,49.0987],[6.81856,49.102],[6.78204,49.08701],[6.77566,49.09052],[6.74386,49.07398],[6.74427,49.06158]],[[6.53075,49.15018],[6.55363,49.15607],[6.54777,49.1787],[6.52007,49.1788],[6.51112,49.17106],[6.53075,49.15018]],[[6.5267,49.09819],[6.52368,49.08715],[6.54344,49.07677],[6.54424,49.07164],[6.55002,49.06964],[6.56457,49.03968],[6.57212,49.04582],[6.60956,49.05854],[6.58609,49.07943],[6.5857,49.08503],[6.57636,49.08978],[6.56527,49.08898],[6.53936,49.09991],[6.5267,49.09819]],[[6.42192,49.43795],[6.42437,49.43251],[6.43261,49.43081],[6.44706,49.44187],[6.44214,49.45372],[6.47102,49.45019],[6.47254,49.45693],[6.45707,49.4652],[6.447,49.46456],[6.44152,49.455],[6.42335,49.45143],[6.42192,49.43795]],[[6.38881,49.23186],[6.38693,49.22758],[6.40618,49.21365],[6.4189,49.2133],[6.42478,49.22241],[6.45122,49.22437],[6.45358,49.23336],[6.44569,49.24212],[6.4206,49.23254],[6.39812,49.23678],[6.38881,49.23186]],[[6.38616,49.44519],[6.41628,49.44104],[6.39238,49.45466],[6.3861,49.45011],[6.38616,49.44519]],[[6.31825,49.42886],[6.31274,49.42028],[6.28717,49.4127],[6.32067,49.39687],[6.32328,49.39733],[6.34661,49.41115],[6.35308,49.42003],[6.35218,49.42414],[6.34344,49.42856],[6.31825,49.42886]],[[6.67963,49.08942],[6.64716,49.11183],[6.63261,49.10391],[6.66625,49.08136],[6.6748,49.08401],[6.67963,49.08942]],[[6.67138,48.97682],[6.6731,48.97285],[6.71711,48.95895],[6.72099,48.95347],[6.73806,48.95921],[6.7661,48.94165],[6.75506,48.92499],[6.76223,48.92295],[6.79569,48.92618],[6.80309,48.94173],[6.78815,48.95019],[6.78213,48.9519],[6.77394,48.96402],[6.75714,48.96825],[6.7576,48.99286],[6.74432,49.00191],[6.72433,48.984],[6.71043,48.97907],[6.68013,48.98911],[6.67138,48.97682]],[[6.71484,48.85306],[6.72164,48.85068],[6.76112,48.84997],[6.76339,48.85284],[6.78035,48.86336],[6.78021,48.87418],[6.75631,48.88654],[6.73431,48.88667],[6.71048,48.86241],[6.71484,48.85306]],[[6.69401,49.15478],[6.71957,49.18494],[6.6646,49.19052],[6.6609,49.16976],[6.69401,49.15478]],[[6.83315,49.01655],[6.85611,49.01936],[6.86233,49.03847],[6.82191,49.04384],[6.83315,49.01655]],[[7.10352,49.13846],[7.11757,49.15199],[7.10503,49.16476],[7.09129,49.15599],[7.10035,49.1384],[7.10352,49.13846]],[[7.14096,49.06823],[7.14729,49.06988],[7.14785,49.10054],[7.13523,49.10243],[7.11134,49.07562],[7.10563,49.07446],[7.10893,49.04776],[7.12689,49.05136],[7.14096,49.06823]],[[7.0692,48.93383],[7.082,48.9323],[7.10554,48.96123],[7.09404,48.97375],[7.07679,48.9628],[7.06811,48.93957],[7.0692,48.93383]],[[6.92329,49.13834],[6.91557,49.13907],[6.91038,49.13726],[6.89479,49.11085],[6.91386,49.10536],[6.92795,49.11644],[6.92329,49.13834]],[[7.01208,49.14995],[7.00981,49.16177],[6.98671,49.16693],[6.97155,49.15191],[6.97346,49.14483],[6.97986,49.14146],[7.01208,49.14995]],[[6.98623,49.07346],[7.00871,49.05731],[7.0255,49.07021],[7.01825,49.09182],[7.02875,49.09727],[7.04808,49.0967],[7.06832,49.1254],[7.06772,49.12844],[7.03843,49.13028],[7.03036,49.1324],[7.01362,49.12194],[6.99538,49.12144],[6.99405,49.11996],[6.9915,49.08979],[6.98089,49.08561],[6.98623,49.07346]],[[6.95947,48.95761],[6.9749,48.94198],[6.98763,48.94117],[6.98913,48.98278],[6.98353,48.99265],[6.95779,48.99064],[6.95533,48.98049],[6.97286,48.96634],[6.95947,48.95761]],[[6.95804,48.78284],[7.0059,48.80204],[7.00696,48.80551],[6.96227,48.83141],[6.94258,48.82392],[6.94199,48.78426],[6.95804,48.78284]],[[6.95069,48.95645],[6.95269,48.95724],[6.94194,48.97108],[6.92299,48.97358],[6.91731,48.96006],[6.95069,48.95645]],[[7.10552,49.13774],[7.12264,49.12606],[7.12578,49.12202],[7.15751,49.1359],[7.1666,49.12661],[7.19027,49.127],[7.19543,49.14151],[7.17307,49.17556],[7.15622,49.1561],[7.15417,49.14899],[7.139,49.1428],[7.10552,49.13774]],[[6.9261,49.40235],[6.94857,49.39396],[6.96304,49.41636],[6.93752,49.42081],[6.92611,49.41113],[6.9261,49.40235]],[[6.8083,49.48065],[6.86551,49.47201],[6.87932,49.50688],[6.8848,49.50719],[6.91719,49.52229],[6.88507,49.56218],[6.88326,49.56213],[6.84393,49.53943],[6.84325,49.52122],[6.80988,49.51046],[6.8083,49.48065]],[[6.89947,49.41241],[6.87775,49.4153],[6.87683,49.4119],[6.89222,49.38412],[6.91046,49.39776],[6.89947,49.41241]]],[[[6.32803,49.35161],[6.34672,49.33081],[6.30571,49.32232],[6.29388,49.33284],[6.32803,49.35161]]],[[[6.14609,49.4306],[6.1381,49.44368],[6.13558,49.45767],[6.13869,49.4716],[6.14724,49.48454],[6.15688,49.49306],[6.17334,49.5022],[6.1892,49.5074],[6.25748,49.45986],[6.23646,49.42075],[6.20372,49.40788],[6.17279,49.41191],[6.15535,49.42192],[6.14609,49.4306]]],[[[6.55527,48.64143],[6.53464,48.63804],[6.50816,48.63893],[6.48817,48.6437],[6.4669,48.65419],[6.45428,48.66551],[6.4465,48.67862],[6.44436,48.6958],[6.52697,48.73022],[6.59726,48.66608],[6.58575,48.65532],[6.57388,48.64824],[6.55527,48.64143]]],[[[6.53251,48.83547],[6.53392,48.83461],[6.52122,48.80308],[6.47191,48.81166],[6.45755,48.82048],[6.53251,48.83547]]],[[[6.57058,48.87502],[6.54141,48.89456],[6.55621,48.90263],[6.58671,48.88532],[6.58711,48.87992],[6.57058,48.87502]]],[[[7.67421,49.04474],[7.6993,49.03232],[7.67537,48.99093],[7.65698,49.01958],[7.67421,49.04474]]]]}},{"type":"Feature","properties":{"id":"ban-albeschau","from_year":1600,"to_year":1632,"settlements":2,"place_type":"ban"},"geometry":{"type":"MultiPolygon","coordinates":[[[[7.01895,48.7901],[7.01942,48.78722],[6.99427,48.77549],[6.98475,48.77576],[6.95804,48.78284],[7.0059,48.80204],[7.01895,48.7901]]],[[[6.94258,48.82392],[6.94199,48.78426],[6.88536,48.78183],[6.87908,48.78449],[6.8644,48.79982],[6.92455,48.83074],[6.94258,48.82392]]]]}},{"type":"Feature","properties":{"id":"ban-rotte","from_year":1600,"to_year":1632,"settlements":3,"place_type":"ban"},"geometry":{"type":"Polygon","coordinates":[[[6.54376,48.98141],[6.57268,48.99082],[6.58256,48.98495],[6.58243,48.98055],[6.59482,48.97253],[6.59641,48.95643],[6.55912,48.9523],[6.54974,48.94686],[6.53282,48.9452],[6.53192,48.9471],[6.54459,48.98045],[6.54376,48.98141]]]}},{"type":"Feature","properties":{"id":"ban-saint-pierre","from_year":1600,"to_year":1632,"settlements":3,"place_type":"ban"},"geometry":{"type":"MultiPolygon","coordinates":[[[[6.56625,48.97286],[6.55912,48.9523],[6.54974,48.94686],[6.53282,48.9452],[6.53192,48.9471],[6.54459,48.98045],[6.56625,48.97286]]],[[[6.40355,49.03521],[6.37773,49.04111],[6.34822,49.07471],[6.45866,49.06422],[6.46141,49.04446],[6.40355,49.03521]]]]}},{"type":"Feature","properties":{"id":"ban-val-de-gueblange","from_year":1600,"to_year":1632,"settlements":4,"place_type":"ban"},"geometry":{"type":"Polygon","coordinates":[[[6.98913,48.98278],[6.98912,48.97087],[6.97286,48.96634],[6.95947,48.95761],[6.95269,48.95724],[6.94194,48.97108],[6.92299,48.97358],[6.92229,48.98986],[6.94325,48.99668],[6.95779,48.99064],[6.98353,48.99265],[6.98913,48.98278]]]}},{"type":"Feature","properties":{"id":"ban-westrich","from_year":1600,"to_year":1621,"settlements":180,"place_type":"ban"},"geometry":{"type":"MultiPolygon","coordinates":[[[[7.08523,48.81473],[7.04157,48.81812],[7.05171,48.84128],[7.05087,48.84223],[6.99697,48.83408],[6.97413,48.83876],[6.98653,48.86572],[6.9858,48.88692],[6.99184,48.89333],[6.95844,48.92622],[6.9749,48.94198],[6.98763,48.94117],[6.98766,48.9703],[6.98912,48.97087],[7.01796,48.96186],[7.03258,48.98283],[7.02121,48.98797],[7.00659,49.01402],[7.0225,49.01242],[7.04547,48.98647],[7.07754,48.98761],[7.06414,49.00621],[7.05277,49.01575],[7.06412,49.04339],[7.06596,49.04417],[7.0652,49.05784],[7.09035,49.07689],[7.09518,49.07699],[7.10563,49.07446],[7.10893,49.04776],[7.12689,49.05136],[7.15803,49.03974],[7.17347,49.06175],[7.14729,49.06988],[7.14785,49.10054],[7.15396,49.10254],[7.20205,49.09818],[7.19838,49.12192],[7.19027,49.127],[7.19543,49.14151],[7.17307,49.17556],[7.1806,49.19705],[7.19211,49.20089],[7.23029,49.19689],[7.27607,49.15605],[7.32851,49.19911],[7.32421,49.22599],[7.33529,49.23722],[7.35556,49.24127],[7.37167,49.24199],[7.3929,49.23974],[7.41597,49.23245],[7.44182,49.23702],[7.46331,49.23658],[7.47662,49.23439],[7.47236,49.1749],[7.47349,49.16917],[7.47543,49.16775],[7.50323,49.16247],[7.52812,49.17319],[7.53289,49.1776],[7.53009,49.18912],[7.50346,49.22837],[7.48727,49.23559],[7.48538,49.24116],[7.48431,49.25172],[7.4878,49.26562],[7.49397,49.2754],[7.50294,49.2842],[7.51865,49.29384],[7.53265,49.29914],[7.54796,49.30254],[7.56842,49.30393],[7.57765,49.31304],[7.58909,49.32052],[7.60255,49.3264],[7.6175,49.33044],[7.63876,49.33273],[7.6602,49.33134],[7.68035,49.32636],[7.69379,49.32047],[7.70848,49.31018],[7.71859,49.29775],[7.72343,49.28402],[7.72276,49.27035],[7.74195,49.26552],[7.75536,49.25963],[7.77003,49.24932],[7.77806,49.24015],[7.7832,49.23012],[7.78524,49.2161],[7.78308,49.20562],[7.77785,49.19561],[7.76974,49.18646],[7.75907,49.17853],[7.74625,49.17211],[7.73297,49.16777],[7.65294,49.20537],[7.63384,49.19133],[7.62898,49.12736],[7.6436,49.11704],[7.63475,49.09699],[7.63671,49.09353],[7.61724,49.04211],[7.5816,49.02989],[7.59962,48.99531],[7.53702,48.99302],[7.56148,48.92951],[7.54575,48.92437],[7.47568,48.96104],[7.43756,48.95476],[7.42412,48.94023],[7.40872,48.93622],[7.38991,48.88388],[7.46939,48.89864],[7.51694,48.89042],[7.52123,48.87998],[7.52229,48.87253],[7.44387,48.84104],[7.39759,48.85654],[7.36551,48.87033],[7.35928,48.86989],[7.3447,48.86409],[7.33574,48.85332],[7.35679,48.77692],[7.33989,48.76739],[7.33785,48.75573],[7.33244,48.74527],[7.32172,48.74503],[7.25845,48.75078],[7.24003,48.75821],[7.24271,48.77567],[7.30204,48.78119],[7.28453,48.79308],[7.25511,48.79615],[7.23971,48.7903],[7.23373,48.78284],[7.23056,48.7829],[7.2077,48.77138],[7.19785,48.77895],[7.18216,48.77855],[7.17512,48.78401],[7.17751,48.79531],[7.19071,48.80312],[7.18745,48.81092],[7.19642,48.8271],[7.20588,48.83184],[7.21269,48.84744],[7.21145,48.84952],[7.18015,48.85527],[7.15343,48.8366],[7.14411,48.83501],[7.13703,48.82225],[7.13912,48.81719],[7.13384,48.79899],[7.078,48.78292],[7.05877,48.79037],[7.0584,48.79444],[7.08548,48.81073],[7.08523,48.81473]],[[7.27858,48.8068],[7.32032,48.84723],[7.25924,48.82002],[7.27858,48.8068]],[[7.37859,48.98097],[7.34894,48.99002],[7.34652,48.98972],[7.31485,48.96946],[7.32873,48.95209],[7.36823,48.94581],[7.37859,48.98097]]],[[[6.69279,48.80551],[6.70792,48.81733],[6.71543,48.82145],[6.73423,48.82182],[6.73675,48.79707],[6.72539,48.7901],[6.70323,48.79515],[6.69279,48.80551]]],[[[6.87913,48.90508],[6.87616,48.91775],[6.88955,48.93472],[6.92482,48.9103],[6.92401,48.8984],[6.93726,48.88789],[6.90741,48.86593],[6.87648,48.87234],[6.87281,48.87471],[6.86605,48.8926],[6.87913,48.90508]]],[[[6.62081,48.92713],[6.63617,48.94478],[6.65548,48.94044],[6.65388,48.90985],[6.67719,48.90614],[6.67443,48.8879],[6.64558,48.88641],[6.6436,48.90442],[6.64539,48.90671],[6.62934,48.91441],[6.62081,48.92713]]],[[[6.89835,48.94095],[6.89008,48.9362],[6.86462,48.94452],[6.86309,48.95769],[6.8884,48.96692],[6.9015,48.95365],[6.89835,48.94095]]],[[[6.87246,49.00671],[6.8838,49.00383],[6.8929,48.99554],[6.88327,48.9786],[6.86113,48.97636],[6.84097,48.98583],[6.84476,48.99163],[6.87246,49.00671]]],[[[6.67713,49.00186],[6.69628,49.0156],[6.72596,49.01715],[6.7402,49.01081],[6.74432,49.00191],[6.72433,48.984],[6.71043,48.97907],[6.68013,48.98911],[6.67713,49.00186]]],[[[7.00693,49.04197],[7.00173,49.03347],[6.97674,49.03327],[6.94782,49.04215],[6.95368,49.05389],[6.96248,49.05494],[7.00693,49.04197]]],[[[7.06682,49.09374],[7.0551,49.09365],[7.04808,49.0967],[7.06832,49.1254],[7.0878,49.10573],[7.06682,49.09374]]],[[[7.03843,49.13028],[7.04414,49.11374],[7.0457,49.09712],[7.02875,49.09727],[7.01362,49.12194],[7.03036,49.1324],[7.03843,49.13028]]],[[[6.9265,49.23298],[6.92922,49.23039],[6.93385,49.19244],[6.8915,49.17388],[6.87917,49.18121],[6.87334,49.19568],[6.91887,49.23086],[6.9265,49.23298]]],[[[6.67561,49.2799],[6.71038,49.26409],[6.6862,49.252],[6.66986,49.26471],[6.67561,49.2799]]],[[[6.6929,49.31427],[6.68648,49.32092],[6.68851,49.33482],[6.69325,49.33862],[6.72097,49.34261],[6.72857,49.34274],[6.74404,49.33405],[6.74371,49.33157],[6.72214,49.30736],[6.6929,49.31427]]],[[[6.66803,49.38361],[6.68655,49.38652],[6.70879,49.37476],[6.70227,49.37037],[6.66799,49.37334],[6.66565,49.37601],[6.66803,49.38361]]],[[[7.0301,49.46419],[7.00135,49.48545],[7.05682,49.49615],[7.06197,49.49263],[7.0434,49.46702],[7.0301,49.46419]]],[[[7.13298,48.75786],[7.12788,48.76113],[7.14383,48.78743],[7.15593,48.77938],[7.15582,48.7749],[7.13298,48.75786]]],[[[7.19437,48.60787],[7.19381,48.63588],[7.2047,48.66253],[7.25073,48.68298],[7.26863,48.68351],[7.29306,48.67961],[7.24488,48.61266],[7.20978,48.60302],[7.19437,48.60787]]],[[[7.67537,48.99093],[7.65698,49.01958],[7.67421,49.04474],[7.6993,49.03232],[7.67537,48.99093]]]]}},{"type":"Feature","properties":{"id":"ban-westrich","from_year":1622,"to_year":1632,"settlements":179,"place_type":"ban"},"geometry":{"type":"MultiPolygon","coordinates":[[[[7.08523,48.81473],[7.04157,48.81812],[7.05171,48.84128],[7.05087,48.84223],[6.99697,48.83408],[6.97413,48.83876],[6.98653,48.86572],[6.9858,48.88692],[6.99184,48.89333],[6.95844,48.92622],[6.9749,48.94198],[6.98763,48.94117],[6.98766,48.9703],[6.98912,48.97087],[7.01796,48.96186],[7.03258,48.98283],[7.02121,48.98797],[7.00659,49.01402],[7.0225,49.01242],[7.04547,48.98647],[7.07754,48.98761],[7.06414,49.00621],[7.05277,49.01575],[7.06412,49.04339],[7.06596,49.04417],[7.0652,49.05784],[7.09035,49.07689],[7.09518,49.07699],[7.10563,49.07446],[7.10893,49.04776],[7.12689,49.05136],[7.15803,49.03974],[7.17347,49.06175],[7.14729,49.06988],[7.14785,49.10054],[7.15396,49.10254],[7.20205,49.09818],[7.19838,49.12192],[7.19027,49.127],[7.19543,49.14151],[7.17307,49.17556],[7.1806,49.19705],[7.19211,49.20089],[7.23029,49.19689],[7.27607,49.15605],[7.32851,49.19911],[7.32421,49.22599],[7.33529,49.23722],[7.35556,49.24127],[7.37167,49.24199],[7.3929,49.23974],[7.41597,49.23245],[7.44182,49.23702],[7.46331,49.23658],[7.47662,49.23439],[7.47236,49.1749],[7.47349,49.16917],[7.47543,49.16775],[7.50323,49.16247],[7.52812,49.17319],[7.53289,49.1776],[7.53009,49.18912],[7.50346,49.22837],[7.48727,49.23559],[7.48538,49.24116],[7.48431,49.25172],[7.4878,49.26562],[7.49397,49.2754],[7.50294,49.2842],[7.51865,49.29384],[7.53265,49.29914],[7.54796,49.30254],[7.56842,49.30393],[7.57765,49.31304],[7.58909,49.32052],[7.60255,49.3264],[7.6175,49.33044],[7.63876,49.33273],[7.6602,49.33134],[7.68035,49.32636],[7.69379,49.32047],[7.70848,49.31018],[7.71859,49.29775],[7.72343,49.28402],[7.72276,49.27035],[7.74195,49.26552],[7.75536,49.25963],[7.77003,49.24932],[7.77806,49.24015],[7.7832,49.23012],[7.78524,49.2161],[7.78308,49.20562],[7.77785,49.19561],[7.76974,49.18646],[7.75907,49.17853],[7.74625,49.17211],[7.73297,49.16777],[7.65294,49.20537],[7.63384,49.19133],[7.62898,49.12736],[7.6436,49.11704],[7.63475,49.09699],[7.63671,49.09353],[7.61724,49.04211],[7.5816,49.02989],[7.59962,48.99531],[7.53702,48.99302],[7.56148,48.92951],[7.54575,48.92437],[7.47568,48.96104],[7.43756,48.95476],[7.42412,48.94023],[7.40872,48.93622],[7.38991,48.88388],[7.46939,48.89864],[7.51694,48.89042],[7.52123,48.87998],[7.52229,48.87253],[7.44387,48.84104],[7.39759,48.85654],[7.36551,48.87033],[7.35928,48.86989],[7.3447,48.86409],[7.33574,48.85332],[7.35679,48.77692],[7.33989,48.76739],[7.33785,48.75573],[7.33244,48.74527],[7.32172,48.74503],[7.25845,48.75078],[7.24003,48.75821],[7.24271,48.77567],[7.30204,48.78119],[7.28453,48.79308],[7.25511,48.79615],[7.23971,48.7903],[7.23373,48.78284],[7.23056,48.7829],[7.2077,48.77138],[7.19785,48.77895],[7.18216,48.77855],[7.17512,48.78401],[7.17751,48.79531],[7.19071,48.80312],[7.18745,48.81092],[7.19642,48.8271],[7.20588,48.83184],[7.21269,48.84744],[7.21145,48.84952],[7.18015,48.85527],[7.15343,48.8366],[7.14411,48.83501],[7.13703,48.82225],[7.13912,48.81719],[7.13384,48.79899],[7.078,48.78292],[7.05877,48.79037],[7.0584,48.79444],[7.08548,48.81073],[7.08523,48.81473]],[[7.27858,48.8068],[7.32032,48.84723],[7.25924,48.82002],[7.27858,48.8068]],[[7.34894,48.99002],[7.34652,48.98972],[7.31485,48.96946],[7.32873,48.95209],[7.36823,48.94581],[7.37859,48.98097],[7.34894,48.99002]]],[[[6.69279,48.80551],[6.70792,48.81733],[6.71543,48.82145],[6.73423,48.82182],[6.73675,48.79707],[6.72539,48.7901],[6.70323,48.79515],[6.69279,48.80551]]],[[[6.87913,48.90508],[6.87616,48.91775],[6.88955,48.93472],[6.92482,48.9103],[6.92401,48.8984],[6.93726,48.88789],[6.90741,48.86593],[6.87648,48.87234],[6.87281,48.87471],[6.86605,48.8926],[6.87913,48.90508]]],[[[6.62081,48.92713],[6.63617,48.94478],[6.65548,48.94044],[6.65388,48.90985],[6.67719,48.90614],[6.67443,48.8879],[6.64558,48.88641],[6.6436,48.90442],[6.64539,48.90671],[6.62934,48.91441],[6.62081,48.92713]]],[[[6.89835,48.94095],[6.89008,48.9362],[6.86462,48.94452],[6.86309,48.95769],[6.8884,48.96692],[6.9015,48.95365],[6.89835,48.94095]]],[[[6.87246,49.00671],[6.8838,49.00383],[6.8929,48.99554],[6.88327,48.9786],[6.86113,48.97636],[6.84097,48.98583],[6.84476,48.99163],[6.87246,49.00671]]],[[[6.67713,49.00186],[6.69628,49.0156],[6.72596,49.01715],[6.7402,49.01081],[6.74432,49.00191],[6.72433,48.984],[6.71043,48.97907],[6.68013,48.98911],[6.67713,49.00186]]],[[[7.06682,49.09374],[7.0551,49.09365],[7.04808,49.0967],[7.06832,49.1254],[7.0878,49.10573],[7.06682,49.09374]]],[[[7.03036,49.1324],[7.03843,49.13028],[7.04414,49.11374],[7.0457,49.09712],[7.02875,49.09727],[7.01362,49.12194],[7.03036,49.1324]]],[[[6.9265,49.23298],[6.92922,49.23039],[6.93385,49.19244],[6.8915,49.17388],[6.87917,49.18121],[6.87334,49.19568],[6.91887,49.23086],[6.9265,49.23298]]],[[[6.71038,49.26409],[6.6862,49.252],[6.66986,49.26471],[6.67561,49.2799],[6.71038,49.26409]]],[[[6.6929,49.31427],[6.68648,49.32092],[6.68851,49.33482],[6.69325,49.33862],[6.72097,49.34261],[6.72857,49.34274],[6.74404,49.33405],[6.74371,49.33157],[6.72214,49.30736],[6.6929,49.31427]]],[[[6.66803,49.38361],[6.68655,49.38652],[6.70879,49.37476],[6.70227,49.37037],[6.66799,49.37334],[6.66565,49.37601],[6.66803,49.38361]]],[[[7.0434,49.46702],[7.0301,49.46419],[7.00135,49.48545],[7.05682,49.49615],[7.06197,49.49263],[7.0434,49.46702]]],[[[7.13298,48.75786],[7.12788,48.76113],[7.14383,48.78743],[7.15593,48.77938],[7.15582,48.7749],[7.13298,48.75786]]],[[[7.19437,48.60787],[7.19381,48.63588],[7.2047,48.66253],[7.25073,48.68298],[7.26863,48.68351],[7.29306,48.67961],[7.24488,48.61266],[7.20978,48.60302],[7.19437,48.60787]]],[[[7.67537,48.99093],[7.65698,49.01958],[7.67421,49.04474],[7.6993,49.03232],[7.67537,48.99093]]]]}},{"type":"Feature","properties":{"id":"barony-hellimer","from_year":1600,"to_year":1632,"settlements":1,"place_type":"barony"},"geometry":{"type":"Polygon","coordinates":[[[6.80628,49.00857],[6.80842,49.01085],[6.82453,49.01315],[6.84476,48.99163],[6.84097,48.98583],[6.8149,48.97973],[6.80732,48.98278],[6.80079,48.99142],[6.80628,49.00857]]]}},{"type":"Feature","properties":{"id":"barony-raville","from_year":1600,"to_year":1632,"settlements":4,"place_type":"barony"},"geometry":{"type":"MultiPolygon","coordinates":[[[[6.62695,49.10332],[6.61882,49.09499],[6.5857,49.08503],[6.57636,49.08978],[6.57438,49.1123],[6.60903,49.116],[6.62695,49.10332]]],[[[6.46111,49.12996],[6.47774,49.13924],[6.48531,49.13836],[6.49399,49.14341],[6.52295,49.14058],[6.53156,49.12817],[6.50947,49.11147],[6.50521,49.11153],[6.49671,49.11546],[6.48677,49.12867],[6.45398,49.1176],[6.43645,49.10492],[6.42043,49.10915],[6.42337,49.12774],[6.43711,49.14049],[6.43996,49.1409],[6.46111,49.12996]]]]}},{"type":"Feature","properties":{"id":"barony-saint-georges","from_year":1600,"to_year":1632,"settlements":6,"place_type":"barony"},"geometry":{"type":"Polygon","coordinates":[[[6.8846,48.60748],[6.88172,48.60937],[6.88306,48.62538],[6.86773,48.67755],[6.89184,48.67042],[6.91791,48.64751],[6.93909,48.63986],[6.94227,48.64177],[6.94675,48.6613],[6.93679,48.67127],[6.94246,48.67691],[6.95479,48.67908],[6.97775,48.67108],[6.97706,48.66425],[6.98232,48.65885],[6.98198,48.65201],[6.9707,48.64329],[6.9869,48.62237],[6.99383,48.62216],[7.01445,48.6163],[6.98708,48.57894],[6.95288,48.60274],[6.9491,48.60891],[6.93439,48.61482],[6.8846,48.60748]]]}},{"type":"Feature","properties":{"id":"castellany-albestroff","from_year":1600,"to_year":1632,"settlements":9,"place_type":"castellany"},"geometry":{"type":"MultiPolygon","coordinates":[[[[6.92482,48.9103],[6.88955,48.93472],[6.89008,48.9362],[6.89835,48.94095],[6.93419,48.93477],[6.93942,48.92991],[6.92482,48.9103]]],[[[6.95947,48.95761],[6.95069,48.95645],[6.91731,48.96006],[6.9015,48.95365],[6.8884,48.96692],[6.88559,48.97501],[6.92272,48.97331],[6.92229,48.98986],[6.94325,48.99668],[6.95779,48.99064],[6.98353,48.99265],[6.98913,48.98278],[6.98763,48.94117],[6.9749,48.94198],[6.95947,48.95761]]],[[[6.84097,48.98583],[6.8149,48.97973],[6.80732,48.98278],[6.80079,48.99142],[6.80628,49.00857],[6.80842,49.01085],[6.82453,49.01315],[6.84476,48.99163],[6.84097,48.98583]]]]}},{"type":"Feature","properties":{"id":"castellany-amance","from_year":1600,"to_year":1632,"settlements":1,"place_type":"castellany"},"geometry":{"type":"Polygon","coordinates":[[[6.53251,48.83547],[6.53392,48.83461],[6.52122,48.80308],[6.47191,48.81166],[6.45755,48.82048],[6.53251,48.83547]]]}},{"type":"Feature","properties":{"id":"castellany-fribourg","from_year":1600,"to_year":1632,"settlements":4,"place_type":"castellany"},"geometry":{"type":"Polygon","coordinates":[[[6.85241,48.69523],[6.8294,48.70007],[6.7703,48.74791],[6.82453,48.7598],[6.826,48.76852],[6.81997,48.77809],[6.84014,48.80775],[6.84735,48.80799],[6.8644,48.79982],[6.87908,48.78449],[6.88536,48.78183],[6.8744,48.75759],[6.90339,48.72002],[6.85241,48.69523]]]}},{"type":"Feature","properties":{"id":"castellany-haboudange","from_year":1600,"to_year":1632,"settlements":11,"place_type":"castellany"},"geometry":{"type":"MultiPolygon","coordinates":[[[[6.57964,48.81389],[6.55331,48.8335],[6.57088,48.84753],[6.55837,48.86728],[6.57058,48.87502],[6.54141,48.89456],[6.55621,48.90263],[6.55966,48.91001],[6.52972,48.92965],[6.52653,48.94031],[6.46951,48.93593],[6.47527,48.96545],[6.50097,48.98224],[6.53282,48.9452],[6.54974,48.94686],[6.58321,48.92819],[6.57244,48.91429],[6.59804,48.90058],[6.60013,48.90136],[6.61957,48.89831],[6.62044,48.87531],[6.61313,48.87254],[6.63106,48.85626],[6.60782,48.84794],[6.61445,48.82917],[6.6057,48.82102],[6.57964,48.81389]]],[[[6.77961,48.80213],[6.78301,48.80683],[6.82964,48.81143],[6.84014,48.80775],[6.81997,48.77809],[6.7854,48.78828],[6.77961,48.80213]]],[[[6.58672,48.92855],[6.60826,48.95062],[6.62924,48.94987],[6.63617,48.94478],[6.62081,48.92713],[6.60019,48.92383],[6.58672,48.92855]]]]}},{"type":"Feature","properties":{"id":"castellany-lagarde","from_year":1600,"to_year":1632,"settlements":8,"place_type":"castellany"},"geometry":{"type":"MultiPolygon","coordinates":[[[[6.85339,48.68936],[6.75674,48.64483],[6.74044,48.67617],[6.63955,48.67002],[6.66737,48.70033],[6.66293,48.71958],[6.63464,48.73296],[6.63362,48.73714],[6.65041,48.74915],[6.65909,48.75018],[6.67914,48.73731],[6.71149,48.74032],[6.7139,48.74189],[6.75293,48.74282],[6.76554,48.74874],[6.7703,48.74791],[6.82453,48.7598],[6.83164,48.75482],[6.85339,48.68936]]],[[[6.75001,48.76937],[6.70456,48.76012],[6.72724,48.78528],[6.75001,48.76937]]]]}},{"type":"Feature","properties":{"id":"castellany-marsal","from_year":1600,"to_year":1632,"settlements":4,"place_type":"castellany"},"geometry":{"type":"MultiPolygon","coordinates":[[[[6.7139,48.74189],[6.71149,48.74032],[6.67914,48.73731],[6.65909,48.75018],[6.65041,48.74915],[6.62188,48.77131],[6.64148,48.78458],[6.67258,48.77328],[6.67452,48.76955],[6.70345,48.75892],[6.7139,48.74189]]],[[[6.57059,48.7991],[6.57964,48.81389],[6.6057,48.82102],[6.62623,48.79796],[6.58199,48.78956],[6.57059,48.7991]]]]}},{"type":"Feature","properties":{"id":"castellany-remilly","from_year":1600,"to_year":1632,"settlements":5,"place_type":"castellany"},"geometry":{"type":"Polygon","coordinates":[[[6.27969,48.98938],[6.26693,49.00068],[6.25905,49.01377],[6.25658,49.02776],[6.25971,49.04169],[6.26822,49.05463],[6.28153,49.06567],[6.29874,49.07408],[6.31868,49.07927],[6.3393,49.08088],[6.34822,49.07471],[6.37773,49.04111],[6.40355,49.03521],[6.46141,49.04446],[6.45866,49.06422],[6.46156,49.07023],[6.49562,49.07788],[6.50298,49.07759],[6.52501,49.05745],[6.52354,49.04128],[6.51786,49.03882],[6.46524,49.04156],[6.46173,49.00564],[6.42471,48.99112],[6.42368,48.98518],[6.40391,48.95868],[6.37997,48.95405],[6.3003,48.97469],[6.29896,48.9797],[6.27969,48.98938]]]}},{"type":"Feature","properties":{"id":"castellany-vic","from_year":1600,"to_year":1632,"settlements":13,"place_type":"castellany"},"geometry":{"type":"Polygon","coordinates":[[[6.42736,48.70177],[6.41519,48.70861],[6.40527,48.7169],[6.39726,48.72766],[6.35241,48.73517],[6.32919,48.7437],[6.31438,48.75381],[6.30312,48.76778],[6.37304,48.80872],[6.37867,48.81879],[6.36996,48.82169],[6.33776,48.83981],[6.35581,48.86507],[6.40933,48.83398],[6.43724,48.83645],[6.44918,48.82343],[6.45755,48.82048],[6.47191,48.81166],[6.52122,48.80308],[6.52254,48.80187],[6.55281,48.79584],[6.57059,48.7991],[6.58199,48.78956],[6.59285,48.77087],[6.6048,48.76721],[6.60615,48.74665],[6.63362,48.73714],[6.63464,48.73296],[6.66293,48.71958],[6.66737,48.70033],[6.63955,48.67002],[6.62916,48.66469],[6.6086,48.66802],[6.59726,48.66608],[6.52697,48.73022],[6.44436,48.6958],[6.42736,48.70177]]]}},{"type":"Feature","properties":{"id":"condominium-merzig-saargau","from_year":1600,"to_year":1632,"settlements":22,"place_type":"condominium"},"geometry":{"type":"Polygon","coordinates":[[[6.57984,49.41035],[6.56666,49.41168],[6.55202,49.43335],[6.54175,49.43335],[6.53291,49.44913],[6.51875,49.45362],[6.50846,49.45109],[6.48744,49.46187],[6.47254,49.45693],[6.45707,49.4652],[6.46024,49.47337],[6.48241,49.48826],[6.48851,49.4634],[6.52216,49.47461],[6.55312,49.47006],[6.5672,49.4703],[6.58439,49.4816],[6.58217,49.48615],[6.57065,49.49298],[6.5666,49.51652],[6.62014,49.54541],[6.64898,49.53382],[6.66431,49.52333],[6.68957,49.52912],[6.70577,49.52994],[6.71695,49.52928],[6.72556,49.52401],[6.73756,49.49051],[6.72932,49.47157],[6.70255,49.45575],[6.70994,49.44086],[6.69979,49.42567],[6.69393,49.42179],[6.69662,49.41072],[6.68817,49.40306],[6.65999,49.39919],[6.65836,49.40739],[6.64438,49.41327],[6.63966,49.41362],[6.64071,49.43037],[6.62839,49.4322],[6.61186,49.42778],[6.61698,49.40496],[6.59482,49.39922],[6.57984,49.41035]]]}},{"type":"Feature","properties":{"id":"county-bitche","from_year":1600,"to_year":1632,"settlements":90,"place_type":"county"},"geometry":{"type":"MultiPolygon","coordinates":[[[[6.65388,48.90985],[6.67719,48.90614],[6.67443,48.8879],[6.64558,48.88641],[6.6436,48.90442],[6.64539,48.90671],[6.65388,48.90985]]],[[[7.18411,48.97693],[7.17306,48.9818],[7.16968,48.98537],[7.09425,48.97468],[7.08752,48.9836],[7.10966,49.01098],[7.09649,49.03894],[7.10893,49.04776],[7.12689,49.05136],[7.15751,49.03943],[7.17347,49.06175],[7.14729,49.06988],[7.14785,49.10054],[7.15396,49.10254],[7.20205,49.09818],[7.19838,49.12192],[7.19027,49.127],[7.19543,49.14151],[7.2302,49.13827],[7.1854,49.19814],[7.19211,49.20089],[7.23029,49.19689],[7.27607,49.15605],[7.32851,49.19911],[7.3508,49.1644],[7.40516,49.18118],[7.41026,49.1906],[7.416,49.23246],[7.44182,49.23702],[7.46331,49.23658],[7.47662,49.23439],[7.47236,49.1749],[7.47349,49.16917],[7.47543,49.16775],[7.50323,49.16247],[7.52812,49.17319],[7.53289,49.1776],[7.53009,49.18912],[7.50346,49.22837],[7.48727,49.23559],[7.48538,49.24116],[7.48431,49.25172],[7.4878,49.26562],[7.49397,49.2754],[7.50294,49.2842],[7.51865,49.29384],[7.53265,49.29914],[7.54796,49.30254],[7.56842,49.30393],[7.57765,49.31304],[7.58909,49.32052],[7.60255,49.3264],[7.6175,49.33044],[7.63876,49.33273],[7.6602,49.33134],[7.68035,49.32636],[7.69379,49.32047],[7.70848,49.31018],[7.71859,49.29775],[7.72343,49.28402],[7.72276,49.27035],[7.74195,49.26552],[7.75536,49.25963],[7.76676,49.25213],[7.77569,49.24332],[7.78182,49.23354],[7.78492,49.22316],[7.78308,49.20562],[7.77545,49.19245],[7.76645,49.18367],[7.75073,49.17406],[7.73297,49.16777],[7.65294,49.20537],[7.63384,49.19133],[7.62898,49.12736],[7.6436,49.11704],[7.63475,49.09699],[7.63671,49.09353],[7.61724,49.04211],[7.5816,49.02989],[7.59962,48.99531],[7.53702,48.99302],[7.56148,48.92951],[7.54575,48.92437],[7.47568,48.96104],[7.43756,48.95476],[7.42412,48.94023],[7.40872,48.93622],[7.3729,48.94177],[7.36823,48.94581],[7.37859,48.98097],[7.34894,48.99002],[7.34652,48.98972],[7.31485,48.96946],[7.27066,48.97405],[7.26267,48.98727],[7.18411,48.97693]]],[[[6.87246,49.00671],[6.8838,49.00383],[6.8929,48.99554],[6.88327,48.9786],[6.86113,48.97636],[6.84097,48.98583],[6.84476,48.99163],[6.87246,49.00671]]],[[[7.67537,48.99093],[7.65698,49.01958],[7.67421,49.04474],[7.6993,49.03232],[7.67537,48.99093]]]]}},{"type":"Feature","properties":{"id":"county-bliescastel","from_year":1600,"to_year":1632,"settlements":6,"place_type":"county"},"geometry":{"type":"MultiPolygon","coordinates":[[[[6.96248,49.05494],[6.98623,49.07346],[6.98089,49.08561],[6.9915,49.08979],[7.01825,49.09182],[7.0255,49.07021],[7.00871,49.05731],[7.01006,49.04432],[7.00693,49.04197],[6.96248,49.05494]]],[[[7.0457,49.09712],[7.02875,49.09727],[7.01362,49.12194],[7.03036,49.1324],[7.03843,49.13028],[7.04414,49.11374],[7.0457,49.09712]]],[[[7.10503,49.16476],[7.11757,49.15199],[7.10352,49.13846],[7.10035,49.1384],[7.09173,49.13489],[7.07442,49.1331],[7.06264,49.15794],[7.06826,49.15916],[7.09129,49.15599],[7.10503,49.16476]]],[[[6.86922,49.13003],[6.86085,49.12912],[6.83754,49.1443],[6.83859,49.14861],[6.86979,49.15351],[6.87371,49.15248],[6.87706,49.13829],[6.86922,49.13003]]]]}},{"type":"Feature","properties":{"id":"county-dabo","from_year":1600,"to_year":1632,"settlements":7,"place_type":"county"},"geometry":{"type":"Polygon","coordinates":[[[7.14366,48.67098],[7.14399,48.67983],[7.1413,48.68668],[7.18122,48.69576],[7.2047,48.66253],[7.25073,48.68298],[7.26863,48.68351],[7.29306,48.67961],[7.30863,48.68262],[7.37954,48.63605],[7.37921,48.62943],[7.3724,48.61243],[7.35913,48.59881],[7.24488,48.61266],[7.20978,48.60302],[7.19434,48.60788],[7.17398,48.60153],[7.15477,48.59923],[7.14107,48.59175],[7.06329,48.63278],[7.04792,48.63517],[7.04242,48.64694],[7.06556,48.67464],[7.07593,48.67801],[7.08351,48.67639],[7.10441,48.65249],[7.12169,48.64739],[7.14366,48.67098]]]}},{"type":"Feature","properties":{"id":"county-deux-ponts","from_year":1600,"to_year":1632,"settlements":1,"place_type":"county"},"geometry":{"type":"Polygon","coordinates":[[[7.33529,49.23722],[7.3609,49.24174],[7.38769,49.24064],[7.40299,49.23727],[7.416,49.23246],[7.41026,49.1906],[7.40516,49.18118],[7.3508,49.1644],[7.32851,49.19911],[7.32421,49.22599],[7.33529,49.23722]]]}},{"type":"Feature","properties":{"id":"county-hanau-lichtenberg","from_year":1600,"to_year":1632,"settlements":9,"place_type":"county"},"geometry":{"type":"Polygon","coordinates":[[[7.53607,48.86619],[7.54143,48.87293],[7.55119,48.88133],[7.57234,48.89203],[7.59758,48.89769],[7.62359,48.89774],[7.60522,48.90242],[7.59189,48.9083],[7.5773,48.91858],[7.56824,48.9294],[7.5615,48.92952],[7.54573,48.92437],[7.54306,48.91633],[7.53692,48.90656],[7.52801,48.89776],[7.51694,48.89042],[7.46939,48.89864],[7.38991,48.88388],[7.40872,48.93622],[7.42412,48.94023],[7.43756,48.95476],[7.47764,48.96063],[7.52249,48.9959],[7.53506,48.99438],[7.53702,48.99302],[7.59962,48.99531],[7.62053,48.98159],[7.67537,48.99093],[7.70393,48.98041],[7.76823,48.9908],[7.78466,48.98642],[7.79799,48.98052],[7.81256,48.97021],[7.82054,48.96103],[7.82283,48.95726],[7.7213,48.92092],[7.69142,48.93078],[7.6311,48.89671],[7.69251,48.8452],[7.69038,48.83214],[7.68283,48.81896],[7.67391,48.81017],[7.65833,48.80055],[7.63445,48.79279],[7.60808,48.7905],[7.582,48.79393],[7.56765,48.79861],[7.55751,48.80357],[7.54918,48.79389],[7.53862,48.78593],[7.52593,48.77948],[7.50653,48.77366],[7.49084,48.77158],[7.47484,48.77156],[7.45915,48.77361],[7.4442,48.7777],[7.4238,48.77253],[7.40389,48.77112],[7.39759,48.85654],[7.44387,48.84104],[7.52229,48.87252],[7.53607,48.86619]]]}},{"type":"Feature","properties":{"id":"county-la-petite-pierre","from_year":1600,"to_year":1632,"settlements":2,"place_type":"county"},"geometry":{"type":"Polygon","coordinates":[[[7.38991,48.88388],[7.36551,48.87033],[7.35928,48.86989],[7.3483,48.91194],[7.31204,48.93035],[7.32873,48.95209],[7.36823,48.94581],[7.3729,48.94177],[7.40872,48.93622],[7.38991,48.88388]]]}},{"type":"Feature","properties":{"id":"county-lichtenberg","from_year":1600,"to_year":1632,"settlements":3,"place_type":"county"},"geometry":{"type":"Polygon","coordinates":[[[7.61002,48.90086],[7.59189,48.9083],[7.5773,48.91858],[7.56823,48.9294],[7.62053,48.98159],[7.67537,48.99093],[7.70393,48.98041],[7.69142,48.93078],[7.7213,48.92092],[7.78855,48.87481],[7.78052,48.86569],[7.76991,48.85776],[7.74773,48.84802],[7.72199,48.8435],[7.69543,48.84468],[7.69251,48.8452],[7.6324,48.89659],[7.61002,48.90086]]]}},{"type":"Feature","properties":{"id":"county-petite-pierre","from_year":1600,"to_year":1632,"settlements":27,"place_type":"county"},"geometry":{"type":"MultiPolygon","coordinates":[[[[7.17751,48.79531],[7.19071,48.80312],[7.20322,48.79851],[7.21752,48.80382],[7.22453,48.82099],[7.20588,48.83184],[7.21757,48.8631],[7.20073,48.879],[7.18067,48.88122],[7.16828,48.86774],[7.13965,48.86747],[7.12435,48.88063],[7.13176,48.88801],[7.1732,48.88991],[7.17625,48.88842],[7.1936,48.89975],[7.18772,48.92173],[7.21819,48.94892],[7.24708,48.94774],[7.25304,48.94928],[7.27066,48.97405],[7.31485,48.96946],[7.32873,48.95209],[7.36823,48.94581],[7.3729,48.94177],[7.40872,48.93622],[7.38991,48.88388],[7.46939,48.89864],[7.51694,48.89042],[7.52123,48.87998],[7.52229,48.87253],[7.44387,48.84104],[7.39759,48.85654],[7.36551,48.87033],[7.35928,48.86989],[7.3447,48.86409],[7.33574,48.85332],[7.35679,48.77692],[7.3399,48.7674],[7.30204,48.78119],[7.28453,48.79308],[7.25511,48.79615],[7.23971,48.7903],[7.23373,48.78284],[7.23056,48.7829],[7.2077,48.77138],[7.19785,48.77895],[7.18216,48.77855],[7.17512,48.78401],[7.17751,48.79531]],[[7.27858,48.8068],[7.32032,48.84723],[7.25924,48.82002],[7.27858,48.8068]]],[[[7.29776,49.0971],[7.30634,49.08928],[7.28165,49.06824],[7.26764,49.0839],[7.29438,49.09852],[7.29776,49.0971]]]]}},{"type":"Feature","properties":{"id":"county-rechicourt-le-chateau","from_year":1600,"to_year":1632,"settlements":11,"place_type":"county"},"geometry":{"type":"MultiPolygon","coordinates":[[[[6.7518,48.61079],[6.75674,48.64483],[6.74044,48.67617],[6.74964,48.69373],[6.70586,48.70975],[6.71149,48.74032],[6.7139,48.74189],[6.75293,48.74282],[6.76554,48.74874],[6.7703,48.74791],[6.8294,48.70007],[6.85241,48.69523],[6.90339,48.72002],[6.90897,48.72161],[6.97052,48.72331],[6.98483,48.70936],[7.00721,48.70977],[7.02279,48.70177],[7.02249,48.6958],[6.99686,48.68292],[6.98927,48.68298],[6.98327,48.68824],[6.98052,48.70311],[6.95119,48.6987],[6.9624,48.68783],[6.95479,48.67908],[6.94246,48.67691],[6.93679,48.67127],[6.89184,48.67042],[6.86773,48.67755],[6.88306,48.62538],[6.88172,48.60937],[6.81658,48.61828],[6.76411,48.60469],[6.7518,48.61079]]],[[[6.75631,48.88654],[6.7782,48.90144],[6.79185,48.90076],[6.81064,48.88618],[6.78021,48.87418],[6.75631,48.88654]]],[[[6.94227,48.64177],[6.94675,48.6613],[6.97706,48.66425],[6.98232,48.65885],[6.98198,48.65201],[6.9707,48.64329],[6.94227,48.64177]]]]}},{"type":"Feature","properties":{"id":"county-sarrewerden","from_year":1600,"to_year":1621,"settlements":47,"place_type":"county"},"geometry":{"type":"MultiPolygon","coordinates":[[[[7.04992,48.84672],[6.98653,48.86572],[6.9858,48.88692],[6.99184,48.89333],[6.95844,48.92622],[6.9749,48.94198],[6.98763,48.94117],[6.98766,48.9703],[6.98912,48.97087],[7.01796,48.96186],[7.03258,48.98283],[7.04547,48.98647],[7.07754,48.98761],[7.06414,49.00621],[7.05277,49.01575],[7.06412,49.04339],[7.06596,49.04417],[7.0652,49.05784],[7.09035,49.07689],[7.09518,49.07699],[7.10563,49.07446],[7.10893,49.04776],[7.09649,49.03894],[7.10966,49.01098],[7.15737,49.01243],[7.17285,49.00163],[7.16968,48.98537],[7.17306,48.9818],[7.18411,48.97693],[7.26267,48.98727],[7.27066,48.97405],[7.25304,48.94928],[7.24708,48.94774],[7.21819,48.94892],[7.20193,48.95725],[7.16602,48.94013],[7.16162,48.93345],[7.17923,48.92222],[7.18806,48.92152],[7.1936,48.89975],[7.17625,48.88842],[7.1732,48.88991],[7.13176,48.88801],[7.12435,48.88063],[7.13965,48.86747],[7.16828,48.86774],[7.18067,48.88122],[7.20073,48.879],[7.21757,48.8631],[7.24282,48.87411],[7.27107,48.85204],[7.24856,48.84268],[7.21269,48.84744],[7.21145,48.84952],[7.18015,48.85527],[7.15343,48.8366],[7.14411,48.83501],[7.13703,48.82225],[7.13912,48.81719],[7.13384,48.79899],[7.078,48.78292],[7.05877,48.79037],[7.0584,48.79444],[7.08548,48.81073],[7.08523,48.81473],[7.04157,48.81812],[7.05171,48.84128],[7.04992,48.84672]],[[7.06811,48.93957],[7.0692,48.93383],[7.082,48.9323],[7.10554,48.96123],[7.09404,48.97375],[7.07679,48.9628],[7.06811,48.93957]]],[[[6.87281,48.87471],[6.86605,48.8926],[6.87913,48.90508],[6.92401,48.8984],[6.93726,48.88789],[6.90741,48.86593],[6.87648,48.87234],[6.87281,48.87471]]],[[[6.72433,48.984],[6.71043,48.97907],[6.68013,48.98911],[6.67713,49.00186],[6.69628,49.0156],[6.72596,49.01715],[6.7402,49.01081],[6.74432,49.00191],[6.72433,48.984]]],[[[6.96248,49.05494],[7.00693,49.04197],[7.00173,49.03347],[6.97674,49.03327],[6.94782,49.04215],[6.95368,49.05389],[6.96248,49.05494]]],[[[7.19071,48.80312],[7.18745,48.81092],[7.19642,48.8271],[7.20588,48.83184],[7.22453,48.82099],[7.21752,48.80382],[7.20322,48.79851],[7.19071,48.80312]]],[[[7.30634,49.08928],[7.28165,49.06824],[7.26764,49.0839],[7.29438,49.09852],[7.29776,49.0971],[7.30634,49.08928]]],[[[7.19543,49.14151],[7.17307,49.17556],[7.1806,49.19705],[7.1854,49.19814],[7.2302,49.13827],[7.19543,49.14151]]]]}},{"type":"Feature","properties":{"id":"county-sarrewerden","from_year":1622,"to_year":1632,"settlements":46,"place_type":"county"},"geometry":{"type":"MultiPolygon","coordinates":[[[[7.04992,48.84672],[6.98653,48.86572],[6.9858,48.88692],[6.99184,48.89333],[6.95844,48.92622],[6.9749,48.94198],[6.98763,48.94117],[6.98766,48.9703],[6.98912,48.97087],[7.01796,48.96186],[7.03258,48.98283],[7.04547,48.98647],[7.07754,48.98761],[7.06414,49.00621],[7.05277,49.01575],[7.06412,49.04339],[7.06596,49.04417],[7.0652,49.05784],[7.09035,49.07689],[7.09518,49.07699],[7.10563,49.07446],[7.10893,49.04776],[7.09649,49.03894],[7.10966,49.01098],[7.15737,49.01243],[7.17285,49.00163],[7.16968,48.98537],[7.17306,48.9818],[7.18411,48.97693],[7.26267,48.98727],[7.27066,48.97405],[7.25304,48.94928],[7.24708,48.94774],[7.21819,48.94892],[7.20193,48.95725],[7.16602,48.94013],[7.16162,48.93345],[7.17923,48.92222],[7.18806,48.92152],[7.1936,48.89975],[7.17625,48.88842],[7.1732,48.88991],[7.13176,48.88801],[7.12435,48.88063],[7.13965,48.86747],[7.16828,48.86774],[7.18067,48.88122],[7.20073,48.879],[7.21757,48.8631],[7.24282,48.87411],[7.27107,48.85204],[7.24856,48.84268],[7.21269,48.84744],[7.21145,48.84952],[7.18015,48.85527],[7.15343,48.8366],[7.14411,48.83501],[7.13703,48.82225],[7.13912,48.81719],[7.13384,48.79899],[7.078,48.78292],[7.05877,48.79037],[7.0584,48.79444],[7.08548,48.81073],[7.08523,48.81473],[7.04157,48.81812],[7.05171,48.84128],[7.04992,48.84672]],[[7.06811,48.93957],[7.0692,48.93383],[7.082,48.9323],[7.10554,48.96123],[7.09404,48.97375],[7.07679,48.9628],[7.06811,48.93957]]],[[[6.87281,48.87471],[6.86605,48.8926],[6.87913,48.90508],[6.92401,48.8984],[6.93726,48.88789],[6.90741,48.86593],[6.87648,48.87234],[6.87281,48.87471]]],[[[6.71043,48.97907],[6.68013,48.98911],[6.67713,49.00186],[6.69628,49.0156],[6.72596,49.01715],[6.7402,49.01081],[6.74432,49.00191],[6.72433,48.984],[6.71043,48.97907]]],[[[7.18745,48.81092],[7.19642,48.8271],[7.20588,48.83184],[7.22453,48.82099],[7.21752,48.80382],[7.20322,48.79851],[7.19071,48.80312],[7.18745,48.81092]]],[[[7.30634,49.08928],[7.28165,49.06824],[7.26764,49.0839],[7.29438,49.09852],[7.29776,49.0971],[7.30634,49.08928]]],[[[7.19543,49.14151],[7.17307,49.17556],[7.1806,49.19705],[7.1854,49.19814],[7.2302,49.13827],[7.19543,49.14151]]]]}},{"type":"Feature","properties":{"id":"court-conde","from_year":1600,"to_year":1632,"settlements":7,"place_type":"court"},"geometry":{"type":"MultiPolygon","coordinates":[[[[6.4306,49.1526],[6.39289,49.16494],[6.39043,49.16756],[6.42911,49.17834],[6.44153,49.16137],[6.4306,49.1526]]],[[[6.43169,49.19999],[6.43045,49.20547],[6.4189,49.2133],[6.42478,49.22241],[6.45122,49.22437],[6.45358,49.23336],[6.46894,49.23323],[6.47682,49.22995],[6.47438,49.21559],[6.45849,49.21598],[6.46027,49.19884],[6.45413,49.19755],[6.43169,49.19999]]],[[[6.4206,49.23254],[6.39812,49.23678],[6.4011,49.25915],[6.4115,49.26157],[6.43824,49.24931],[6.4457,49.24718],[6.44569,49.24212],[6.4206,49.23254]]]]}},{"type":"Feature","properties":{"id":"court-perl","from_year":1600,"to_year":1632,"settlements":2,"place_type":"court"},"geometry":{"type":"Polygon","coordinates":[[[6.4199,49.48022],[6.39931,49.46146],[6.39521,49.4602],[6.37444,49.47186],[6.34821,49.47926],[6.33941,49.50299],[6.36015,49.50406],[6.41933,49.48482],[6.4199,49.48022]]]}},{"type":"Feature","properties":{"id":"fief-puttelange","from_year":1600,"to_year":1632,"settlements":1,"place_type":"fief"},"geometry":{"type":"Polygon","coordinates":[[[6.61439,49.2738],[6.63447,49.27264],[6.64753,49.25655],[6.63806,49.24673],[6.61027,49.25562],[6.60718,49.26348],[6.61439,49.2738]]]}},{"type":"Feature","properties":{"id":"lordship-berg","from_year":1600,"to_year":1632,"settlements":3,"place_type":"lordship"},"geometry":{"type":"MultiPolygon","coordinates":[[[[6.55001,49.36595],[6.54612,49.34088],[6.54366,49.33913],[6.51574,49.34033],[6.51941,49.36018],[6.55001,49.36595]]],[[[6.49112,49.42531],[6.48115,49.42433],[6.4785,49.44055],[6.50566,49.44604],[6.51018,49.43537],[6.49112,49.42531]]],[[[6.53089,49.59331],[6.54495,49.58396],[6.49911,49.52723],[6.49727,49.52644],[6.45324,49.53056],[6.4815,49.59629],[6.5094,49.60133],[6.53089,49.59331]]]]}},{"type":"Feature","properties":{"id":"lordship-bertrange","from_year":1600,"to_year":1632,"settlements":2,"place_type":"lordship"},"geometry":{"type":"MultiPolygon","coordinates":[[[[6.32083,49.30745],[6.32563,49.30107],[6.32444,49.28473],[6.26919,49.28212],[6.27796,49.29587],[6.3079,49.31268],[6.32083,49.30745]]],[[[6.11656,49.2884],[6.11553,49.29399],[6.20873,49.31834],[6.22549,49.28849],[6.11656,49.2884]]]]}},{"type":"Feature","properties":{"id":"lordship-bourgaltroff","from_year":1600,"to_year":1632,"settlements":1,"place_type":"lordship"},"geometry":{"type":"Polygon","coordinates":[[[6.67963,49.08942],[6.6748,49.08401],[6.66625,49.08136],[6.63261,49.10391],[6.64716,49.11183],[6.67963,49.08942]]]}},{"type":"Feature","properties":{"id":"lordship-bracs","from_year":1600,"to_year":1632,"settlements":5,"place_type":"lordship"},"geometry":{"type":"MultiPolygon","coordinates":[[[[7.02175,48.74151],[7.01476,48.73969],[6.996,48.74067],[6.98475,48.77576],[6.99427,48.77549],[7.02983,48.75683],[7.02175,48.74151]]],[[[7.08226,48.76041],[7.078,48.78292],[7.11027,48.79281],[7.11327,48.79237],[7.11504,48.76657],[7.08226,48.76041]]],[[[7.03754,48.81479],[7.02886,48.81525],[6.99697,48.83408],[7.05087,48.84223],[7.05171,48.84128],[7.04157,48.81812],[7.03754,48.81479]]],[[[7.09971,48.84805],[7.09697,48.82507],[7.08992,48.82247],[7.05755,48.84003],[7.09971,48.84805]]],[[[6.83431,49.08107],[6.83838,49.08478],[6.86972,49.0827],[6.86422,49.05862],[6.84675,49.06175],[6.83431,49.08107]]]]}},{"type":"Feature","properties":{"id":"lordship-busbach","from_year":1600,"to_year":1632,"settlements":4,"place_type":"lordship"},"geometry":{"type":"MultiPolygon","coordinates":[[[[7.32999,49.07758],[7.32191,49.06703],[7.28249,49.06095],[7.28201,49.0654],[7.31762,49.08364],[7.32999,49.07758]]],[[[6.37562,49.32878],[6.35901,49.33165],[6.34972,49.32952],[6.34672,49.33081],[6.32803,49.35161],[6.32852,49.35486],[6.37569,49.35711],[6.37689,49.35538],[6.39514,49.34732],[6.39704,49.34207],[6.37562,49.32878]]]]}},{"type":"Feature","properties":{"id":"lordship-chatillon","from_year":1600,"to_year":1632,"settlements":4,"place_type":"lordship"},"geometry":{"type":"MultiPolygon","coordinates":[[[[6.99306,48.56535],[6.90733,48.54425],[6.90186,48.54588],[6.95288,48.60274],[6.98708,48.57894],[6.99306,48.56535]]],[[[6.9869,48.62237],[6.9491,48.60891],[6.93439,48.61482],[6.93909,48.63986],[6.94227,48.64177],[6.9707,48.64329],[6.9869,48.62237]]],[[[6.86773,48.67755],[6.89184,48.67042],[6.91791,48.64751],[6.88306,48.62538],[6.88172,48.60937],[6.81658,48.61828],[6.85589,48.68541],[6.86773,48.67755]]]]}},{"type":"Feature","properties":{"id":"lordship-col-de-cygne","from_year":1600,"to_year":1632,"settlements":7,"place_type":"lordship"},"geometry":{"type":"MultiPolygon","coordinates":[[[[6.98475,48.77576],[6.996,48.74067],[6.98669,48.73879],[6.93957,48.76379],[6.94127,48.78371],[6.95804,48.78284],[6.98475,48.77576]]],[[[7.0059,48.80204],[7.00696,48.80551],[6.96227,48.83141],[6.94258,48.82392],[6.92455,48.83074],[6.91777,48.83492],[6.86866,48.83447],[6.85834,48.84271],[6.87648,48.87234],[6.90741,48.86593],[6.93726,48.88789],[6.92401,48.8984],[6.92482,48.9103],[6.93942,48.92991],[6.95844,48.92622],[6.99184,48.89333],[6.9858,48.88692],[6.98653,48.86572],[6.97413,48.83876],[6.99697,48.83408],[7.02886,48.81525],[7.03754,48.81479],[7.0408,48.8084],[7.01895,48.7901],[7.0059,48.80204]]],[[[7.06037,48.8643],[7.05905,48.89557],[7.08732,48.89509],[7.10676,48.88006],[7.09113,48.86663],[7.06037,48.8643]]]]}},{"type":"Feature","properties":{"id":"lordship-dagstuhl","from_year":1600,"to_year":1632,"settlements":1,"place_type":"lordship"},"geometry":{"type":"Polygon","coordinates":[[[6.96813,49.62964],[7.03657,49.63816],[7.04683,49.62587],[7.05138,49.61463],[7.03932,49.59813],[7.00316,49.58459],[6.96062,49.58636],[6.95306,49.59007],[6.96813,49.62964]]]}},{"type":"Feature","properties":{"id":"lordship-diemeringen","from_year":1600,"to_year":1632,"settlements":3,"place_type":"lordship"},"geometry":{"type":"MultiPolygon","coordinates":[[[[7.21819,48.94892],[7.18772,48.92173],[7.17923,48.92222],[7.16162,48.93345],[7.16602,48.94013],[7.20193,48.95725],[7.21819,48.94892]]],[[[7.0692,48.93383],[7.06811,48.93957],[7.07679,48.9628],[7.09404,48.97375],[7.10554,48.96123],[7.082,48.9323],[7.0692,48.93383]]],[[[6.70879,49.37476],[6.70227,49.37037],[6.66799,49.37334],[6.66565,49.37601],[6.66803,49.38361],[6.68655,49.38652],[6.70879,49.37476]]]]}},{"type":"Feature","properties":{"id":"lordship-distroff","from_year":1600,"to_year":1632,"settlements":4,"place_type":"lordship"},"geometry":{"type":"MultiPolygon","coordinates":[[[[6.27278,49.23691],[6.26529,49.25162],[6.27046,49.26944],[6.31031,49.25668],[6.31012,49.24555],[6.27278,49.23691]]],[[[6.27796,49.29587],[6.26919,49.28212],[6.2656,49.28019],[6.26063,49.28107],[6.24525,49.31633],[6.20882,49.31845],[6.20978,49.32943],[6.21746,49.3365],[6.21816,49.35896],[6.22973,49.37943],[6.24559,49.3742],[6.26704,49.34952],[6.2497,49.33614],[6.25659,49.32265],[6.27018,49.32054],[6.27796,49.29587]]]]}},{"type":"Feature","properties":{"id":"lordship-faulquemont","from_year":1600,"to_year":1632,"settlements":9,"place_type":"lordship"},"geometry":{"type":"MultiPolygon","coordinates":[[[[6.59482,48.97253],[6.58243,48.98055],[6.58256,48.98495],[6.57268,48.99082],[6.55852,49.00596],[6.57841,49.02255],[6.56457,49.03968],[6.57212,49.04582],[6.60956,49.05854],[6.58609,49.07943],[6.5857,49.08503],[6.61882,49.09499],[6.63363,49.06299],[6.62025,49.05701],[6.62073,49.0403],[6.64225,49.02982],[6.64091,49.01237],[6.62897,49.01303],[6.60669,48.99426],[6.62524,48.98648],[6.62622,48.97839],[6.59482,48.97253]]],[[[6.81272,49.11485],[6.81856,49.102],[6.78204,49.08701],[6.77409,49.09195],[6.7704,49.10465],[6.80053,49.11957],[6.81272,49.11485]]],[[[6.48677,49.12867],[6.49671,49.11546],[6.43914,49.10609],[6.45398,49.1176],[6.48677,49.12867]]],[[[6.78573,49.18909],[6.80383,49.17984],[6.82138,49.13734],[6.80357,49.13682],[6.77522,49.15627],[6.78573,49.18909]]]]}},{"type":"Feature","properties":{"id":"lordship-fenetrange","from_year":1600,"to_year":1632,"settlements":21,"place_type":"lordship"},"geometry":{"type":"MultiPolygon","coordinates":[[[[6.996,48.74067],[6.98669,48.73879],[6.93957,48.76379],[6.94199,48.78426],[6.95804,48.78284],[6.98475,48.77576],[6.99427,48.77549],[7.02983,48.75683],[7.02175,48.74151],[7.01476,48.73969],[6.996,48.74067]]],[[[7.00696,48.80551],[6.96227,48.83141],[6.94258,48.82392],[6.92455,48.83074],[6.91777,48.83492],[6.86866,48.83447],[6.85834,48.84271],[6.87648,48.87234],[6.90741,48.86593],[6.93726,48.88789],[6.92401,48.8984],[6.87913,48.90508],[6.87616,48.91775],[6.88955,48.93472],[6.92482,48.9103],[6.93942,48.92991],[6.95844,48.92622],[6.99184,48.89333],[6.98797,48.8885],[7.05914,48.86364],[7.06037,48.8643],[7.05905,48.89557],[7.08732,48.89509],[7.10676,48.88006],[7.09113,48.86663],[7.10061,48.84894],[7.09697,48.82507],[7.08992,48.82247],[7.05755,48.84003],[7.05171,48.84128],[7.04157,48.81812],[7.03754,48.81479],[7.0408,48.8084],[7.01895,48.7901],[7.0059,48.80204],[7.00696,48.80551]]],[[[6.86972,49.0827],[6.86422,49.05862],[6.84675,49.06175],[6.83431,49.08107],[6.83838,49.08478],[6.86972,49.0827]]],[[[7.11027,48.79281],[7.11327,48.79237],[7.11504,48.76657],[7.08226,48.76041],[7.078,48.78292],[7.11027,48.79281]]],[[[7.21757,48.8631],[7.24282,48.87411],[7.27107,48.85204],[7.24856,48.84268],[7.25343,48.8207],[7.24724,48.81806],[7.22453,48.82099],[7.21752,48.80382],[7.20322,48.79851],[7.19071,48.80312],[7.18745,48.81092],[7.13912,48.81719],[7.13703,48.82225],[7.14411,48.83501],[7.15343,48.8366],[7.19642,48.8271],[7.20588,48.83184],[7.21269,48.84744],[7.21145,48.84952],[7.21757,48.8631]]]]}},{"type":"Feature","properties":{"id":"lordship-forbach","from_year":1600,"to_year":1632,"settlements":17,"place_type":"lordship"},"geometry":{"type":"MultiPolygon","coordinates":[[[[6.97986,49.14146],[6.986,49.1286],[6.9541,49.12113],[6.95173,49.11748],[6.92795,49.11644],[6.92329,49.13834],[6.91557,49.13907],[6.90066,49.16171],[6.89515,49.16353],[6.8915,49.17388],[6.87917,49.18121],[6.87334,49.19568],[6.79306,49.19739],[6.82318,49.23208],[6.91887,49.23086],[6.9265,49.23298],[6.92922,49.23039],[6.98176,49.21328],[6.99703,49.19954],[7.01932,49.18642],[7.03701,49.17976],[7.02696,49.17097],[7.00981,49.16177],[6.98671,49.16693],[6.97155,49.15191],[6.97346,49.14483],[6.97986,49.14146]]],[[[6.82138,49.13734],[6.80383,49.17984],[6.81822,49.173],[6.83859,49.14861],[6.83754,49.1443],[6.82489,49.13717],[6.82138,49.13734]]],[[[7.09518,49.07699],[7.10667,49.10615],[7.12585,49.10671],[7.13523,49.10243],[7.11134,49.07562],[7.10563,49.07446],[7.09518,49.07699]]],[[[7.01208,49.14995],[7.02916,49.14016],[7.03036,49.1324],[7.02299,49.12813],[6.99178,49.144],[7.01208,49.14995]]]]}},{"type":"Feature","properties":{"id":"lordship-frauenberg","from_year":1600,"to_year":1632,"settlements":1,"place_type":"lordship"},"geometry":{"type":"Polygon","coordinates":[[[7.10552,49.13774],[7.12264,49.12606],[7.12578,49.12202],[7.12585,49.10671],[7.10501,49.10647],[7.09173,49.13489],[7.10035,49.1384],[7.10552,49.13774]]]}},{"type":"Feature","properties":{"id":"lordship-fremersdorf","from_year":1600,"to_year":1632,"settlements":2,"place_type":"lordship"},"geometry":{"type":"Polygon","coordinates":[[[6.61186,49.42778],[6.62839,49.4322],[6.64071,49.43037],[6.63966,49.41362],[6.62134,49.40419],[6.63827,49.39191],[6.62713,49.36867],[6.61697,49.37016],[6.59073,49.39233],[6.59482,49.39922],[6.61698,49.40496],[6.61186,49.42778]]]}},{"type":"Feature","properties":{"id":"lordship-gueroldseck-les-niederstinzel","from_year":1600,"to_year":1632,"settlements":3,"place_type":"lordship"},"geometry":{"type":"MultiPolygon","coordinates":[[[[7.20588,48.83184],[7.22453,48.82099],[7.21752,48.80382],[7.20322,48.79851],[7.19071,48.80312],[7.18745,48.81092],[7.19642,48.8271],[7.20588,48.83184]]],[[[6.9858,48.88692],[6.98797,48.8885],[7.05914,48.86364],[7.09113,48.86663],[7.10061,48.84894],[7.05755,48.84003],[7.05171,48.84128],[7.04992,48.84672],[6.98653,48.86572],[6.9858,48.88692]]]]}},{"type":"Feature","properties":{"id":"lordship-hingsange","from_year":1600,"to_year":1632,"settlements":10,"place_type":"lordship"},"geometry":{"type":"MultiPolygon","coordinates":[[[[6.71711,48.95895],[6.6731,48.97285],[6.67138,48.97682],[6.68013,48.98911],[6.67713,49.00186],[6.69628,49.0156],[6.72596,49.01715],[6.734,49.01419],[6.76882,49.04289],[6.77246,49.04376],[6.78519,49.03137],[6.75228,49.01362],[6.7402,49.01081],[6.74432,49.00191],[6.7576,48.99286],[6.75714,48.96825],[6.74919,48.96576],[6.73806,48.95921],[6.7661,48.94165],[6.75506,48.92499],[6.7414,48.92374],[6.73277,48.91682],[6.6946,48.92135],[6.68675,48.93512],[6.71489,48.95063],[6.71987,48.95182],[6.72099,48.95347],[6.71711,48.95895]]],[[[6.78815,48.95019],[6.78213,48.9519],[6.77394,48.96402],[6.80732,48.98278],[6.80079,48.99142],[6.80628,49.00857],[6.80842,49.01085],[6.82453,49.01315],[6.84476,48.99163],[6.84097,48.98583],[6.8149,48.97973],[6.81896,48.97115],[6.78815,48.95019]]],[[[6.60669,48.99426],[6.62897,49.01303],[6.64091,49.01237],[6.652,49.00523],[6.62524,48.98648],[6.60669,48.99426]]]]}},{"type":"Feature","properties":{"id":"lordship-hombourg-sur-canner","from_year":1600,"to_year":1632,"settlements":3,"place_type":"lordship"},"geometry":{"type":"MultiPolygon","coordinates":[[[[6.45033,49.09178],[6.46156,49.07023],[6.45866,49.06422],[6.34822,49.07471],[6.3393,49.08088],[6.34233,49.0933],[6.42043,49.10915],[6.43645,49.10492],[6.45033,49.09178]]],[[[6.43996,49.1409],[6.45964,49.14643],[6.47774,49.13924],[6.46111,49.12996],[6.43996,49.1409]]],[[[6.51294,49.39728],[6.46978,49.39707],[6.47105,49.4204],[6.48115,49.42433],[6.48411,49.42395],[6.51294,49.39728]]]]}},{"type":"Feature","properties":{"id":"lordship-imperiale-de-crehange","from_year":1600,"to_year":1632,"settlements":14,"place_type":"lordship"},"geometry":{"type":"MultiPolygon","coordinates":[[[[6.66625,49.08136],[6.6748,49.08401],[6.70894,49.07059],[6.7105,49.06001],[6.72655,49.05467],[6.74427,49.06158],[6.7658,49.06091],[6.78577,49.08048],[6.80636,49.07137],[6.81279,49.05637],[6.77383,49.04827],[6.77246,49.04376],[6.78519,49.03137],[6.7962,49.02906],[6.80842,49.01085],[6.80628,49.00857],[6.80079,48.99142],[6.7576,48.99286],[6.74432,49.00191],[6.7402,49.01081],[6.734,49.01419],[6.76882,49.04289],[6.73145,49.04392],[6.72596,49.01715],[6.69628,49.0156],[6.67845,49.04016],[6.66734,49.04086],[6.64225,49.02982],[6.62073,49.0403],[6.62025,49.05701],[6.66075,49.07358],[6.66625,49.08136]]],[[[6.60956,49.05854],[6.57212,49.04582],[6.5702,49.06834],[6.58609,49.07943],[6.60956,49.05854]]],[[[6.53075,49.15018],[6.51112,49.17106],[6.52007,49.1788],[6.50938,49.19601],[6.55085,49.2055],[6.55461,49.21337],[6.5807,49.21727],[6.60129,49.20508],[6.5822,49.16187],[6.56249,49.15277],[6.55363,49.15607],[6.53075,49.15018]]]]}},{"type":"Feature","properties":{"id":"lordship-inglange","from_year":1600,"to_year":1632,"settlements":1,"place_type":"lordship"},"geometry":{"type":"Polygon","coordinates":[[[6.31274,49.42028],[6.32209,49.39732],[6.32067,49.39687],[6.28717,49.4127],[6.31274,49.42028]]]}},{"type":"Feature","properties":{"id":"lordship-kingertal","from_year":1600,"to_year":1632,"settlements":6,"place_type":"lordship"},"geometry":{"type":"MultiPolygon","coordinates":[[[[6.9015,48.95365],[6.8884,48.96692],[6.88327,48.9786],[6.8929,48.99554],[6.90203,48.99522],[6.92229,48.98986],[6.94325,48.99668],[6.95779,48.99064],[6.95533,48.98049],[6.97286,48.96634],[6.95947,48.95761],[6.95269,48.95724],[6.94194,48.97108],[6.92299,48.97358],[6.91731,48.96006],[6.9015,48.95365]]],[[[7.51585,49.11398],[7.51448,49.11406],[7.49437,49.13621],[7.50488,49.14249],[7.52531,49.13651],[7.51585,49.11398]]]]}},{"type":"Feature","properties":{"id":"lordship-lebach","from_year":1600,"to_year":1632,"settlements":4,"place_type":"lordship"},"geometry":{"type":"MultiPolygon","coordinates":[[[[6.95508,49.38388],[6.95135,49.37929],[6.90648,49.37233],[6.89154,49.38244],[6.89222,49.38412],[6.87683,49.4119],[6.87775,49.4153],[6.89947,49.41241],[6.91046,49.39776],[6.9261,49.40235],[6.94857,49.39396],[6.95508,49.38388]]],[[[6.92611,49.41113],[6.91082,49.41723],[6.90907,49.42848],[6.88195,49.43285],[6.8825,49.43854],[6.92862,49.45438],[6.9326,49.45048],[6.92812,49.43419],[6.93752,49.42081],[6.92611,49.41113]]]]}},{"type":"Feature","properties":{"id":"lordship-lemberg","from_year":1600,"to_year":1632,"settlements":6,"place_type":"lordship"},"geometry":{"type":"MultiPolygon","coordinates":[[[[7.62898,49.12736],[7.6436,49.11704],[7.63475,49.09699],[7.55134,49.08261],[7.53804,49.10478],[7.54903,49.12663],[7.59324,49.14037],[7.54173,49.14916],[7.52812,49.17319],[7.53289,49.1776],[7.57195,49.1702],[7.58791,49.18798],[7.61848,49.18815],[7.63384,49.19133],[7.62898,49.12736]]],[[[7.45727,49.16764],[7.41736,49.18792],[7.47236,49.1749],[7.47349,49.16917],[7.45727,49.16764]]]]}},{"type":"Feature","properties":{"id":"lordship-lemberg-les-pirmasens","from_year":1600,"to_year":1632,"settlements":20,"place_type":"lordship"},"geometry":{"type":"MultiPolygon","coordinates":[[[[7.49437,49.13621],[7.50488,49.14249],[7.50323,49.16247],[7.52812,49.17319],[7.53289,49.1776],[7.53009,49.18912],[7.50346,49.22837],[7.48727,49.23559],[7.48467,49.24466],[7.48466,49.25524],[7.4878,49.26562],[7.49397,49.2754],[7.50294,49.2842],[7.51865,49.29384],[7.54274,49.30163],[7.56842,49.30393],[7.57436,49.31024],[7.58503,49.31819],[7.60739,49.32796],[7.62272,49.33135],[7.64416,49.33273],[7.66541,49.33042],[7.68035,49.32636],[7.70165,49.31564],[7.71416,49.30418],[7.72274,49.28752],[7.72276,49.27035],[7.74195,49.26552],[7.75536,49.25963],[7.77003,49.24932],[7.77806,49.24015],[7.7832,49.23012],[7.78524,49.2161],[7.78167,49.20221],[7.77545,49.19245],[7.75907,49.17853],[7.74625,49.17211],[7.73297,49.16777],[7.65294,49.20537],[7.63384,49.19133],[7.62898,49.12736],[7.6436,49.11704],[7.63475,49.09699],[7.55134,49.08261],[7.53804,49.10478],[7.51448,49.11406],[7.49437,49.13621]]],[[[7.41736,49.18792],[7.47236,49.1749],[7.47349,49.16917],[7.45727,49.16764],[7.41736,49.18792]]],[[[7.65698,49.01958],[7.67421,49.04474],[7.6993,49.03232],[7.67537,48.99093],[7.65698,49.01958]]]]}},{"type":"Feature","properties":{"id":"lordship-lixing","from_year":1600,"to_year":1632,"settlements":4,"place_type":"lordship"},"geometry":{"type":"MultiPolygon","coordinates":[[[[7.01825,49.09182],[6.9915,49.08979],[6.99405,49.11996],[6.99538,49.12144],[6.986,49.1286],[6.97986,49.14146],[6.97346,49.14483],[6.97155,49.15191],[6.98671,49.16693],[7.00981,49.16177],[7.01208,49.14995],[6.99178,49.144],[7.02299,49.12813],[7.01362,49.12194],[7.02875,49.09727],[7.01825,49.09182]]],[[[6.92329,49.13834],[6.92795,49.11644],[6.91386,49.10536],[6.89479,49.11085],[6.91038,49.13726],[6.91557,49.13907],[6.92329,49.13834]]]]}},{"type":"Feature","properties":{"id":"lordship-luttange","from_year":1600,"to_year":1632,"settlements":4,"place_type":"lordship"},"geometry":{"type":"MultiPolygon","coordinates":[[[[6.26529,49.25162],[6.27046,49.26944],[6.2656,49.28019],[6.26919,49.28212],[6.32444,49.28473],[6.33711,49.27839],[6.32655,49.26125],[6.31031,49.25668],[6.31012,49.24555],[6.27278,49.23691],[6.26529,49.25162]]],[[[6.11553,49.29399],[6.20873,49.31834],[6.22549,49.28849],[6.11656,49.2884],[6.11553,49.29399]]],[[[6.41628,49.44104],[6.38616,49.44519],[6.3861,49.45011],[6.39238,49.45466],[6.41628,49.44104]]]]}},{"type":"Feature","properties":{"id":"lordship-marimont","from_year":1600,"to_year":1632,"settlements":29,"place_type":"lordship"},"geometry":{"type":"MultiPolygon","coordinates":[[[[6.45755,48.82048],[6.53251,48.83547],[6.53392,48.83461],[6.52122,48.80308],[6.47191,48.81166],[6.45755,48.82048]]],[[[6.71543,48.82145],[6.70792,48.81733],[6.68882,48.83698],[6.70151,48.84183],[6.71543,48.82145]]],[[[6.76112,48.84997],[6.77329,48.82864],[6.73715,48.82417],[6.72164,48.85068],[6.76112,48.84997]]],[[[6.79569,48.92618],[6.80309,48.94173],[6.78815,48.95019],[6.78213,48.9519],[6.77394,48.96402],[6.80732,48.98278],[6.80079,48.99142],[6.80628,49.00857],[6.80842,49.01085],[6.7962,49.02906],[6.81849,49.04525],[6.82191,49.04384],[6.83315,49.01655],[6.85611,49.01936],[6.87246,49.00671],[6.8838,49.00383],[6.9094,49.03165],[6.91847,49.03267],[6.92282,49.01128],[6.90203,48.99522],[6.8929,48.99554],[6.88327,48.9786],[6.8884,48.96692],[6.9015,48.95365],[6.91731,48.96006],[6.95069,48.95645],[6.95947,48.95761],[6.9749,48.94198],[6.95844,48.92622],[6.93942,48.92991],[6.93419,48.93477],[6.89835,48.94095],[6.89008,48.9362],[6.86462,48.94452],[6.86309,48.95769],[6.85239,48.96458],[6.83008,48.95957],[6.82872,48.9459],[6.83479,48.94226],[6.8382,48.92317],[6.82709,48.91542],[6.83336,48.89556],[6.86605,48.8926],[6.87281,48.87471],[6.87648,48.87234],[6.90741,48.86593],[6.91777,48.83492],[6.86866,48.83447],[6.84735,48.80799],[6.84014,48.80775],[6.82964,48.81143],[6.81864,48.83702],[6.81068,48.84119],[6.8107,48.85364],[6.78035,48.86336],[6.78021,48.87418],[6.75631,48.88654],[6.7782,48.90144],[6.79185,48.90076],[6.80575,48.91788],[6.79569,48.92618]]],[[[6.64539,48.90671],[6.65388,48.90985],[6.65548,48.94044],[6.68675,48.93512],[6.6946,48.92135],[6.67719,48.90614],[6.67443,48.8879],[6.64558,48.88641],[6.6436,48.90442],[6.64539,48.90671]]],[[[6.62934,48.91441],[6.60528,48.9108],[6.60019,48.92383],[6.62081,48.92713],[6.62934,48.91441]]],[[[6.72099,48.95347],[6.73806,48.95921],[6.7661,48.94165],[6.75506,48.92499],[6.7414,48.92374],[6.71987,48.95182],[6.72099,48.95347]]],[[[7.25513,49.05844],[7.27995,49.05845],[7.29779,49.0254],[7.29498,49.02257],[7.28853,49.02012],[7.24215,49.05308],[7.25513,49.05844]]]]}},{"type":"Feature","properties":{"id":"lordship-meilberg","from_year":1600,"to_year":1632,"settlements":6,"place_type":"lordship"},"geometry":{"type":"MultiPolygon","coordinates":[[[[6.3079,49.31268],[6.27796,49.29587],[6.27018,49.32054],[6.29393,49.33201],[6.30571,49.32232],[6.3079,49.31268]]],[[[6.11553,49.29399],[6.10532,49.30422],[6.12967,49.3363],[6.17236,49.34298],[6.17927,49.35006],[6.17342,49.41177],[6.20372,49.40788],[6.22973,49.37943],[6.24559,49.3742],[6.26704,49.34952],[6.2497,49.33614],[6.21746,49.3365],[6.20978,49.32943],[6.20882,49.31845],[6.11553,49.29399]]]]}},{"type":"Feature","properties":{"id":"lordship-monclair","from_year":1600,"to_year":1632,"settlements":2,"place_type":"lordship"},"geometry":{"type":"MultiPolygon","coordinates":[[[[6.70994,49.44086],[6.69979,49.42567],[6.69393,49.42179],[6.67852,49.42399],[6.65871,49.43478],[6.66023,49.46791],[6.70255,49.45575],[6.70994,49.44086]]],[[[6.65654,49.47099],[6.63256,49.46151],[6.61469,49.46216],[6.60179,49.4663],[6.59432,49.48022],[6.65489,49.49617],[6.65654,49.47099]]]]}},{"type":"Feature","properties":{"id":"lordship-morhange","from_year":1600,"to_year":1632,"settlements":20,"place_type":"lordship"},"geometry":{"type":"MultiPolygon","coordinates":[[[[6.60013,48.90136],[6.59804,48.90058],[6.57244,48.91429],[6.55966,48.91001],[6.52972,48.92965],[6.52653,48.94031],[6.53282,48.9452],[6.54974,48.94686],[6.55912,48.9523],[6.56625,48.97286],[6.58243,48.98055],[6.58256,48.98495],[6.6006,48.9951],[6.60669,48.99426],[6.62524,48.98648],[6.652,49.00523],[6.67713,49.00186],[6.68013,48.98911],[6.67138,48.97682],[6.6731,48.97285],[6.67397,48.95987],[6.65727,48.9408],[6.68675,48.93512],[6.71489,48.95063],[6.71987,48.95182],[6.7414,48.92374],[6.73277,48.91682],[6.72905,48.89345],[6.73431,48.88667],[6.71048,48.86241],[6.68203,48.86858],[6.66701,48.86492],[6.66001,48.86613],[6.63731,48.85341],[6.63106,48.85626],[6.61313,48.87254],[6.62044,48.87531],[6.61957,48.89831],[6.60013,48.90136]],[[6.60528,48.9108],[6.62934,48.91441],[6.62081,48.92713],[6.60019,48.92383],[6.60528,48.9108]],[[6.64558,48.88641],[6.67443,48.8879],[6.67719,48.90614],[6.65388,48.90985],[6.64539,48.90671],[6.6436,48.90442],[6.64558,48.88641]]],[[[6.54141,48.89456],[6.55621,48.90263],[6.58671,48.88532],[6.58711,48.87992],[6.57058,48.87502],[6.54141,48.89456]]]]}},{"type":"Feature","properties":{"id":"lordship-puttelange","from_year":1600,"to_year":1632,"settlements":25,"place_type":"lordship"},"geometry":{"type":"MultiPolygon","coordinates":[[[[6.92282,49.01128],[6.91847,49.03267],[6.9094,49.03165],[6.87195,49.04492],[6.87228,49.05003],[6.90233,49.06328],[6.8912,49.08072],[6.87256,49.08409],[6.8748,49.1015],[6.88985,49.11078],[6.89479,49.11085],[6.91386,49.10536],[6.92795,49.11644],[6.95173,49.11748],[6.9541,49.12113],[6.986,49.1286],[6.99538,49.12144],[6.99405,49.11996],[6.9915,49.08979],[6.98089,49.08561],[6.98623,49.07346],[7.00871,49.05731],[7.01006,49.04432],[7.00693,49.04197],[7.00173,49.03347],[7.00589,49.01425],[6.98893,49.00332],[6.98353,48.99265],[6.95779,48.99064],[6.94325,48.99668],[6.92229,48.98986],[6.90203,48.99522],[6.92282,49.01128]],[[6.96634,49.08683],[6.97204,49.08724],[6.97027,49.10164],[6.95012,49.1097],[6.94324,49.09172],[6.96634,49.08683]]],[[[6.83838,49.08478],[6.86972,49.0827],[6.86422,49.05862],[6.84675,49.06175],[6.83431,49.08107],[6.83838,49.08478]]],[[[6.61027,49.25562],[6.60718,49.26348],[6.61439,49.2738],[6.63447,49.27264],[6.64753,49.25655],[6.63806,49.24673],[6.61027,49.25562]]]]}},{"type":"Feature","properties":{"id":"lordship-sarreck","from_year":1600,"to_year":1632,"settlements":10,"place_type":"lordship"},"geometry":{"type":"MultiPolygon","coordinates":[[[[7.05772,48.71469],[7.07718,48.74],[7.08201,48.74291],[7.07875,48.7574],[7.04074,48.76239],[7.02983,48.75683],[6.99427,48.77549],[6.98475,48.77576],[6.95804,48.78284],[7.0059,48.80204],[7.01895,48.7901],[7.0408,48.8084],[7.0584,48.79444],[7.05877,48.79037],[7.078,48.78292],[7.08226,48.76041],[7.11504,48.76657],[7.12788,48.76113],[7.13433,48.75577],[7.17998,48.74641],[7.1788,48.73986],[7.13581,48.71993],[7.11636,48.7322],[7.1115,48.73214],[7.08503,48.70865],[7.07403,48.70561],[7.05772,48.71469]]],[[[6.93957,48.76379],[6.98669,48.73879],[6.97052,48.72331],[6.90897,48.72161],[6.93957,48.76379]]]]}},{"type":"Feature","properties":{"id":"lordship-talange","from_year":1600,"to_year":1632,"settlements":1,"place_type":"lordship"},"geometry":{"type":"Polygon","coordinates":[[[6.27046,49.26944],[6.26529,49.25162],[6.16343,49.22975],[6.23735,49.28134],[6.2656,49.28019],[6.27046,49.26944]]]}},{"type":"Feature","properties":{"id":"lordship-turquestein","from_year":1600,"to_year":1632,"settlements":7,"place_type":"lordship"},"geometry":{"type":"Polygon","coordinates":[[[6.9869,48.62237],[6.9707,48.64329],[6.98198,48.65201],[6.98232,48.65885],[6.97706,48.66425],[6.97775,48.67108],[6.95479,48.67908],[6.9624,48.68783],[6.98327,48.68824],[6.98052,48.70311],[6.98483,48.70936],[7.00721,48.70977],[7.02279,48.70177],[7.02249,48.6958],[6.99686,48.68292],[7.01335,48.66863],[7.01392,48.66357],[7.03369,48.64956],[7.04242,48.64694],[7.04792,48.63517],[7.02972,48.61818],[7.03951,48.60548],[7.00658,48.56092],[6.99306,48.56535],[6.98708,48.57894],[7.01445,48.6163],[6.99383,48.62216],[6.9869,48.62237]]]}},{"type":"Feature","properties":{"id":"lordship-val-de-nalbach","from_year":1600,"to_year":1632,"settlements":5,"place_type":"lordship"},"geometry":{"type":"Polygon","coordinates":[[[6.74404,49.33405],[6.72857,49.34274],[6.74697,49.37505],[6.74043,49.38192],[6.74225,49.38866],[6.74573,49.39158],[6.7848,49.40075],[6.80299,49.37355],[6.81241,49.38519],[6.80251,49.41292],[6.80514,49.41536],[6.84906,49.39818],[6.86163,49.3786],[6.8475,49.369],[6.84135,49.36227],[6.80306,49.37156],[6.7756,49.36283],[6.77905,49.34331],[6.74404,49.33405]]]}},{"type":"Feature","properties":{"id":"lordship-vry-devant-metz","from_year":1600,"to_year":1632,"settlements":1,"place_type":"lordship"},"geometry":{"type":"Polygon","coordinates":[[[6.44569,49.24212],[6.45358,49.23336],[6.45122,49.22437],[6.42478,49.22241],[6.4206,49.23254],[6.44569,49.24212]]]}},{"type":"Feature","properties":{"id":"marquisate-nomeny","from_year":1600,"to_year":1632,"settlements":10,"place_type":"marquisate"},"geometry":{"type":"Polygon","coordinates":[[[6.23614,48.85463],[6.23377,48.86509],[6.23454,48.87566],[6.23842,48.88592],[6.24889,48.90126],[6.26336,48.91444],[6.26637,48.91983],[6.26506,48.93463],[6.27153,48.95169],[6.28252,48.96378],[6.3003,48.97469],[6.37997,48.95405],[6.37655,48.92765],[6.40859,48.90564],[6.45041,48.89904],[6.46298,48.87849],[6.43724,48.83645],[6.40933,48.83398],[6.35581,48.86507],[6.33776,48.83981],[6.36996,48.82169],[6.25818,48.81885],[6.23614,48.85463]]]}},{"type":"Feature","properties":{"id":"marquisate-pont-a-mousson","from_year":1600,"to_year":1632,"settlements":3,"place_type":"marquisate"},"geometry":{"type":"MultiPolygon","coordinates":[[[[6.52972,48.92965],[6.55966,48.91001],[6.55621,48.90263],[6.49717,48.87361],[6.46785,48.87839],[6.52225,48.91539],[6.52972,48.92965]]],[[[6.45041,48.89904],[6.40859,48.90564],[6.37655,48.92765],[6.37997,48.95405],[6.40391,48.95868],[6.4575,48.92992],[6.45041,48.89904]]]]}},{"type":"Feature","properties":{"id":"mayoralty-altheim","from_year":1600,"to_year":1632,"settlements":2,"place_type":"mayoralty"},"geometry":{"type":"Polygon","coordinates":[[[7.19027,49.127],[7.19543,49.14151],[7.2302,49.13827],[7.23887,49.13356],[7.2467,49.13218],[7.23619,49.10272],[7.22585,49.0933],[7.21088,49.09311],[7.20205,49.09818],[7.19838,49.12192],[7.19027,49.127]]]}},{"type":"Feature","properties":{"id":"mayoralty-basse-ham","from_year":1600,"to_year":1632,"settlements":3,"place_type":"mayoralty"},"geometry":{"type":"MultiPolygon","coordinates":[[[[6.32852,49.35486],[6.32803,49.35161],[6.29388,49.33284],[6.27428,49.34771],[6.26704,49.34952],[6.24559,49.3742],[6.29805,49.37993],[6.31128,49.36613],[6.32465,49.36077],[6.32852,49.35486]]],[[[6.32067,49.39687],[6.28717,49.4127],[6.31274,49.42028],[6.32209,49.39732],[6.32067,49.39687]]]]}},{"type":"Feature","properties":{"id":"mayoralty-boucheporn","from_year":1600,"to_year":1632,"settlements":4,"place_type":"mayoralty"},"geometry":{"type":"MultiPolygon","coordinates":[[[[6.69401,49.15478],[6.69494,49.13597],[6.6809,49.12988],[6.67556,49.12943],[6.63649,49.14309],[6.62788,49.15422],[6.64632,49.16749],[6.6609,49.16976],[6.69401,49.15478]]],[[[6.57121,49.13784],[6.56249,49.15277],[6.55363,49.15607],[6.54777,49.1787],[6.55643,49.18346],[6.59099,49.18192],[6.60565,49.17679],[6.62264,49.15562],[6.60228,49.15112],[6.58889,49.13857],[6.57121,49.13784]]]]}},{"type":"Feature","properties":{"id":"mayoralty-cutting","from_year":1600,"to_year":1632,"settlements":3,"place_type":"mayoralty"},"geometry":{"type":"MultiPolygon","coordinates":[[[[6.90741,48.86593],[6.91777,48.83492],[6.86866,48.83447],[6.85834,48.84271],[6.87648,48.87234],[6.90741,48.86593]]],[[[6.81537,48.88566],[6.83336,48.89556],[6.86605,48.8926],[6.87281,48.87471],[6.83006,48.865],[6.8271,48.86534],[6.8107,48.85364],[6.78035,48.86336],[6.78021,48.87418],[6.81064,48.88618],[6.81537,48.88566]]]]}},{"type":"Feature","properties":{"id":"mayoralty-dieuze","from_year":1600,"to_year":1632,"settlements":6,"place_type":"mayoralty"},"geometry":{"type":"MultiPolygon","coordinates":[[[[6.826,48.76852],[6.82453,48.7598],[6.7703,48.74791],[6.76554,48.74874],[6.76285,48.76057],[6.7854,48.78828],[6.81997,48.77809],[6.826,48.76852]]],[[[6.70151,48.84183],[6.71484,48.85306],[6.72164,48.85068],[6.73715,48.82417],[6.73423,48.82182],[6.73675,48.79707],[6.72539,48.7901],[6.70323,48.79515],[6.67258,48.77328],[6.64148,48.78458],[6.63782,48.79207],[6.66366,48.82373],[6.66178,48.82775],[6.66489,48.83012],[6.68882,48.83698],[6.70792,48.81733],[6.71543,48.82145],[6.70151,48.84183]]]]}},{"type":"Feature","properties":{"id":"mayoralty-farschviller","from_year":1600,"to_year":1632,"settlements":2,"place_type":"mayoralty"},"geometry":{"type":"MultiPolygon","coordinates":[[[[6.86422,49.05862],[6.84675,49.06175],[6.83431,49.08107],[6.83838,49.08478],[6.86972,49.0827],[6.86422,49.05862]]],[[[6.95173,49.11748],[6.94324,49.09172],[6.93508,49.09146],[6.91953,49.09796],[6.91386,49.10536],[6.92795,49.11644],[6.95173,49.11748]]]]}},{"type":"Feature","properties":{"id":"mayoralty-hellimer","from_year":1600,"to_year":1632,"settlements":2,"place_type":"mayoralty"},"geometry":{"type":"MultiPolygon","coordinates":[[[[6.83008,48.95957],[6.82872,48.9459],[6.80309,48.94173],[6.78815,48.95019],[6.81896,48.97115],[6.83008,48.95957]]],[[[6.80842,49.01085],[6.82453,49.01315],[6.84476,48.99163],[6.84097,48.98583],[6.8149,48.97973],[6.80732,48.98278],[6.80079,48.99142],[6.80628,49.00857],[6.80842,49.01085]]]]}},{"type":"Feature","properties":{"id":"mayoralty-hilsprich","from_year":1600,"to_year":1632,"settlements":2,"place_type":"mayoralty"},"geometry":{"type":"MultiPolygon","coordinates":[[[[6.67719,48.90614],[6.67443,48.8879],[6.64558,48.88641],[6.6436,48.90442],[6.64539,48.90671],[6.65388,48.90985],[6.67719,48.90614]]],[[[6.8838,49.00383],[6.8929,48.99554],[6.88327,48.9786],[6.86113,48.97636],[6.84097,48.98583],[6.84476,48.99163],[6.87246,49.00671],[6.8838,49.00383]]]]}},{"type":"Feature","properties":{"id":"mayoralty-holving","from_year":1600,"to_year":1632,"settlements":7,"place_type":"mayoralty"},"geometry":{"type":"Polygon","coordinates":[[[6.94325,48.99668],[6.94147,49.00737],[6.94654,49.01499],[6.9457,49.02249],[6.93255,49.03363],[6.94782,49.04215],[6.97674,49.03327],[7.00173,49.03347],[7.00589,49.01425],[6.98893,49.00332],[6.98353,48.99265],[6.95779,48.99064],[6.94325,48.99668]]]}},{"type":"Feature","properties":{"id":"mayoralty-inferieure-du-saargau-a-schwemlingen","from_year":1600,"to_year":1632,"settlements":6,"place_type":"mayoralty"},"geometry":{"type":"Polygon","coordinates":[[[6.53291,49.44913],[6.51875,49.45362],[6.50846,49.45109],[6.48744,49.46187],[6.47254,49.45693],[6.45707,49.4652],[6.46024,49.47337],[6.48241,49.48826],[6.48851,49.4634],[6.52216,49.47461],[6.55312,49.47006],[6.5672,49.4703],[6.58439,49.4816],[6.59432,49.48022],[6.60179,49.4663],[6.58106,49.45986],[6.58281,49.45194],[6.57093,49.43948],[6.55202,49.43335],[6.54175,49.43335],[6.53291,49.44913]]]}},{"type":"Feature","properties":{"id":"mayoralty-insming","from_year":1600,"to_year":1632,"settlements":9,"place_type":"mayoralty"},"geometry":{"type":"MultiPolygon","coordinates":[[[[6.95844,48.92622],[6.93942,48.92991],[6.93419,48.93477],[6.89835,48.94095],[6.89008,48.9362],[6.86462,48.94452],[6.83479,48.94226],[6.82872,48.9459],[6.83008,48.95957],[6.81896,48.97115],[6.8149,48.97973],[6.84097,48.98583],[6.84476,48.99163],[6.82453,49.01315],[6.83315,49.01655],[6.85611,49.01936],[6.87246,49.00671],[6.8838,49.00383],[6.8929,48.99554],[6.88327,48.9786],[6.8884,48.96692],[6.9015,48.95365],[6.91731,48.96006],[6.95069,48.95645],[6.95947,48.95761],[6.9749,48.94198],[6.95844,48.92622]]],[[[7.24215,49.05308],[7.25513,49.05844],[7.27995,49.05845],[7.29779,49.0254],[7.29498,49.02257],[7.28853,49.02012],[7.24215,49.05308]]]]}},{"type":"Feature","properties":{"id":"mayoralty-lindre","from_year":1600,"to_year":1632,"settlements":4,"place_type":"mayoralty"},"geometry":{"type":"MultiPolygon","coordinates":[[[[6.73715,48.82417],[6.77329,48.82864],[6.81068,48.84119],[6.81864,48.83702],[6.82964,48.81143],[6.78301,48.80683],[6.77961,48.80213],[6.7854,48.78828],[6.76285,48.76057],[6.72724,48.78528],[6.72539,48.7901],[6.73675,48.79707],[6.73423,48.82182],[6.73715,48.82417]]],[[[6.92455,48.83074],[6.8644,48.79982],[6.84735,48.80799],[6.86866,48.83447],[6.91777,48.83492],[6.92455,48.83074]]]]}},{"type":"Feature","properties":{"id":"mayoralty-metzing","from_year":1600,"to_year":1632,"settlements":2,"place_type":"mayoralty"},"geometry":{"type":"MultiPolygon","coordinates":[[[[6.94324,49.09172],[6.96634,49.08683],[6.94599,49.06148],[6.92525,49.06629],[6.9258,49.07321],[6.93508,49.09146],[6.94324,49.09172]]],[[[6.986,49.1286],[6.99538,49.12144],[6.99405,49.11996],[6.97028,49.11088],[6.95268,49.11794],[6.9541,49.12113],[6.986,49.1286]]]]}},{"type":"Feature","properties":{"id":"mayoralty-montenach","from_year":1600,"to_year":1632,"settlements":7,"place_type":"mayoralty"},"geometry":{"type":"MultiPolygon","coordinates":[[[[6.48115,49.42433],[6.48411,49.42395],[6.51294,49.39728],[6.46978,49.39707],[6.4599,49.39022],[6.45794,49.386],[6.43537,49.38263],[6.4155,49.38472],[6.40435,49.37667],[6.38009,49.37302],[6.36472,49.3825],[6.36743,49.38871],[6.37859,49.39887],[6.37789,49.40851],[6.39944,49.41636],[6.40308,49.42677],[6.42437,49.43251],[6.43261,49.43081],[6.44102,49.42398],[6.47105,49.4204],[6.48115,49.42433]]],[[[6.49112,49.42531],[6.51018,49.43537],[6.53667,49.43075],[6.52855,49.41713],[6.49112,49.42531]]]]}},{"type":"Feature","properties":{"id":"mayoralty-puttelange","from_year":1600,"to_year":1632,"settlements":1,"place_type":"mayoralty"},"geometry":{"type":"Polygon","coordinates":[[[6.90233,49.06328],[6.9147,49.06206],[6.92082,49.0335],[6.9094,49.03165],[6.87195,49.04492],[6.87228,49.05003],[6.90233,49.06328]]]}},{"type":"Feature","properties":{"id":"mayoralty-rahling","from_year":1600,"to_year":1632,"settlements":3,"place_type":"mayoralty"},"geometry":{"type":"Polygon","coordinates":[[[7.54575,48.92437],[7.47568,48.96104],[7.43756,48.95476],[7.40596,48.98499],[7.42818,49.01538],[7.43893,49.01796],[7.46376,49.00386],[7.5086,49.00399],[7.52249,48.9959],[7.53506,48.99438],[7.53702,48.99302],[7.56075,48.92919],[7.54575,48.92437]]]}},{"type":"Feature","properties":{"id":"mayoralty-remering","from_year":1600,"to_year":1632,"settlements":2,"place_type":"mayoralty"},"geometry":{"type":"MultiPolygon","coordinates":[[[[7.00693,49.04197],[7.00173,49.03347],[6.97674,49.03327],[6.94782,49.04215],[6.95368,49.05389],[6.96248,49.05494],[7.00693,49.04197]]],[[[6.9258,49.07321],[6.89819,49.08331],[6.91953,49.09796],[6.93508,49.09146],[6.9258,49.07321]]]]}},{"type":"Feature","properties":{"id":"mayoralty-rurange","from_year":1600,"to_year":1632,"settlements":2,"place_type":"mayoralty"},"geometry":{"type":"MultiPolygon","coordinates":[[[[6.16303,49.23026],[6.14255,49.23909],[6.12859,49.2498],[6.11934,49.26251],[6.11543,49.27635],[6.11656,49.2884],[6.22549,49.28849],[6.23735,49.28134],[6.16303,49.23026]]],[[[6.25659,49.32265],[6.27018,49.32054],[6.27796,49.29587],[6.26919,49.28212],[6.2656,49.28019],[6.26063,49.28107],[6.24525,49.31633],[6.25659,49.32265]]]]}},{"type":"Feature","properties":{"id":"mayoralty-schorbach","from_year":1600,"to_year":1632,"settlements":3,"place_type":"mayoralty"},"geometry":{"type":"MultiPolygon","coordinates":[[[[7.39924,49.06043],[7.43311,49.01722],[7.42818,49.01538],[7.38352,49.02345],[7.37248,49.04986],[7.37298,49.05434],[7.37599,49.05839],[7.3858,49.06208],[7.39924,49.06043]]],[[[7.48444,49.10767],[7.48392,49.10201],[7.44638,49.07894],[7.43215,49.09211],[7.45197,49.11382],[7.48186,49.11023],[7.48444,49.10767]]],[[[7.42913,49.09324],[7.3958,49.09443],[7.38691,49.11697],[7.40386,49.12517],[7.41757,49.12204],[7.42913,49.09324]]]]}},{"type":"Feature","properties":{"id":"mayoralty-siersberg","from_year":1600,"to_year":1632,"settlements":7,"place_type":"mayoralty"},"geometry":{"type":"Polygon","coordinates":[[[6.69325,49.33862],[6.68851,49.33482],[6.68648,49.32092],[6.64423,49.32552],[6.62928,49.31752],[6.62419,49.31954],[6.61239,49.33732],[6.61441,49.34085],[6.58269,49.35527],[6.59137,49.36302],[6.61697,49.37016],[6.62786,49.36807],[6.66565,49.37601],[6.66799,49.37334],[6.70227,49.37037],[6.70068,49.36861],[6.66839,49.3686],[6.6695,49.36252],[6.69112,49.35803],[6.69325,49.33862]]]}},{"type":"Feature","properties":{"id":"mayoralty-superieure-du-saargau-a-hilbringen","from_year":1600,"to_year":1632,"settlements":7,"place_type":"mayoralty"},"geometry":{"type":"Polygon","coordinates":[[[6.61186,49.42778],[6.61698,49.40496],[6.59482,49.39922],[6.57984,49.41035],[6.56666,49.41168],[6.55202,49.43335],[6.57093,49.43948],[6.58281,49.45194],[6.58106,49.45986],[6.60179,49.4663],[6.61469,49.46216],[6.63256,49.46151],[6.62625,49.44998],[6.62839,49.4322],[6.61186,49.42778]]]}},{"type":"Feature","properties":{"id":"mayoralty-teting","from_year":1600,"to_year":1632,"settlements":6,"place_type":"mayoralty"},"geometry":{"type":"Polygon","coordinates":[[[6.73145,49.04392],[6.72596,49.01715],[6.69628,49.0156],[6.67845,49.04016],[6.66734,49.04086],[6.63242,49.06162],[6.63363,49.06299],[6.66075,49.07358],[6.66625,49.08136],[6.6748,49.08401],[6.70894,49.07059],[6.7105,49.06001],[6.72655,49.05467],[6.73145,49.04392]]]}},{"type":"Feature","properties":{"id":"mayoralty-walschbronn","from_year":1600,"to_year":1632,"settlements":15,"place_type":"mayoralty"},"geometry":{"type":"MultiPolygon","coordinates":[[[[7.51568,49.05348],[7.47751,49.05189],[7.44712,49.07507],[7.44638,49.07894],[7.48392,49.10201],[7.48444,49.10767],[7.48186,49.11023],[7.45197,49.11382],[7.4432,49.12828],[7.41757,49.12204],[7.40386,49.12517],[7.40122,49.13944],[7.40613,49.14711],[7.35042,49.16347],[7.3508,49.1644],[7.40516,49.18118],[7.42155,49.15587],[7.45727,49.16764],[7.47349,49.16917],[7.47543,49.16775],[7.46788,49.15482],[7.48339,49.13307],[7.49437,49.13621],[7.50488,49.14249],[7.50323,49.16247],[7.52812,49.17319],[7.54173,49.14916],[7.59579,49.14067],[7.62898,49.12736],[7.6436,49.11704],[7.63475,49.09699],[7.55134,49.08261],[7.53532,49.07081],[7.52554,49.05617],[7.51568,49.05348]]],[[[7.45259,49.23726],[7.47662,49.23439],[7.47236,49.1749],[7.41736,49.18792],[7.41026,49.1906],[7.416,49.23246],[7.43119,49.23585],[7.45259,49.23726]]],[[[7.65698,49.01958],[7.67421,49.04474],[7.6993,49.03232],[7.67537,48.99093],[7.65698,49.01958]]]]}},{"type":"Feature","properties":{"id":"office-berus","from_year":1600,"to_year":1632,"settlements":32,"place_type":"office"},"geometry":{"type":"MultiPolygon","coordinates":[[[[6.53465,49.26944],[6.50818,49.28168],[6.5049,49.2988],[6.5078,49.29945],[6.53589,49.28469],[6.5325,49.29876],[6.54625,49.29648],[6.55316,49.31305],[6.56268,49.31633],[6.55925,49.32778],[6.58091,49.33622],[6.59454,49.33146],[6.61239,49.33732],[6.62419,49.31954],[6.62928,49.31752],[6.64423,49.32552],[6.68561,49.32082],[6.65189,49.30874],[6.65217,49.30273],[6.67846,49.29323],[6.6929,49.31427],[6.72214,49.30736],[6.72787,49.30247],[6.73468,49.28608],[6.74862,49.27401],[6.74839,49.26351],[6.73115,49.22041],[6.75089,49.20063],[6.71957,49.18494],[6.6646,49.19052],[6.64903,49.20276],[6.676,49.22457],[6.63929,49.24314],[6.63806,49.24673],[6.61027,49.25562],[6.58387,49.24046],[6.58652,49.23384],[6.5807,49.21727],[6.55461,49.21337],[6.54637,49.21823],[6.53977,49.22646],[6.5536,49.24497],[6.53356,49.25962],[6.53669,49.26503],[6.53465,49.26944]]],[[[6.48064,49.25353],[6.48208,49.27026],[6.49428,49.27172],[6.5193,49.25599],[6.48958,49.24906],[6.49914,49.23016],[6.47682,49.22995],[6.46894,49.23323],[6.48719,49.24968],[6.48064,49.25353]]],[[[6.46484,49.28797],[6.47195,49.276],[6.45046,49.26141],[6.4305,49.27698],[6.45994,49.28739],[6.46484,49.28797]]]]}},{"type":"Feature","properties":{"id":"office-boulay","from_year":1600,"to_year":1632,"settlements":70,"place_type":"office"},"geometry":{"type":"MultiPolygon","coordinates":[[[[6.51786,49.03882],[6.52354,49.04128],[6.52501,49.05745],[6.54424,49.07164],[6.55002,49.06964],[6.56457,49.03968],[6.57212,49.04582],[6.60956,49.05854],[6.58609,49.07943],[6.5857,49.08503],[6.57636,49.08978],[6.57438,49.1123],[6.56236,49.11893],[6.53936,49.09991],[6.5267,49.09819],[6.52368,49.08715],[6.50298,49.07759],[6.49562,49.07788],[6.49487,49.10184],[6.50521,49.11153],[6.49671,49.11546],[6.43914,49.10609],[6.45398,49.1176],[6.48677,49.12867],[6.48531,49.13836],[6.47774,49.13924],[6.46111,49.12996],[6.43996,49.1409],[6.43711,49.14049],[6.42337,49.12774],[6.39795,49.14761],[6.33741,49.09622],[6.32063,49.10496],[6.30785,49.11626],[6.30144,49.12596],[6.29759,49.13982],[6.37055,49.17342],[6.39043,49.16756],[6.39289,49.16494],[6.4306,49.1526],[6.44153,49.16137],[6.42911,49.17834],[6.45039,49.17928],[6.45413,49.19755],[6.43169,49.19999],[6.43045,49.20547],[6.4189,49.2133],[6.42478,49.22241],[6.45122,49.22437],[6.45358,49.23336],[6.46894,49.23323],[6.47682,49.22995],[6.49914,49.23016],[6.48958,49.24906],[6.48064,49.25353],[6.48208,49.27026],[6.49428,49.27172],[6.50818,49.28168],[6.53465,49.26944],[6.53669,49.26503],[6.53356,49.25962],[6.5536,49.24497],[6.57533,49.24428],[6.58387,49.24046],[6.61027,49.25562],[6.63806,49.24673],[6.63929,49.24314],[6.676,49.22457],[6.64903,49.20276],[6.6646,49.19052],[6.6609,49.16976],[6.64632,49.16749],[6.62788,49.15422],[6.62264,49.15562],[6.60565,49.17679],[6.59099,49.18192],[6.55643,49.18346],[6.54777,49.1787],[6.52007,49.1788],[6.51112,49.17106],[6.53075,49.15018],[6.55363,49.15607],[6.56249,49.15277],[6.57121,49.13784],[6.58889,49.13857],[6.60904,49.1268],[6.63649,49.14309],[6.67556,49.12943],[6.6809,49.12988],[6.6884,49.09762],[6.67963,49.08942],[6.64716,49.11183],[6.63261,49.10391],[6.66625,49.08136],[6.66075,49.07358],[6.62025,49.05701],[6.62073,49.0403],[6.64225,49.02982],[6.64091,49.01237],[6.62897,49.01303],[6.60669,48.99426],[6.62524,48.98648],[6.62622,48.97839],[6.59482,48.97253],[6.58243,48.98055],[6.58256,48.98495],[6.57268,48.99082],[6.55852,49.00596],[6.54632,49.00383],[6.53245,48.98864],[6.50128,48.98352],[6.48946,48.99612],[6.52009,49.01806],[6.51786,49.03882]]],[[[6.4174,49.24374],[6.43824,49.24931],[6.4457,49.24718],[6.44569,49.24212],[6.4206,49.23254],[6.40218,49.23648],[6.4174,49.24374]]],[[[6.41976,49.29754],[6.41974,49.2836],[6.42676,49.27702],[6.41744,49.26821],[6.38387,49.28481],[6.37157,49.28575],[6.37412,49.29813],[6.3846,49.30365],[6.41976,49.29754]]],[[[6.55316,49.31305],[6.52608,49.31389],[6.51407,49.30217],[6.5049,49.2988],[6.47937,49.30365],[6.47825,49.30535],[6.50512,49.33906],[6.51574,49.34033],[6.54366,49.33913],[6.55925,49.32778],[6.56268,49.31633],[6.55316,49.31305]]],[[[6.5768,49.35297],[6.54612,49.34088],[6.55001,49.36595],[6.55477,49.36831],[6.57775,49.35409],[6.5768,49.35297]]],[[[6.97204,49.08724],[6.96634,49.08683],[6.94324,49.09172],[6.95012,49.1097],[6.97027,49.10164],[6.97204,49.08724]]],[[[6.77409,49.09195],[6.7704,49.10465],[6.80053,49.11957],[6.80357,49.13682],[6.77522,49.15627],[6.78573,49.18909],[6.80383,49.17984],[6.82138,49.13734],[6.82489,49.13717],[6.83095,49.12341],[6.81272,49.11485],[6.81856,49.102],[6.78204,49.08701],[6.77409,49.09195]]],[[[6.91038,49.13726],[6.89479,49.11085],[6.88985,49.11078],[6.86922,49.13003],[6.87706,49.13829],[6.91038,49.13726]]],[[[6.83859,49.14861],[6.81822,49.173],[6.85441,49.16941],[6.86979,49.15351],[6.83859,49.14861]]],[[[6.73749,49.23574],[6.74839,49.26351],[6.81772,49.24995],[6.81864,49.24674],[6.73749,49.23574]]],[[[6.68561,49.32082],[6.6929,49.31427],[6.67846,49.29323],[6.65217,49.30273],[6.65189,49.30874],[6.68561,49.32082]]],[[[6.59137,49.36302],[6.61697,49.37016],[6.62786,49.36807],[6.63287,49.35023],[6.61441,49.34085],[6.58269,49.35527],[6.59137,49.36302]]],[[[6.66799,49.37334],[6.70227,49.37037],[6.70068,49.36861],[6.66839,49.3686],[6.66799,49.37334]]]]}},{"type":"Feature","properties":{"id":"office-dieuze","from_year":1600,"to_year":1632,"settlements":94,"place_type":"office"},"geometry":{"type":"MultiPolygon","coordinates":[[[[6.56949,48.64624],[6.54512,48.63928],[6.51869,48.63788],[6.49298,48.64218],[6.47478,48.64944],[6.45701,48.66248],[6.4465,48.67862],[6.44436,48.6958],[6.52697,48.73022],[6.59726,48.66608],[6.58575,48.65532],[6.56949,48.64624]]],[[[6.60859,48.66802],[6.61014,48.71102],[6.63464,48.73296],[6.63362,48.73714],[6.60615,48.74665],[6.6048,48.76721],[6.62188,48.77131],[6.64148,48.78458],[6.63782,48.79207],[6.66366,48.82373],[6.66178,48.82775],[6.63778,48.83203],[6.61445,48.82917],[6.6057,48.82102],[6.57964,48.81389],[6.55331,48.8335],[6.57124,48.84851],[6.60013,48.85856],[6.60782,48.84794],[6.63106,48.85626],[6.61313,48.87254],[6.62044,48.87531],[6.61957,48.89831],[6.60013,48.90136],[6.59804,48.90058],[6.57244,48.91429],[6.55966,48.91001],[6.52972,48.92965],[6.52225,48.91539],[6.46785,48.87839],[6.46298,48.87849],[6.45041,48.89904],[6.4575,48.92992],[6.46951,48.93593],[6.52653,48.94031],[6.53282,48.9452],[6.54974,48.94686],[6.55912,48.9523],[6.56625,48.97286],[6.58243,48.98055],[6.58256,48.98495],[6.6006,48.9951],[6.60669,48.99426],[6.62524,48.98648],[6.652,49.00523],[6.67713,49.00186],[6.69628,49.0156],[6.72596,49.01715],[6.7402,49.01081],[6.74432,49.00191],[6.72433,48.984],[6.71043,48.97907],[6.68013,48.98911],[6.67138,48.97682],[6.6731,48.97285],[6.71711,48.95895],[6.72099,48.95347],[6.73806,48.95921],[6.7661,48.94165],[6.75506,48.92499],[6.76223,48.92295],[6.79569,48.92618],[6.80309,48.94173],[6.78815,48.95019],[6.78213,48.9519],[6.77394,48.96402],[6.75714,48.96825],[6.7576,48.99286],[6.80079,48.99142],[6.80628,49.00857],[6.80842,49.01085],[6.7962,49.02906],[6.81849,49.04525],[6.82191,49.04384],[6.83315,49.01655],[6.85611,49.01936],[6.86233,49.03847],[6.87195,49.04492],[6.9094,49.03165],[6.91847,49.03267],[6.92282,49.01128],[6.90203,48.99522],[6.8929,48.99554],[6.88327,48.9786],[6.8884,48.96692],[6.9015,48.95365],[6.91731,48.96006],[6.95069,48.95645],[6.95947,48.95761],[6.9749,48.94198],[6.95844,48.92622],[6.93942,48.92991],[6.92482,48.9103],[6.92401,48.8984],[6.87913,48.90508],[6.86605,48.8926],[6.87281,48.87471],[6.87648,48.87234],[6.90741,48.86593],[6.91777,48.83492],[6.92455,48.83074],[6.94258,48.82392],[6.94199,48.78426],[6.88536,48.78183],[6.8744,48.75759],[6.83164,48.75482],[6.82453,48.7598],[6.7703,48.74791],[6.76554,48.74874],[6.75293,48.74282],[6.7139,48.74189],[6.71149,48.74032],[6.70586,48.70975],[6.66737,48.70033],[6.63955,48.67002],[6.62916,48.66469],[6.60859,48.66802]],[[6.71048,48.86241],[6.71484,48.85306],[6.72164,48.85068],[6.76112,48.84997],[6.76339,48.85284],[6.78035,48.86336],[6.78021,48.87418],[6.75631,48.88654],[6.73414,48.88638],[6.71048,48.86241]],[[6.89008,48.9362],[6.86462,48.94452],[6.83479,48.94226],[6.8382,48.92317],[6.87616,48.91775],[6.89008,48.9362]]],[[[6.53392,48.83461],[6.52122,48.80308],[6.47191,48.81166],[6.45755,48.82048],[6.53251,48.83547],[6.53392,48.83461]]],[[[6.55621,48.90263],[6.58671,48.88532],[6.58711,48.87992],[6.57058,48.87502],[6.54141,48.89456],[6.55621,48.90263]]],[[[7.02249,48.6958],[7.02279,48.70177],[7.0529,48.71502],[7.05772,48.71469],[7.07403,48.70561],[7.07593,48.67801],[7.06556,48.67464],[7.03673,48.68386],[7.02249,48.6958]]],[[[7.29779,49.0254],[7.29498,49.02257],[7.28853,49.02012],[7.24215,49.05308],[7.25513,49.05844],[7.27995,49.05845],[7.29779,49.0254]]]]}},{"type":"Feature","properties":{"id":"office-herange","from_year":1600,"to_year":1632,"settlements":5,"place_type":"office"},"geometry":{"type":"MultiPolygon","coordinates":[[[[7.17487,48.71204],[7.136,48.7192],[7.1788,48.73986],[7.18251,48.73459],[7.17487,48.71204]]],[[[7.2101,48.75306],[7.24003,48.75821],[7.25845,48.75078],[7.23143,48.72906],[7.2101,48.75306]]],[[[7.17512,48.78401],[7.18216,48.77855],[7.17614,48.7636],[7.18226,48.74804],[7.17998,48.74641],[7.13433,48.75577],[7.13298,48.75786],[7.15582,48.7749],[7.15593,48.77938],[7.17512,48.78401]]],[[[7.19642,48.8271],[7.15343,48.8366],[7.18015,48.85527],[7.21145,48.84952],[7.21269,48.84744],[7.20588,48.83184],[7.19642,48.8271]]]]}},{"type":"Feature","properties":{"id":"office-hombourg-haut","from_year":1600,"to_year":1632,"settlements":61,"place_type":"office"},"geometry":{"type":"MultiPolygon","coordinates":[[[[6.66075,49.07358],[6.66625,49.08136],[6.6748,49.08401],[6.67963,49.08942],[6.64716,49.11183],[6.67556,49.12943],[6.63649,49.14309],[6.60904,49.1268],[6.58889,49.13857],[6.57121,49.13784],[6.56249,49.15277],[6.55363,49.15607],[6.54777,49.1787],[6.55643,49.18346],[6.55085,49.2055],[6.55461,49.21337],[6.54637,49.21823],[6.53977,49.22646],[6.5536,49.24497],[6.57533,49.24428],[6.58387,49.24046],[6.58652,49.23384],[6.5807,49.21727],[6.60129,49.20508],[6.62246,49.20808],[6.64781,49.20265],[6.63191,49.18244],[6.60565,49.17679],[6.62264,49.15562],[6.62788,49.15422],[6.64632,49.16749],[6.6609,49.16976],[6.69401,49.15478],[6.71957,49.18494],[6.75089,49.20063],[6.78427,49.19258],[6.79306,49.19739],[6.87334,49.19568],[6.87917,49.18121],[6.8915,49.17388],[6.89515,49.16353],[6.90066,49.16171],[6.92453,49.16514],[6.93837,49.15773],[6.92883,49.13977],[6.92329,49.13834],[6.91557,49.13907],[6.91038,49.13726],[6.89479,49.11085],[6.88985,49.11078],[6.8748,49.1015],[6.87256,49.08409],[6.8912,49.08072],[6.90233,49.06328],[6.87228,49.05003],[6.87195,49.04492],[6.86233,49.03847],[6.82191,49.04384],[6.81849,49.04525],[6.7962,49.02906],[6.80842,49.01085],[6.82453,49.01315],[6.84476,48.99163],[6.84097,48.98583],[6.8149,48.97973],[6.80732,48.98278],[6.77394,48.96402],[6.75714,48.96825],[6.7576,48.99286],[6.74432,49.00191],[6.72433,48.984],[6.71043,48.97907],[6.68013,48.98911],[6.67713,49.00186],[6.652,49.00523],[6.62524,48.98648],[6.60669,48.99426],[6.62897,49.01303],[6.64091,49.01237],[6.64225,49.02982],[6.62073,49.0403],[6.62025,49.05701],[6.66075,49.07358]],[[6.84675,49.06175],[6.86422,49.05862],[6.86972,49.0827],[6.83838,49.08478],[6.83185,49.0987],[6.81856,49.102],[6.78204,49.08701],[6.77566,49.09052],[6.74386,49.07398],[6.74427,49.06158],[6.7658,49.06091],[6.78577,49.08048],[6.80636,49.07137],[6.81279,49.05637],[6.81527,49.05454],[6.84675,49.06175]],[[6.82489,49.13717],[6.83754,49.1443],[6.83859,49.14861],[6.81822,49.173],[6.78573,49.18909],[6.77522,49.15627],[6.80357,49.13682],[6.82489,49.13717]],[[6.83095,49.12341],[6.83036,49.12454],[6.80273,49.13007],[6.80053,49.11957],[6.81272,49.11485],[6.83095,49.12341]],[[6.7704,49.10465],[6.79827,49.11911],[6.75511,49.13944],[6.73694,49.12895],[6.7704,49.10465]]],[[[6.54344,49.07677],[6.54424,49.07164],[6.52501,49.05745],[6.50298,49.07759],[6.52368,49.08715],[6.54344,49.07677]]],[[[6.57438,49.1123],[6.57636,49.08978],[6.56527,49.08898],[6.53936,49.09991],[6.56236,49.11893],[6.57438,49.1123]]],[[[6.45039,49.17928],[6.42943,49.17857],[6.42878,49.1965],[6.43169,49.19999],[6.45413,49.19755],[6.45039,49.17928]]],[[[6.45849,49.21598],[6.47438,49.21559],[6.49751,49.20738],[6.49788,49.20282],[6.47934,49.19448],[6.46027,49.19884],[6.45849,49.21598]]],[[[6.36641,49.27987],[6.37157,49.28575],[6.38387,49.28481],[6.41744,49.26821],[6.4115,49.26157],[6.4011,49.25915],[6.37452,49.26697],[6.36641,49.27987]]],[[[7.04157,48.81812],[7.08523,48.81473],[7.08548,48.81073],[7.0584,48.79444],[7.0408,48.8084],[7.03754,48.81479],[7.04157,48.81812]]],[[[6.83479,48.94226],[6.86462,48.94452],[6.89008,48.9362],[6.87616,48.91775],[6.8382,48.92317],[6.83479,48.94226]]]]}},{"type":"Feature","properties":{"id":"office-merzig","from_year":1600,"to_year":1632,"settlements":9,"place_type":"condominium"},"geometry":{"type":"Polygon","coordinates":[[[6.65999,49.39919],[6.65836,49.40739],[6.64438,49.41327],[6.63966,49.41362],[6.64071,49.43037],[6.62839,49.4322],[6.62625,49.44998],[6.63256,49.46151],[6.61469,49.46216],[6.60179,49.4663],[6.59432,49.48022],[6.58439,49.4816],[6.58217,49.48615],[6.57065,49.49298],[6.5666,49.51652],[6.62014,49.54541],[6.64898,49.53382],[6.66431,49.52333],[6.68426,49.52839],[6.70034,49.5299],[6.71695,49.52928],[6.72556,49.52401],[6.73756,49.49051],[6.72932,49.47157],[6.70255,49.45575],[6.70994,49.44086],[6.69979,49.42567],[6.69393,49.42179],[6.69662,49.41072],[6.68817,49.40306],[6.65999,49.39919]]]}},{"type":"Feature","properties":{"id":"office-phalsbourg","from_year":1600,"to_year":1632,"settlements":13,"place_type":"office"},"geometry":{"type":"MultiPolygon","coordinates":[[[[7.13274,48.69987],[7.136,48.7192],[7.17487,48.71204],[7.1836,48.69772],[7.20802,48.70364],[7.25073,48.68298],[7.2047,48.66253],[7.18122,48.69576],[7.1413,48.68668],[7.1379,48.68825],[7.13274,48.69987]]],[[[7.15582,48.7749],[7.17614,48.7636],[7.18216,48.77855],[7.19785,48.77895],[7.2077,48.77138],[7.23056,48.7829],[7.23373,48.78284],[7.23971,48.7903],[7.25511,48.79615],[7.28453,48.79308],[7.30204,48.78119],[7.3399,48.7674],[7.33785,48.75573],[7.33244,48.74528],[7.33845,48.73595],[7.30863,48.68262],[7.29306,48.67961],[7.26863,48.68351],[7.24169,48.72296],[7.23157,48.72644],[7.21162,48.71779],[7.18251,48.73459],[7.1788,48.73986],[7.17998,48.74641],[7.13433,48.75577],[7.13298,48.75786],[7.15582,48.7749]]]]}},{"type":"Feature","properties":{"id":"office-sarralbe","from_year":1600,"to_year":1620,"settlements":7,"place_type":"office"},"geometry":{"type":"Polygon","coordinates":[[[6.98913,48.98278],[6.98353,48.99265],[6.98893,49.00332],[7.00589,49.01425],[7.00173,49.03347],[7.00693,49.04197],[7.01006,49.04432],[7.00871,49.05731],[7.0255,49.07021],[7.01825,49.09182],[7.02875,49.09727],[7.04808,49.0967],[7.0551,49.09365],[7.05038,49.07032],[7.0652,49.05784],[7.06596,49.04417],[7.06412,49.04339],[7.05277,49.01575],[7.06414,49.00621],[7.07754,48.98761],[7.04547,48.98647],[7.03258,48.98283],[7.01796,48.96186],[6.98912,48.97087],[6.98913,48.98278]]]}},{"type":"Feature","properties":{"id":"office-sarralbe","from_year":1621,"to_year":1632,"settlements":8,"place_type":"office"},"geometry":{"type":"Polygon","coordinates":[[[7.07754,48.98761],[7.04547,48.98647],[7.03258,48.98283],[7.01796,48.96186],[6.98912,48.97087],[6.98913,48.98278],[6.98353,48.99265],[6.98893,49.00332],[7.00589,49.01425],[7.00173,49.03347],[6.97674,49.03327],[6.94782,49.04215],[6.95368,49.05389],[6.96248,49.05494],[7.00693,49.04197],[7.01006,49.04432],[7.00871,49.05731],[7.0255,49.07021],[7.01825,49.09182],[7.02875,49.09727],[7.0457,49.09712],[7.0551,49.09365],[7.05038,49.07032],[7.0652,49.05784],[7.06596,49.04417],[7.06412,49.04339],[7.05277,49.01575],[7.06414,49.00621],[7.07754,48.98761]]]}},{"type":"Feature","properties":{"id":"office-sarreguemines","from_year":1600,"to_year":1632,"settlements":24,"place_type":"office"},"geometry":{"type":"MultiPolygon","coordinates":[[[[7.0551,49.09365],[7.04808,49.0967],[7.06832,49.1254],[7.06772,49.12844],[7.03843,49.13028],[7.03036,49.1324],[7.02916,49.14016],[7.01208,49.14995],[7.00981,49.16177],[7.02696,49.17097],[7.03701,49.17976],[7.04527,49.18428],[7.04648,49.21562],[7.07828,49.25291],[7.09716,49.24913],[7.11549,49.24177],[7.1333,49.22863],[7.14052,49.21917],[7.14388,49.21186],[7.16368,49.20609],[7.1806,49.19705],[7.17307,49.17556],[7.15622,49.1561],[7.15417,49.14899],[7.139,49.1428],[7.10552,49.13774],[7.12264,49.12606],[7.12578,49.12202],[7.15751,49.1359],[7.1666,49.12661],[7.19027,49.127],[7.19838,49.12192],[7.20205,49.09818],[7.15396,49.10254],[7.14785,49.10054],[7.13523,49.10243],[7.11134,49.07562],[7.10563,49.07446],[7.09518,49.07699],[7.09035,49.07689],[7.0652,49.05784],[7.05038,49.07032],[7.0551,49.09365]],[[7.10035,49.1384],[7.10352,49.13846],[7.11757,49.15199],[7.10503,49.16476],[7.09129,49.15599],[7.10035,49.1384]]],[[[6.87256,49.08409],[6.8748,49.1015],[6.88985,49.11078],[6.89479,49.11085],[6.91386,49.10536],[6.92795,49.11644],[6.95173,49.11748],[6.94324,49.09172],[6.93508,49.09146],[6.91953,49.09796],[6.89819,49.08331],[6.9258,49.07321],[6.92525,49.06629],[6.9147,49.06206],[6.90233,49.06328],[6.8912,49.08072],[6.87256,49.08409]]],[[[6.86972,49.0827],[6.86422,49.05862],[6.84675,49.06175],[6.83431,49.08107],[6.83838,49.08478],[6.86972,49.0827]]],[[[6.986,49.1286],[6.97986,49.14146],[6.99178,49.144],[7.02299,49.12813],[7.01362,49.12194],[6.99538,49.12144],[6.986,49.1286]]],[[[6.93837,49.15773],[6.94994,49.16005],[6.97155,49.15191],[6.97346,49.14483],[6.94865,49.13587],[6.92883,49.13977],[6.93837,49.15773]]],[[[7.12689,49.05136],[7.14096,49.06823],[7.14729,49.06988],[7.17347,49.06175],[7.15751,49.03943],[7.12689,49.05136]]]]}},{"type":"Feature","properties":{"id":"office-schaumberg","from_year":1600,"to_year":1632,"settlements":84,"place_type":"office"},"geometry":{"type":"MultiPolygon","coordinates":[[[[6.84906,49.39818],[6.80514,49.41536],[6.80245,49.4298],[6.80804,49.43497],[6.81266,49.45057],[6.80067,49.47176],[6.77883,49.47081],[6.73756,49.49051],[6.72556,49.52401],[6.71695,49.52928],[6.71509,49.53848],[6.71832,49.55593],[6.73,49.57179],[6.7489,49.58436],[6.7629,49.58975],[6.77478,49.59263],[6.78478,49.60298],[6.80044,49.61272],[6.82492,49.62072],[6.83391,49.62646],[6.84736,49.63242],[6.86234,49.63657],[6.87545,49.63847],[6.87302,49.65274],[6.87635,49.66665],[6.88513,49.67954],[6.90281,49.69286],[6.91628,49.69882],[6.93129,49.70295],[6.94726,49.70511],[6.96356,49.7052],[6.97958,49.70323],[6.99942,49.69752],[7.01243,49.69115],[7.02326,49.68325],[7.03363,49.67089],[7.03796,49.66069],[7.03914,49.65014],[7.03657,49.63816],[6.96813,49.62964],[6.88495,49.63434],[6.91876,49.59732],[6.95306,49.59007],[6.96062,49.58636],[7.00316,49.58459],[7.03932,49.59813],[7.05138,49.61463],[7.06378,49.61856],[7.07922,49.62133],[7.1384,49.55455],[7.17274,49.55378],[7.18251,49.58057],[7.14204,49.62531],[7.12466,49.63929],[7.13224,49.64784],[7.14291,49.65583],[7.15578,49.66232],[7.16822,49.66647],[7.15776,49.67747],[7.15135,49.69092],[7.15052,49.70499],[7.15534,49.71873],[7.16247,49.72824],[7.17617,49.73918],[7.18906,49.74566],[7.20366,49.75039],[7.2248,49.75366],[7.24113,49.75371],[7.25715,49.7517],[7.27512,49.74663],[7.28387,49.66185],[7.31613,49.65051],[7.32801,49.6383],[7.33437,49.62484],[7.33548,49.61429],[7.33341,49.6038],[7.32823,49.59377],[7.31728,49.58215],[7.32374,49.57467],[7.32891,49.56493],[7.34925,49.5559],[7.36302,49.54505],[7.372,49.53224],[7.37558,49.51835],[7.37212,49.50091],[7.36595,49.49113],[7.35696,49.48232],[7.34552,49.47481],[7.32013,49.46237],[7.30246,49.45605],[7.31369,49.44282],[7.31903,49.4256],[7.3156,49.40816],[7.30377,49.39237],[7.28908,49.38205],[7.27564,49.37613],[7.25549,49.37111],[7.23459,49.36967],[7.18674,49.43494],[7.23517,49.46827],[7.21896,49.48661],[7.16425,49.49198],[7.15277,49.49055],[7.13663,49.47728],[7.12283,49.43385],[7.11313,49.43007],[7.09801,49.41391],[7.04241,49.41309],[7.03501,49.37253],[7.0375,49.36561],[7.03727,49.34485],[7.0286,49.34257],[6.97564,49.29334],[6.95563,49.29634],[6.94107,49.30094],[6.9262,49.30856],[6.90872,49.31091],[6.90648,49.37233],[6.89154,49.38244],[6.86163,49.3786],[6.84906,49.39818]],[[6.88326,49.56213],[6.84393,49.53943],[6.84325,49.52122],[6.80988,49.51046],[6.8083,49.48065],[6.86551,49.47201],[6.87932,49.50688],[6.8848,49.50719],[6.91719,49.52229],[6.88507,49.56218],[6.88326,49.56213]],[[6.94857,49.39396],[6.96304,49.41636],[6.93752,49.42081],[6.92611,49.41113],[6.9261,49.40235],[6.94857,49.39396]],[[6.87683,49.4119],[6.89222,49.38412],[6.91046,49.39776],[6.89947,49.41241],[6.87775,49.4153],[6.87683,49.4119]]],[[[6.74537,49.41675],[6.74573,49.39158],[6.74225,49.38866],[6.69662,49.41072],[6.69393,49.42179],[6.69979,49.42567],[6.74537,49.41675]]],[[[6.60296,49.43086],[6.61186,49.42778],[6.61698,49.40496],[6.59482,49.39922],[6.57984,49.41035],[6.59015,49.43034],[6.60296,49.43086]]],[[[6.63966,49.41362],[6.64071,49.43037],[6.65871,49.43478],[6.67318,49.42603],[6.64438,49.41327],[6.63966,49.41362]]],[[[6.51875,49.45362],[6.50846,49.45109],[6.48744,49.46187],[6.48851,49.4634],[6.52216,49.47461],[6.51875,49.45362]]]]}},{"type":"Feature","properties":{"id":"office-sergenterie-de-bining","from_year":1600,"to_year":1632,"settlements":11,"place_type":"office"},"geometry":{"type":"MultiPolygon","coordinates":[[[[7.37859,48.98097],[7.34894,48.99002],[7.34652,48.98972],[7.29498,49.02257],[7.28853,49.02012],[7.24215,49.05308],[7.25513,49.05844],[7.27995,49.05845],[7.29779,49.0254],[7.31677,49.03234],[7.32563,49.04793],[7.37298,49.05434],[7.37248,49.04986],[7.38352,49.02345],[7.42818,49.01538],[7.40596,48.98499],[7.37859,48.98097]]],[[[7.17285,49.00163],[7.15737,49.01243],[7.15284,49.02789],[7.09898,49.03584],[7.09649,49.03894],[7.10893,49.04776],[7.12689,49.05136],[7.15751,49.03943],[7.17347,49.06175],[7.187,49.06461],[7.21088,49.09311],[7.22585,49.0933],[7.23323,49.05179],[7.21838,49.0449],[7.21599,49.03267],[7.21877,49.01995],[7.17285,49.00163]]],[[[7.43311,49.01722],[7.39924,49.06043],[7.44712,49.07507],[7.47751,49.05189],[7.43893,49.01796],[7.43311,49.01722]]]]}},{"type":"Feature","properties":{"id":"office-sergenterie-ou-buttelei-de-rimling","from_year":1600,"to_year":1632,"settlements":15,"place_type":"office"},"geometry":{"type":"Polygon","coordinates":[[[7.27995,49.05845],[7.25513,49.05844],[7.24215,49.05308],[7.23323,49.05179],[7.2262,49.09305],[7.2512,49.08365],[7.26764,49.0839],[7.29438,49.09852],[7.29024,49.10447],[7.23619,49.10272],[7.2467,49.13218],[7.26394,49.1375],[7.27812,49.15223],[7.29199,49.15068],[7.34567,49.15774],[7.35042,49.16347],[7.40613,49.14711],[7.40122,49.13944],[7.35501,49.1408],[7.37831,49.11788],[7.3607,49.1105],[7.35338,49.09326],[7.3839,49.08762],[7.3858,49.06208],[7.37599,49.05839],[7.37298,49.05434],[7.32563,49.04793],[7.31677,49.03234],[7.29779,49.0254],[7.27995,49.05845]],[[7.28201,49.0654],[7.31762,49.08364],[7.30634,49.08928],[7.28165,49.06824],[7.28201,49.0654]]]}},{"type":"Feature","properties":{"id":"office-sierck","from_year":1600,"to_year":1632,"settlements":137,"place_type":"office"},"geometry":{"type":"MultiPolygon","coordinates":[[[[6.3393,49.08088],[6.34233,49.0933],[6.42043,49.10915],[6.43645,49.10492],[6.45033,49.09178],[6.46156,49.07023],[6.45866,49.06422],[6.34822,49.07471],[6.3393,49.08088]]],[[[6.26969,49.1531],[6.25524,49.15757],[6.24227,49.16385],[6.22836,49.17458],[6.21995,49.18584],[6.27276,49.22157],[6.27278,49.23691],[6.31012,49.24555],[6.31031,49.25668],[6.32655,49.26125],[6.33711,49.27839],[6.32444,49.28473],[6.26919,49.28212],[6.27796,49.29587],[6.3079,49.31268],[6.32083,49.30745],[6.34947,49.3211],[6.34972,49.32952],[6.35901,49.33165],[6.37689,49.35538],[6.37569,49.35711],[6.32852,49.35486],[6.32465,49.36077],[6.31128,49.36613],[6.29805,49.37993],[6.30104,49.38485],[6.26931,49.41292],[6.24315,49.42026],[6.30699,49.43627],[6.30582,49.45179],[6.34096,49.46185],[6.34363,49.46603],[6.34821,49.47926],[6.33941,49.50299],[6.31905,49.51307],[6.29502,49.53531],[6.2981,49.55263],[6.3067,49.56556],[6.32016,49.5766],[6.3329,49.58318],[6.35248,49.58921],[6.36838,49.59145],[6.38411,49.59164],[6.38772,49.59429],[6.4815,49.59629],[6.50941,49.60134],[6.53089,49.59331],[6.54496,49.58396],[6.56881,49.58086],[6.59239,49.57229],[6.61046,49.55923],[6.62014,49.54541],[6.5666,49.51652],[6.57065,49.49298],[6.55274,49.4878],[6.53871,49.49715],[6.51377,49.48936],[6.52216,49.47461],[6.48851,49.4634],[6.48241,49.48826],[6.46024,49.47337],[6.45707,49.4652],[6.447,49.46456],[6.44152,49.455],[6.42335,49.45143],[6.42192,49.43795],[6.42437,49.43251],[6.43261,49.43081],[6.44706,49.44187],[6.44214,49.45372],[6.47102,49.45019],[6.47254,49.45693],[6.48744,49.46187],[6.50846,49.45109],[6.50566,49.44604],[6.51018,49.43537],[6.53667,49.43075],[6.54175,49.43335],[6.55202,49.43335],[6.56666,49.41168],[6.57984,49.41035],[6.59482,49.39922],[6.61698,49.40496],[6.61186,49.42778],[6.62839,49.4322],[6.64071,49.43037],[6.63966,49.41362],[6.64438,49.41327],[6.65836,49.40739],[6.65999,49.39919],[6.65334,49.39305],[6.66803,49.38361],[6.66565,49.37601],[6.62786,49.36807],[6.63287,49.35023],[6.61441,49.34085],[6.61239,49.33732],[6.59454,49.33146],[6.58091,49.33622],[6.55925,49.32778],[6.56268,49.31633],[6.55316,49.31305],[6.54625,49.29648],[6.5325,49.29876],[6.53589,49.28469],[6.5078,49.29945],[6.51407,49.30217],[6.52608,49.31389],[6.51765,49.33958],[6.51574,49.34033],[6.50512,49.33906],[6.47842,49.30643],[6.47937,49.30365],[6.5049,49.2988],[6.50818,49.28168],[6.49428,49.27172],[6.48208,49.27026],[6.48064,49.25353],[6.48719,49.24968],[6.46894,49.23323],[6.47682,49.22995],[6.47438,49.21559],[6.45849,49.21598],[6.46027,49.19884],[6.45413,49.19755],[6.43169,49.19999],[6.42878,49.1965],[6.42943,49.17857],[6.45039,49.17928],[6.46991,49.17478],[6.46455,49.16302],[6.46075,49.16018],[6.44153,49.16137],[6.4306,49.1526],[6.39289,49.16494],[6.39043,49.16756],[6.37055,49.17342],[6.29758,49.14033],[6.28744,49.14369],[6.26969,49.1531]],[[6.39812,49.23678],[6.38881,49.23186],[6.38693,49.22758],[6.40618,49.21365],[6.4189,49.2133],[6.42478,49.22241],[6.45122,49.22437],[6.45358,49.23336],[6.44569,49.24212],[6.4206,49.23254],[6.39812,49.23678]],[[6.38616,49.44519],[6.41628,49.44104],[6.39238,49.45466],[6.3861,49.45011],[6.38616,49.44519]],[[6.31274,49.42028],[6.28717,49.4127],[6.32067,49.39687],[6.32328,49.39733],[6.34661,49.41115],[6.35308,49.42003],[6.35218,49.42414],[6.34344,49.42856],[6.31825,49.42886],[6.31274,49.42028]],[[6.54612,49.34088],[6.57775,49.35409],[6.55477,49.36831],[6.55001,49.36595],[6.54612,49.34088]]],[[[6.30571,49.32232],[6.29388,49.33284],[6.32803,49.35161],[6.34672,49.33081],[6.30571,49.32232]]],[[[6.14889,49.42758],[6.1396,49.44029],[6.13568,49.45414],[6.13739,49.46818],[6.14462,49.48145],[6.15688,49.49306],[6.17334,49.5022],[6.1892,49.5074],[6.25748,49.45986],[6.23646,49.42075],[6.20372,49.40788],[6.17279,49.41191],[6.16289,49.41687],[6.14889,49.42758]]],[[[6.45964,49.14643],[6.47774,49.13924],[6.46111,49.12996],[6.43996,49.1409],[6.45964,49.14643]]],[[[6.6006,48.9951],[6.58256,48.98495],[6.57268,48.99082],[6.55852,49.00596],[6.57841,49.02255],[6.58934,49.02068],[6.6006,48.9951]]],[[[6.68561,49.32082],[6.65189,49.30874],[6.63086,49.31437],[6.62928,49.31752],[6.64423,49.32552],[6.68561,49.32082]]],[[[6.53291,49.44913],[6.51875,49.45362],[6.52221,49.47458],[6.55312,49.47006],[6.55043,49.46199],[6.53291,49.44913]]]]}},{"type":"Feature","properties":{"id":"office-siersberg","from_year":1600,"to_year":1632,"settlements":29,"place_type":"office"},"geometry":{"type":"MultiPolygon","coordinates":[[[[6.64423,49.32552],[6.62928,49.31752],[6.62419,49.31954],[6.61239,49.33732],[6.61441,49.34085],[6.58269,49.35527],[6.59137,49.36302],[6.57309,49.38464],[6.59073,49.39233],[6.61697,49.37016],[6.62786,49.36807],[6.66565,49.37601],[6.66803,49.38361],[6.65334,49.39305],[6.63827,49.39191],[6.62134,49.40419],[6.63966,49.41362],[6.64438,49.41327],[6.67318,49.42603],[6.65871,49.43478],[6.66023,49.46791],[6.70255,49.45575],[6.72932,49.47157],[6.75091,49.45562],[6.76831,49.46119],[6.78629,49.43218],[6.75851,49.43157],[6.70994,49.44086],[6.69979,49.42567],[6.69393,49.42179],[6.67852,49.42399],[6.65836,49.40739],[6.65999,49.39919],[6.68817,49.40306],[6.69662,49.41072],[6.74225,49.38866],[6.74043,49.38192],[6.74697,49.37505],[6.72857,49.34274],[6.72097,49.34261],[6.69325,49.33862],[6.68851,49.33482],[6.68561,49.32082],[6.64423,49.32552]]],[[[6.57984,49.41035],[6.59015,49.43034],[6.60296,49.43086],[6.61186,49.42778],[6.61698,49.40496],[6.59482,49.39922],[6.57984,49.41035]]],[[[6.60179,49.4663],[6.59432,49.48022],[6.65489,49.49617],[6.65654,49.47099],[6.63256,49.46151],[6.61469,49.46216],[6.60179,49.4663]]],[[[6.52221,49.47458],[6.51377,49.48936],[6.53871,49.49715],[6.55274,49.4878],[6.57065,49.49298],[6.58217,49.48615],[6.58439,49.4816],[6.5672,49.4703],[6.55323,49.4701],[6.52221,49.47458]]],[[[6.51976,49.61267],[6.50941,49.60134],[6.4815,49.59629],[6.38772,49.59429],[6.37689,49.60206],[6.36853,49.61113],[6.36111,49.62803],[6.36309,49.66042],[6.36706,49.67068],[6.37403,49.68024],[6.38375,49.68874],[6.39583,49.69584],[6.40982,49.70128],[6.42518,49.70484],[6.44132,49.70638],[6.4576,49.70585],[6.47341,49.70328],[6.48814,49.69874],[6.50121,49.69243],[6.51213,49.68459],[6.52445,49.66894],[6.52836,49.65155],[6.52477,49.62274],[6.51976,49.61267]]],[[[6.75089,49.20063],[6.73115,49.22041],[6.73749,49.23574],[6.81864,49.24674],[6.82318,49.23208],[6.79306,49.19739],[6.78427,49.19258],[6.75089,49.20063]]],[[[6.7679,49.31321],[6.72787,49.30247],[6.72214,49.30736],[6.74371,49.33157],[6.7679,49.31321]]]]}},{"type":"Feature","properties":{"id":"office-vaudrevange","from_year":1600,"to_year":1632,"settlements":17,"place_type":"office"},"geometry":{"type":"MultiPolygon","coordinates":[[[[6.71957,49.18494],[6.6646,49.19052],[6.64903,49.20276],[6.676,49.22457],[6.69365,49.22712],[6.73115,49.22041],[6.75089,49.20063],[6.71957,49.18494]]],[[[6.73468,49.28608],[6.67554,49.28059],[6.67846,49.29323],[6.65217,49.30273],[6.65189,49.30874],[6.68648,49.32092],[6.68851,49.33482],[6.69325,49.33862],[6.72097,49.34261],[6.72857,49.34274],[6.74697,49.37505],[6.74043,49.38192],[6.74225,49.38866],[6.74573,49.39158],[6.7848,49.40075],[6.80514,49.41536],[6.84906,49.39818],[6.86163,49.3786],[6.8475,49.369],[6.84135,49.36227],[6.84572,49.34288],[6.87704,49.32269],[6.90537,49.31015],[6.90407,49.29667],[6.83663,49.27796],[6.79789,49.29236],[6.74862,49.27401],[6.73468,49.28608]]]]}},{"type":"Feature","properties":{"id":"principality-lixheim","from_year":1600,"to_year":1632,"settlements":28,"place_type":"principality"},"geometry":{"type":"MultiPolygon","coordinates":[[[[7.1788,48.73986],[7.18251,48.73459],[7.21162,48.71779],[7.23157,48.72644],[7.23143,48.72906],[7.2101,48.75306],[7.24003,48.75821],[7.25845,48.75078],[7.32172,48.74503],[7.24169,48.72296],[7.26863,48.68351],[7.25073,48.68298],[7.20802,48.70364],[7.1836,48.69772],[7.17487,48.71204],[7.136,48.7192],[7.1788,48.73986]]],[[[7.11504,48.76657],[7.11327,48.79237],[7.13384,48.79899],[7.13912,48.81719],[7.13703,48.82225],[7.14411,48.83501],[7.15343,48.8366],[7.18015,48.85527],[7.21145,48.84952],[7.21269,48.84744],[7.20588,48.83184],[7.22453,48.82099],[7.21752,48.80382],[7.20322,48.79851],[7.19071,48.80312],[7.17751,48.79531],[7.17512,48.78401],[7.18216,48.77855],[7.17614,48.7636],[7.18226,48.74804],[7.17998,48.74641],[7.13433,48.75577],[7.13298,48.75786],[7.11504,48.76657]]],[[[7.01942,48.78722],[7.04209,48.78009],[7.04074,48.76239],[7.02983,48.75683],[6.99427,48.77549],[7.01942,48.78722]]],[[[7.03754,48.81479],[7.04157,48.81812],[7.08523,48.81473],[7.08548,48.81073],[7.0584,48.79444],[7.0408,48.8084],[7.03754,48.81479]]],[[[7.09113,48.86663],[7.10676,48.88006],[7.12435,48.88063],[7.13965,48.86747],[7.13391,48.84699],[7.10061,48.84894],[7.09113,48.86663]]],[[[6.88327,48.9786],[6.8929,48.99554],[6.90203,48.99522],[6.92229,48.98986],[6.94325,48.99668],[6.95779,48.99064],[6.95533,48.98049],[6.97286,48.96634],[6.95947,48.95761],[6.95269,48.95724],[6.94194,48.97108],[6.92299,48.97358],[6.91731,48.96006],[6.9015,48.95365],[6.8884,48.96692],[6.88327,48.9786]]],[[[7.0551,49.09365],[7.05038,49.07032],[7.0652,49.05784],[7.06596,49.04417],[7.06412,49.04339],[7.01006,49.04432],[7.00871,49.05731],[7.0255,49.07021],[7.01825,49.09182],[7.02875,49.09727],[7.04808,49.0967],[7.0551,49.09365]]],[[[7.35679,48.77692],[7.3399,48.7674],[7.30204,48.78119],[7.28453,48.79308],[7.27858,48.8068],[7.25924,48.82002],[7.32032,48.84723],[7.32725,48.85151],[7.33574,48.85332],[7.35679,48.77692]]],[[[7.26267,48.98727],[7.26175,49.00465],[7.28853,49.02012],[7.29498,49.02257],[7.34652,48.98972],[7.31485,48.96946],[7.27066,48.97405],[7.26267,48.98727]]],[[[7.49437,49.13621],[7.50488,49.14249],[7.52531,49.13651],[7.51585,49.11398],[7.49437,49.13621]]]]}},{"type":"Feature","properties":{"id":"provostship-amance","from_year":1600,"to_year":1632,"settlements":10,"place_type":"provostship"},"geometry":{"type":"MultiPolygon","coordinates":[[[[6.47191,48.81166],[6.45755,48.82048],[6.44918,48.82343],[6.43724,48.83645],[6.46298,48.87849],[6.45041,48.89904],[6.4575,48.92992],[6.46951,48.93593],[6.52653,48.94031],[6.52972,48.92965],[6.52225,48.91539],[6.46785,48.87839],[6.49717,48.87361],[6.54141,48.89456],[6.57058,48.87502],[6.55837,48.86728],[6.57124,48.84851],[6.55331,48.8335],[6.53392,48.83461],[6.52122,48.80308],[6.52254,48.80187],[6.50129,48.7651],[6.48294,48.76905],[6.47191,48.81166]]],[[[6.54974,48.94686],[6.53282,48.9452],[6.53192,48.9471],[6.54459,48.98045],[6.56625,48.97286],[6.55912,48.9523],[6.54974,48.94686]]],[[[6.54376,48.98141],[6.53245,48.98864],[6.54632,49.00383],[6.55852,49.00596],[6.57268,48.99082],[6.54376,48.98141]]],[[[6.37773,49.04111],[6.34822,49.07471],[6.45866,49.06422],[6.46141,49.04446],[6.40355,49.03521],[6.37773,49.04111]]]]}},{"type":"Feature","properties":{"id":"provostship-eblange","from_year":1600,"to_year":1632,"settlements":4,"place_type":"provostship"},"geometry":{"type":"MultiPolygon","coordinates":[[[[6.57533,49.24428],[6.58387,49.24046],[6.58652,49.23384],[6.5807,49.21727],[6.55461,49.21337],[6.54637,49.21823],[6.53977,49.22646],[6.5536,49.24497],[6.57533,49.24428]]],[[[6.4457,49.24718],[6.44569,49.24212],[6.4206,49.23254],[6.40218,49.23648],[6.4174,49.24374],[6.43824,49.24931],[6.4457,49.24718]]],[[[6.50818,49.28168],[6.53465,49.26944],[6.53669,49.26503],[6.53356,49.25962],[6.52256,49.25586],[6.5193,49.25599],[6.48958,49.24906],[6.48064,49.25353],[6.48208,49.27026],[6.49428,49.27172],[6.50818,49.28168]]]]}},{"type":"Feature","properties":{"id":"provostship-insming","from_year":1600,"to_year":1632,"settlements":9,"place_type":"provostship"},"geometry":{"type":"MultiPolygon","coordinates":[[[[6.95844,48.92622],[6.93942,48.92991],[6.93419,48.93477],[6.89835,48.94095],[6.9015,48.95365],[6.91731,48.96006],[6.95069,48.95645],[6.95947,48.95761],[6.9749,48.94198],[6.95844,48.92622]]],[[[6.8884,48.96692],[6.86309,48.95769],[6.86462,48.94452],[6.83479,48.94226],[6.82872,48.9459],[6.83008,48.95957],[6.81896,48.97115],[6.8149,48.97973],[6.80732,48.98278],[6.80079,48.99142],[6.80628,49.00857],[6.80842,49.01085],[6.82453,49.01315],[6.84476,48.99163],[6.87246,49.00671],[6.8838,49.00383],[6.9094,49.03165],[6.91847,49.03267],[6.92282,49.01128],[6.90203,48.99522],[6.8929,48.99554],[6.88327,48.9786],[6.8884,48.96692]]],[[[7.24215,49.05308],[7.25513,49.05844],[7.27995,49.05845],[7.29779,49.0254],[7.29498,49.02257],[7.28853,49.02012],[7.24215,49.05308]]]]}},{"type":"Feature","properties":{"id":"provostship-ketternostern","from_year":1600,"to_year":1632,"settlements":11,"place_type":"provostship"},"geometry":{"type":"Polygon","coordinates":[[[7.34516,49.55822],[7.35668,49.55077],[7.36575,49.54199],[7.372,49.53224],[7.37521,49.52187],[7.37525,49.51129],[7.37212,49.50091],[7.36325,49.48807],[7.34552,49.47481],[7.31564,49.4604],[7.30246,49.45605],[7.23517,49.46827],[7.21896,49.48661],[7.22056,49.49321],[7.23732,49.5095],[7.2426,49.53597],[7.21228,49.55189],[7.1758,49.55281],[7.17274,49.55378],[7.18251,49.58057],[7.14204,49.62531],[7.16833,49.61863],[7.22515,49.60905],[7.22781,49.65646],[7.28387,49.66185],[7.31613,49.65051],[7.3256,49.64146],[7.33187,49.6317],[7.3351,49.62134],[7.33445,49.60726],[7.32823,49.59377],[7.31728,49.58215],[7.32374,49.57467],[7.32891,49.56493],[7.34516,49.55822]]]}},{"type":"Feature","properties":{"id":"provostship-marsal","from_year":1600,"to_year":1632,"settlements":4,"place_type":"provostship"},"geometry":{"type":"MultiPolygon","coordinates":[[[[6.61014,48.71102],[6.58864,48.73505],[6.60615,48.74665],[6.63362,48.73714],[6.63464,48.73296],[6.61014,48.71102]]],[[[6.71149,48.74032],[6.67914,48.73731],[6.65909,48.75018],[6.65041,48.74915],[6.62188,48.77131],[6.6422,48.78446],[6.67258,48.77328],[6.67452,48.76955],[6.70345,48.75892],[6.7139,48.74189],[6.71149,48.74032]]],[[[6.57059,48.7991],[6.57964,48.81389],[6.6057,48.82102],[6.62623,48.79796],[6.58199,48.78956],[6.57059,48.7991]]]]}},{"type":"Feature","properties":{"id":"provostship-oberkirchen","from_year":1600,"to_year":1632,"settlements":1,"place_type":"provostship"},"geometry":{"type":"Polygon","coordinates":[[[7.29597,49.54766],[7.27948,49.52372],[7.23732,49.5095],[7.2426,49.53597],[7.29597,49.54766]]]}},{"type":"Feature","properties":{"id":"provostship-remich","from_year":1600,"to_year":1632,"settlements":2,"place_type":"provostship"},"geometry":{"type":"MultiPolygon","coordinates":[[[[6.44152,49.455],[6.44214,49.45372],[6.44706,49.44187],[6.43261,49.43081],[6.42437,49.43251],[6.42192,49.43795],[6.42335,49.45143],[6.44152,49.455]]],[[[6.42137,49.45452],[6.39931,49.46146],[6.4199,49.48022],[6.43329,49.46885],[6.42137,49.45452]]]]}},{"type":"Feature","properties":{"id":"provostship-rurale-de-sierck","from_year":1600,"to_year":1632,"settlements":22,"place_type":"provostship"},"geometry":{"type":"MultiPolygon","coordinates":[[[[6.42676,49.27702],[6.41974,49.2836],[6.37157,49.28575],[6.37412,49.29813],[6.36218,49.30478],[6.32563,49.30107],[6.32083,49.30745],[6.34947,49.3211],[6.34972,49.32952],[6.35901,49.33165],[6.37562,49.32878],[6.39704,49.34207],[6.39514,49.34732],[6.41963,49.35703],[6.40435,49.37667],[6.4155,49.38472],[6.43537,49.38263],[6.45794,49.386],[6.46369,49.38011],[6.45394,49.3616],[6.47433,49.35535],[6.43796,49.34912],[6.44091,49.34213],[6.48075,49.35057],[6.49317,49.34216],[6.50512,49.33906],[6.47842,49.30643],[6.47937,49.30365],[6.46484,49.28797],[6.45994,49.28739],[6.4305,49.27698],[6.45046,49.26141],[6.47195,49.276],[6.48208,49.27026],[6.48064,49.25353],[6.48719,49.24968],[6.46894,49.23323],[6.45358,49.23336],[6.44569,49.24212],[6.4206,49.23254],[6.40218,49.23648],[6.4174,49.24374],[6.43824,49.24931],[6.4115,49.26157],[6.42676,49.27702]],[[6.40492,49.32052],[6.42884,49.30689],[6.44127,49.31245],[6.43588,49.33427],[6.41337,49.33058],[6.40492,49.32052]]],[[[6.32465,49.36077],[6.35237,49.38184],[6.36472,49.3825],[6.38009,49.37302],[6.37569,49.35711],[6.32852,49.35486],[6.32465,49.36077]]],[[[6.36556,49.44714],[6.36832,49.43018],[6.35218,49.42414],[6.34344,49.42856],[6.34454,49.4551],[6.36556,49.44714]]],[[[6.55852,49.00596],[6.57841,49.02255],[6.58934,49.02068],[6.6006,48.9951],[6.58256,48.98495],[6.57268,48.99082],[6.55852,49.00596]]],[[[6.39944,49.41636],[6.40308,49.42677],[6.42437,49.43251],[6.43261,49.43081],[6.44102,49.42398],[6.43522,49.40929],[6.41369,49.40048],[6.39944,49.41636]]]]}},{"type":"Feature","properties":{"id":"provostship-sarrebourg","from_year":1600,"to_year":1632,"settlements":10,"place_type":"provostship"},"geometry":{"type":"MultiPolygon","coordinates":[[[[7.01392,48.66357],[7.01335,48.66863],[6.99686,48.68292],[7.02249,48.6958],[7.02279,48.70177],[7.00721,48.70977],[6.98483,48.70936],[6.97052,48.72331],[6.98669,48.73879],[6.996,48.74067],[7.01476,48.73969],[7.02175,48.74151],[7.0529,48.71502],[7.05772,48.71469],[7.07403,48.70561],[7.08503,48.70865],[7.1115,48.73214],[7.11636,48.7322],[7.13581,48.71993],[7.13274,48.69987],[7.1379,48.68825],[7.1413,48.68668],[7.14399,48.67983],[7.14366,48.67098],[7.12169,48.64739],[7.10441,48.65249],[7.08351,48.67639],[7.07593,48.67801],[7.06556,48.67464],[7.04242,48.64694],[7.03369,48.64956],[7.01392,48.66357]]],[[[6.98052,48.70311],[6.98327,48.68824],[6.9624,48.68783],[6.95119,48.6987],[6.98052,48.70311]]],[[[6.98475,48.77576],[6.95804,48.78284],[7.0059,48.80204],[7.01895,48.7901],[7.01942,48.78722],[6.99427,48.77549],[6.98475,48.77576]]]]}},{"type":"Feature","properties":{"id":"provostship-thionville","from_year":1600,"to_year":1632,"settlements":37,"place_type":"provostship"},"geometry":{"type":"MultiPolygon","coordinates":[[[[6.15101,49.23472],[6.13867,49.24153],[6.12333,49.25595],[6.11589,49.27283],[6.11553,49.29399],[6.10532,49.30422],[6.12967,49.3363],[6.12803,49.40514],[6.14807,49.41035],[6.1641,49.41194],[6.17279,49.41191],[6.20372,49.40788],[6.23646,49.42075],[6.24315,49.42026],[6.26931,49.41292],[6.28717,49.4127],[6.31274,49.42028],[6.31825,49.42886],[6.34344,49.42856],[6.35218,49.42414],[6.35308,49.42003],[6.34661,49.41115],[6.32328,49.39733],[6.35237,49.38184],[6.32465,49.36077],[6.32852,49.35486],[6.37569,49.35711],[6.37689,49.35538],[6.39514,49.34732],[6.39704,49.34207],[6.37562,49.32878],[6.35901,49.33165],[6.34972,49.32952],[6.34947,49.3211],[6.32083,49.30745],[6.32563,49.30107],[6.32444,49.28473],[6.33711,49.27839],[6.32655,49.26125],[6.31031,49.25668],[6.31012,49.24555],[6.27278,49.23691],[6.26529,49.25162],[6.16343,49.22975],[6.15101,49.23472]],[[6.2497,49.33614],[6.25659,49.32265],[6.27018,49.32054],[6.29388,49.33284],[6.27428,49.34771],[6.26704,49.34952],[6.2497,49.33614]],[[6.26063,49.28107],[6.24525,49.31633],[6.20882,49.31845],[6.22549,49.28849],[6.23735,49.28134],[6.26063,49.28107]]],[[[7.31762,49.08364],[7.32999,49.07758],[7.32191,49.06703],[7.28249,49.06095],[7.28201,49.0654],[7.31762,49.08364]]],[[[6.57636,49.08978],[6.57438,49.1123],[6.60903,49.116],[6.62695,49.10332],[6.61882,49.09499],[6.5857,49.08503],[6.57636,49.08978]]],[[[6.49399,49.14341],[6.52295,49.14058],[6.53156,49.12817],[6.50947,49.11147],[6.50521,49.11153],[6.49671,49.11546],[6.48677,49.12867],[6.45398,49.1176],[6.43645,49.10492],[6.42043,49.10915],[6.42337,49.12774],[6.43711,49.14049],[6.43996,49.1409],[6.46111,49.12996],[6.47774,49.13924],[6.48531,49.13836],[6.49399,49.14341]]],[[[6.42437,49.43251],[6.42192,49.43795],[6.42335,49.45143],[6.44152,49.455],[6.44706,49.44187],[6.43261,49.43081],[6.42437,49.43251]]],[[[6.39238,49.45466],[6.41628,49.44104],[6.38616,49.44519],[6.38629,49.45039],[6.39238,49.45466]]],[[[6.39931,49.46146],[6.4199,49.48022],[6.43329,49.46885],[6.42137,49.45452],[6.39931,49.46146]]]]}},{"type":"Feature","properties":{"id":"saargau","from_year":1600,"to_year":1632,"settlements":17,"place_type":"condominium"},"geometry":{"type":"Polygon","coordinates":[[[6.55202,49.43335],[6.54175,49.43335],[6.53667,49.43075],[6.51018,49.43537],[6.50566,49.44604],[6.50846,49.45109],[6.48744,49.46187],[6.47254,49.45693],[6.45707,49.4652],[6.46024,49.47337],[6.48241,49.48826],[6.48851,49.4634],[6.52216,49.47461],[6.55312,49.47006],[6.5672,49.4703],[6.58439,49.4816],[6.59432,49.48022],[6.65489,49.49617],[6.65654,49.47099],[6.66023,49.46791],[6.65871,49.43478],[6.64071,49.43037],[6.62839,49.4322],[6.61186,49.42778],[6.61698,49.40496],[6.59482,49.39922],[6.57984,49.41035],[6.56666,49.41168],[6.55202,49.43335]]]}}]}